timestamp,zone,consumption_kwh,temperature,occupancy,is_weekend
2026-05-30 00:00:00,HVAC,28.27,22.2,0.05,True
2026-05-30 00:00:00,Lighting,12.87,22.2,0.05,True
2026-05-30 00:00:00,Labs,0.0,22.2,0.05,True
2026-05-30 00:00:00,Server Room,22.66,22.2,0.05,True
2026-05-30 00:00:00,Classrooms,9.8,22.2,0.05,True
2026-05-30 01:00:00,HVAC,17.23,19.5,0.04,True
2026-05-30 01:00:00,Lighting,5.19,19.5,0.04,True
2026-05-30 01:00:00,Labs,5.77,19.5,0.04,True
2026-05-30 01:00:00,Server Room,27.89,19.5,0.04,True
2026-05-30 01:00:00,Classrooms,8.54,19.5,0.04,True
2026-05-30 02:00:00,HVAC,16.57,18.3,0.15,True
2026-05-30 02:00:00,Lighting,13.63,18.3,0.15,True
2026-05-30 02:00:00,Labs,5.85,18.3,0.15,True
2026-05-30 02:00:00,Server Room,15.11,18.3,0.15,True
2026-05-30 02:00:00,Classrooms,4.71,18.3,0.15,True
2026-05-30 03:00:00,HVAC,25.75,19.7,0.18,True
2026-05-30 03:00:00,Lighting,11.4,19.7,0.18,True
2026-05-30 03:00:00,Labs,7.29,19.7,0.18,True
2026-05-30 03:00:00,Server Room,25.59,19.7,0.18,True
2026-05-30 03:00:00,Classrooms,6.39,19.7,0.18,True
2026-05-30 04:00:00,HVAC,19.24,18.9,0.08,True
2026-05-30 04:00:00,Lighting,9.16,18.9,0.08,True
2026-05-30 04:00:00,Labs,3.33,18.9,0.08,True
2026-05-30 04:00:00,Server Room,25.96,18.9,0.08,True
2026-05-30 04:00:00,Classrooms,3.88,18.9,0.08,True
2026-05-30 05:00:00,HVAC,23.27,19.8,0.11,True
2026-05-30 05:00:00,Lighting,13.9,19.8,0.11,True
2026-05-30 05:00:00,Labs,1.3,19.8,0.11,True
2026-05-30 05:00:00,Server Room,28.05,19.8,0.11,True
2026-05-30 05:00:00,Classrooms,6.07,19.8,0.11,True
2026-05-30 06:00:00,HVAC,26.1,20.1,0.17,True
2026-05-30 06:00:00,Lighting,11.75,20.1,0.17,True
2026-05-30 06:00:00,Labs,4.0,20.1,0.17,True
2026-05-30 06:00:00,Server Room,24.35,20.1,0.17,True
2026-05-30 06:00:00,Classrooms,6.84,20.1,0.17,True
2026-05-30 07:00:00,HVAC,45.11,24.3,0.09,True
2026-05-30 07:00:00,Lighting,6.95,24.3,0.09,True
2026-05-30 07:00:00,Labs,2.3,24.3,0.09,True
2026-05-30 07:00:00,Server Room,27.19,24.3,0.09,True
2026-05-30 07:00:00,Classrooms,5.31,24.3,0.09,True
2026-05-30 08:00:00,HVAC,52.08,25.5,0.11,True
2026-05-30 08:00:00,Lighting,10.78,25.5,0.11,True
2026-05-30 08:00:00,Labs,10.52,25.5,0.11,True
2026-05-30 08:00:00,Server Room,23.46,25.5,0.11,True
2026-05-30 08:00:00,Classrooms,3.16,25.5,0.11,True
2026-05-30 09:00:00,HVAC,54.15,26.8,0.05,True
2026-05-30 09:00:00,Lighting,5.11,26.8,0.05,True
2026-05-30 09:00:00,Labs,4.55,26.8,0.05,True
2026-05-30 09:00:00,Server Room,23.14,26.8,0.05,True
2026-05-30 09:00:00,Classrooms,0.14,26.8,0.05,True
2026-05-30 10:00:00,HVAC,75.49,30.6,0.07,True
2026-05-30 10:00:00,Lighting,5.03,30.6,0.07,True
2026-05-30 10:00:00,Labs,3.93,30.6,0.07,True
2026-05-30 10:00:00,Server Room,29.4,30.6,0.07,True
2026-05-30 10:00:00,Classrooms,2.34,30.6,0.07,True
2026-05-30 11:00:00,HVAC,66.72,29.1,0.14,True
2026-05-30 11:00:00,Lighting,11.01,29.1,0.14,True
2026-05-30 11:00:00,Labs,6.31,29.1,0.14,True
2026-05-30 11:00:00,Server Room,26.69,29.1,0.14,True
2026-05-30 11:00:00,Classrooms,4.33,29.1,0.14,True
2026-05-30 12:00:00,HVAC,74.11,30.7,0.05,True
2026-05-30 12:00:00,Lighting,14.13,30.7,0.05,True
2026-05-30 12:00:00,Labs,10.53,30.7,0.05,True
2026-05-30 12:00:00,Server Room,26.38,30.7,0.05,True
2026-05-30 12:00:00,Classrooms,5.43,30.7,0.05,True
2026-05-30 13:00:00,HVAC,80.84,30.8,0.13,True
2026-05-30 13:00:00,Lighting,14.58,30.8,0.13,True
2026-05-30 13:00:00,Labs,6.06,30.8,0.13,True
2026-05-30 13:00:00,Server Room,22.93,30.8,0.13,True
2026-05-30 13:00:00,Classrooms,3.55,30.8,0.13,True
2026-05-30 14:00:00,HVAC,81.26,31.1,0.18,True
2026-05-30 14:00:00,Lighting,9.29,31.1,0.18,True
2026-05-30 14:00:00,Labs,9.05,31.1,0.18,True
2026-05-30 14:00:00,Server Room,19.56,31.1,0.18,True
2026-05-30 14:00:00,Classrooms,4.77,31.1,0.18,True
2026-05-30 15:00:00,HVAC,81.56,32.1,0.07,True
2026-05-30 15:00:00,Lighting,11.12,32.1,0.07,True
2026-05-30 15:00:00,Labs,5.18,32.1,0.07,True
2026-05-30 15:00:00,Server Room,26.77,32.1,0.07,True
2026-05-30 15:00:00,Classrooms,0.19,32.1,0.07,True
2026-05-30 16:00:00,HVAC,75.76,29.6,0.2,True
2026-05-30 16:00:00,Lighting,15.6,29.6,0.2,True
2026-05-30 16:00:00,Labs,9.88,29.6,0.2,True
2026-05-30 16:00:00,Server Room,27.39,29.6,0.2,True
2026-05-30 16:00:00,Classrooms,10.06,29.6,0.2,True
2026-05-30 17:00:00,HVAC,97.41,32.9,0.04,True
2026-05-30 17:00:00,Lighting,9.43,32.9,0.04,True
2026-05-30 17:00:00,Labs,2.02,32.9,0.04,True
2026-05-30 17:00:00,Server Room,30.2,32.9,0.04,True
2026-05-30 17:00:00,Classrooms,3.09,32.9,0.04,True
2026-05-30 18:00:00,HVAC,77.01,31.3,0.19,True
2026-05-30 18:00:00,Lighting,13.4,31.3,0.19,True
2026-05-30 18:00:00,Labs,4.1,31.3,0.19,True
2026-05-30 18:00:00,Server Room,31.01,31.3,0.19,True
2026-05-30 18:00:00,Classrooms,1.56,31.3,0.19,True
2026-05-30 19:00:00,HVAC,62.48,27.4,0.18,True
2026-05-30 19:00:00,Lighting,16.08,27.4,0.18,True
2026-05-30 19:00:00,Labs,1.17,27.4,0.18,True
2026-05-30 19:00:00,Server Room,19.83,27.4,0.18,True
2026-05-30 19:00:00,Classrooms,0.0,27.4,0.18,True
2026-05-30 20:00:00,HVAC,63.6,27.1,0.06,True
2026-05-30 20:00:00,Lighting,11.14,27.1,0.06,True
2026-05-30 20:00:00,Labs,2.5,27.1,0.06,True
2026-05-30 20:00:00,Server Room,21.17,27.1,0.06,True
2026-05-30 20:00:00,Classrooms,2.01,27.1,0.06,True
2026-05-30 21:00:00,HVAC,61.21,27.3,0.15,True
2026-05-30 21:00:00,Lighting,18.41,27.3,0.15,True
2026-05-30 21:00:00,Labs,10.08,27.3,0.15,True
2026-05-30 21:00:00,Server Room,26.68,27.3,0.15,True
2026-05-30 21:00:00,Classrooms,4.79,27.3,0.15,True
2026-05-30 22:00:00,HVAC,39.59,23.3,0.02,True
2026-05-30 22:00:00,Lighting,14.26,23.3,0.02,True
2026-05-30 22:00:00,Labs,0.42,23.3,0.02,True
2026-05-30 22:00:00,Server Room,23.52,23.3,0.02,True
2026-05-30 22:00:00,Classrooms,6.51,23.3,0.02,True
2026-05-30 23:00:00,HVAC,36.6,23.3,0.04,True
2026-05-30 23:00:00,Lighting,11.04,23.3,0.04,True
2026-05-30 23:00:00,Labs,5.27,23.3,0.04,True
2026-05-30 23:00:00,Server Room,26.57,23.3,0.04,True
2026-05-30 23:00:00,Classrooms,3.35,23.3,0.04,True
2026-05-31 00:00:00,HVAC,20.25,19.4,0.13,True
2026-05-31 00:00:00,Lighting,13.44,19.4,0.13,True
2026-05-31 00:00:00,Labs,3.16,19.4,0.13,True
2026-05-31 00:00:00,Server Room,30.45,19.4,0.13,True
2026-05-31 00:00:00,Classrooms,3.05,19.4,0.13,True
2026-05-31 01:00:00,HVAC,35.93,22.8,0.15,True
2026-05-31 01:00:00,Lighting,14.94,22.8,0.15,True
2026-05-31 01:00:00,Labs,6.32,22.8,0.15,True
2026-05-31 01:00:00,Server Room,25.33,22.8,0.15,True
2026-05-31 01:00:00,Classrooms,2.51,22.8,0.15,True
2026-05-31 02:00:00,HVAC,5.04,16.9,0.12,True
2026-05-31 02:00:00,Lighting,15.99,16.9,0.12,True
2026-05-31 02:00:00,Labs,6.76,16.9,0.12,True
2026-05-31 02:00:00,Server Room,22.59,16.9,0.12,True
2026-05-31 02:00:00,Classrooms,7.35,16.9,0.12,True
2026-05-31 03:00:00,HVAC,33.53,22.6,0.1,True
2026-05-31 03:00:00,Lighting,9.97,22.6,0.1,True
2026-05-31 03:00:00,Labs,3.95,22.6,0.1,True
2026-05-31 03:00:00,Server Room,21.23,22.6,0.1,True
2026-05-31 03:00:00,Classrooms,9.42,22.6,0.1,True
2026-05-31 04:00:00,HVAC,30.93,21.1,0.16,True
2026-05-31 04:00:00,Lighting,13.5,21.1,0.16,True
2026-05-31 04:00:00,Labs,8.6,21.1,0.16,True
2026-05-31 04:00:00,Server Room,33.52,21.1,0.16,True
2026-05-31 04:00:00,Classrooms,0.76,21.1,0.16,True
2026-05-31 05:00:00,HVAC,39.14,22.9,0.14,True
2026-05-31 05:00:00,Lighting,13.2,22.9,0.14,True
2026-05-31 05:00:00,Labs,7.98,22.9,0.14,True
2026-05-31 05:00:00,Server Room,24.86,22.9,0.14,True
2026-05-31 05:00:00,Classrooms,5.66,22.9,0.14,True
2026-05-31 06:00:00,HVAC,27.6,21.2,0.1,True
2026-05-31 06:00:00,Lighting,10.28,21.2,0.1,True
2026-05-31 06:00:00,Labs,4.41,21.2,0.1,True
2026-05-31 06:00:00,Server Room,22.18,21.2,0.1,True
2026-05-31 06:00:00,Classrooms,9.31,21.2,0.1,True
2026-05-31 07:00:00,HVAC,49.84,26.2,0.03,True
2026-05-31 07:00:00,Lighting,8.52,26.2,0.03,True
2026-05-31 07:00:00,Labs,2.56,26.2,0.03,True
2026-05-31 07:00:00,Server Room,23.81,26.2,0.03,True
2026-05-31 07:00:00,Classrooms,7.45,26.2,0.03,True
2026-05-31 08:00:00,HVAC,56.93,26.4,0.15,True
2026-05-31 08:00:00,Lighting,11.04,26.4,0.15,True
2026-05-31 08:00:00,Labs,0.0,26.4,0.15,True
2026-05-31 08:00:00,Server Room,25.52,26.4,0.15,True
2026-05-31 08:00:00,Classrooms,6.2,26.4,0.15,True
2026-05-31 09:00:00,HVAC,43.73,25.0,0.07,True
2026-05-31 09:00:00,Lighting,5.84,25.0,0.07,True
2026-05-31 09:00:00,Labs,5.16,25.0,0.07,True
2026-05-31 09:00:00,Server Room,25.11,25.0,0.07,True
2026-05-31 09:00:00,Classrooms,8.08,25.0,0.07,True
2026-05-31 10:00:00,HVAC,59.43,27.2,0.12,True
2026-05-31 10:00:00,Lighting,10.9,27.2,0.12,True
2026-05-31 10:00:00,Labs,11.8,27.2,0.12,True
2026-05-31 10:00:00,Server Room,23.82,27.2,0.12,True
2026-05-31 10:00:00,Classrooms,2.7,27.2,0.12,True
2026-05-31 11:00:00,HVAC,76.96,31.3,0.01,True
2026-05-31 11:00:00,Lighting,8.29,31.3,0.01,True
2026-05-31 11:00:00,Labs,6.75,31.3,0.01,True
2026-05-31 11:00:00,Server Room,25.97,31.3,0.01,True
2026-05-31 11:00:00,Classrooms,3.51,31.3,0.01,True
2026-05-31 12:00:00,HVAC,77.32,31.4,0.09,True
2026-05-31 12:00:00,Lighting,9.61,31.4,0.09,True
2026-05-31 12:00:00,Labs,0.0,31.4,0.09,True
2026-05-31 12:00:00,Server Room,11.83,31.4,0.09,True
2026-05-31 12:00:00,Classrooms,6.97,31.4,0.09,True
2026-05-31 13:00:00,HVAC,73.26,30.0,0.13,True
2026-05-31 13:00:00,Lighting,10.12,30.0,0.13,True
2026-05-31 13:00:00,Labs,7.96,30.0,0.13,True
2026-05-31 13:00:00,Server Room,24.05,30.0,0.13,True
2026-05-31 13:00:00,Classrooms,6.11,30.0,0.13,True
2026-05-31 14:00:00,HVAC,84.54,32.2,0.03,True
2026-05-31 14:00:00,Lighting,12.72,32.2,0.03,True
2026-05-31 14:00:00,Labs,0.38,32.2,0.03,True
2026-05-31 14:00:00,Server Room,24.03,32.2,0.03,True
2026-05-31 14:00:00,Classrooms,1.67,32.2,0.03,True
2026-05-31 15:00:00,HVAC,79.96,31.1,0.19,True
2026-05-31 15:00:00,Lighting,13.1,31.1,0.19,True
2026-05-31 15:00:00,Labs,5.19,31.1,0.19,True
2026-05-31 15:00:00,Server Room,30.31,31.1,0.19,True
2026-05-31 15:00:00,Classrooms,3.55,31.1,0.19,True
2026-05-31 16:00:00,HVAC,62.09,27.7,0.07,True
2026-05-31 16:00:00,Lighting,12.06,27.7,0.07,True
2026-05-31 16:00:00,Labs,4.37,27.7,0.07,True
2026-05-31 16:00:00,Server Room,23.69,27.7,0.07,True
2026-05-31 16:00:00,Classrooms,6.75,27.7,0.07,True
2026-05-31 17:00:00,HVAC,73.08,29.5,0.03,True
2026-05-31 17:00:00,Lighting,12.94,29.5,0.03,True
2026-05-31 17:00:00,Labs,7.28,29.5,0.03,True
2026-05-31 17:00:00,Server Room,27.86,29.5,0.03,True
2026-05-31 17:00:00,Classrooms,2.37,29.5,0.03,True
2026-05-31 18:00:00,HVAC,82.36,31.3,0.16,True
2026-05-31 18:00:00,Lighting,16.88,31.3,0.16,True
2026-05-31 18:00:00,Labs,6.09,31.3,0.16,True
2026-05-31 18:00:00,Server Room,21.81,31.3,0.16,True
2026-05-31 18:00:00,Classrooms,5.9,31.3,0.16,True
2026-05-31 19:00:00,HVAC,54.99,25.6,0.03,True
2026-05-31 19:00:00,Lighting,10.0,25.6,0.03,True
2026-05-31 19:00:00,Labs,5.03,25.6,0.03,True
2026-05-31 19:00:00,Server Room,26.66,25.6,0.03,True
2026-05-31 19:00:00,Classrooms,2.29,25.6,0.03,True
2026-05-31 20:00:00,HVAC,66.17,27.7,0.17,True
2026-05-31 20:00:00,Lighting,18.17,27.7,0.17,True
2026-05-31 20:00:00,Labs,5.0,27.7,0.17,True
2026-05-31 20:00:00,Server Room,29.0,27.7,0.17,True
2026-05-31 20:00:00,Classrooms,0.76,27.7,0.17,True
2026-05-31 21:00:00,HVAC,53.38,25.7,0.11,True
2026-05-31 21:00:00,Lighting,11.68,25.7,0.11,True
2026-05-31 21:00:00,Labs,2.78,25.7,0.11,True
2026-05-31 21:00:00,Server Room,19.47,25.7,0.11,True
2026-05-31 21:00:00,Classrooms,11.28,25.7,0.11,True
2026-05-31 22:00:00,HVAC,36.66,23.3,0.13,True
2026-05-31 22:00:00,Lighting,10.18,23.3,0.13,True
2026-05-31 22:00:00,Labs,4.35,23.3,0.13,True
2026-05-31 22:00:00,Server Room,23.26,23.3,0.13,True
2026-05-31 22:00:00,Classrooms,6.19,23.3,0.13,True
2026-05-31 23:00:00,HVAC,28.31,21.0,0.1,True
2026-05-31 23:00:00,Lighting,10.47,21.0,0.1,True
2026-05-31 23:00:00,Labs,4.56,21.0,0.1,True
2026-05-31 23:00:00,Server Room,22.67,21.0,0.1,True
2026-05-31 23:00:00,Classrooms,0.97,21.0,0.1,True
2026-06-01 00:00:00,HVAC,24.67,19.6,0.18,False
2026-06-01 00:00:00,Lighting,14.96,19.6,0.18,False
2026-06-01 00:00:00,Labs,6.91,19.6,0.18,False
2026-06-01 00:00:00,Server Room,20.59,19.6,0.18,False
2026-06-01 00:00:00,Classrooms,7.87,19.6,0.18,False
2026-06-01 01:00:00,HVAC,16.27,18.0,0.23,False
2026-06-01 01:00:00,Lighting,17.22,18.0,0.23,False
2026-06-01 01:00:00,Labs,9.17,18.0,0.23,False
2026-06-01 01:00:00,Server Room,20.79,18.0,0.23,False
2026-06-01 01:00:00,Classrooms,7.86,18.0,0.23,False
2026-06-01 02:00:00,HVAC,20.86,19.6,0.16,False
2026-06-01 02:00:00,Lighting,10.88,19.6,0.16,False
2026-06-01 02:00:00,Labs,5.87,19.6,0.16,False
2026-06-01 02:00:00,Server Room,25.59,19.6,0.16,False
2026-06-01 02:00:00,Classrooms,9.54,19.6,0.16,False
2026-06-01 03:00:00,HVAC,23.26,18.6,0.21,False
2026-06-01 03:00:00,Lighting,13.25,18.6,0.21,False
2026-06-01 03:00:00,Labs,13.52,18.6,0.21,False
2026-06-01 03:00:00,Server Room,24.53,18.6,0.21,False
2026-06-01 03:00:00,Classrooms,8.68,18.6,0.21,False
2026-06-01 04:00:00,HVAC,36.52,22.0,0.11,False
2026-06-01 04:00:00,Lighting,15.7,22.0,0.11,False
2026-06-01 04:00:00,Labs,6.39,22.0,0.11,False
2026-06-01 04:00:00,Server Room,20.32,22.0,0.11,False
2026-06-01 04:00:00,Classrooms,0.65,22.0,0.11,False
2026-06-01 05:00:00,HVAC,42.55,24.5,0.11,False
2026-06-01 05:00:00,Lighting,8.6,24.5,0.11,False
2026-06-01 05:00:00,Labs,12.48,24.5,0.11,False
2026-06-01 05:00:00,Server Room,30.65,24.5,0.11,False
2026-06-01 05:00:00,Classrooms,14.3,24.5,0.11,False
2026-06-01 06:00:00,HVAC,49.34,24.1,0.24,False
2026-06-01 06:00:00,Lighting,10.95,24.1,0.24,False
2026-06-01 06:00:00,Labs,16.44,24.1,0.24,False
2026-06-01 06:00:00,Server Room,29.59,24.1,0.24,False
2026-06-01 06:00:00,Classrooms,15.71,24.1,0.24,False
2026-06-01 07:00:00,HVAC,49.89,25.1,0.27,False
2026-06-01 07:00:00,Lighting,14.64,25.1,0.27,False
2026-06-01 07:00:00,Labs,12.93,25.1,0.27,False
2026-06-01 07:00:00,Server Room,22.59,25.1,0.27,False
2026-06-01 07:00:00,Classrooms,11.91,25.1,0.27,False
2026-06-01 08:00:00,HVAC,79.84,26.7,0.84,False
2026-06-01 08:00:00,Lighting,27.88,26.7,0.84,False
2026-06-01 08:00:00,Labs,25.05,26.7,0.84,False
2026-06-01 08:00:00,Server Room,27.23,26.7,0.84,False
2026-06-01 08:00:00,Classrooms,25.37,26.7,0.84,False
2026-06-01 09:00:00,HVAC,99.4,32.2,0.66,False
2026-06-01 09:00:00,Lighting,19.94,32.2,0.66,False
2026-06-01 09:00:00,Labs,12.62,32.2,0.66,False
2026-06-01 09:00:00,Server Room,28.38,32.2,0.66,False
2026-06-01 09:00:00,Classrooms,11.98,32.2,0.66,False
2026-06-01 10:00:00,HVAC,82.62,29.6,0.62,False
2026-06-01 10:00:00,Lighting,21.19,29.6,0.62,False
2026-06-01 10:00:00,Labs,16.3,29.6,0.62,False
2026-06-01 10:00:00,Server Room,32.26,29.6,0.62,False
2026-06-01 10:00:00,Classrooms,10.12,29.6,0.62,False
2026-06-01 11:00:00,HVAC,79.93,30.4,0.54,False
2026-06-01 11:00:00,Lighting,20.31,30.4,0.54,False
2026-06-01 11:00:00,Labs,13.8,30.4,0.54,False
2026-06-01 11:00:00,Server Room,23.93,30.4,0.54,False
2026-06-01 11:00:00,Classrooms,11.18,30.4,0.54,False
2026-06-01 12:00:00,HVAC,107.51,31.0,0.87,False
2026-06-01 12:00:00,Lighting,22.2,31.0,0.87,False
2026-06-01 12:00:00,Labs,19.83,31.0,0.87,False
2026-06-01 12:00:00,Server Room,28.86,31.0,0.87,False
2026-06-01 12:00:00,Classrooms,21.93,31.0,0.87,False
2026-06-01 13:00:00,HVAC,114.51,32.7,0.98,False
2026-06-01 13:00:00,Lighting,22.17,32.7,0.98,False
2026-06-01 13:00:00,Labs,19.29,32.7,0.98,False
2026-06-01 13:00:00,Server Room,22.69,32.7,0.98,False
2026-06-01 13:00:00,Classrooms,25.33,32.7,0.98,False
2026-06-01 14:00:00,HVAC,104.05,33.0,0.68,False
2026-06-01 14:00:00,Lighting,24.29,33.0,0.68,False
2026-06-01 14:00:00,Labs,20.35,33.0,0.68,False
2026-06-01 14:00:00,Server Room,21.38,33.0,0.68,False
2026-06-01 14:00:00,Classrooms,13.81,33.0,0.68,False
2026-06-01 15:00:00,HVAC,106.69,33.7,0.51,False
2026-06-01 15:00:00,Lighting,13.0,33.7,0.51,False
2026-06-01 15:00:00,Labs,15.16,33.7,0.51,False
2026-06-01 15:00:00,Server Room,21.86,33.7,0.51,False
2026-06-01 15:00:00,Classrooms,16.31,33.7,0.51,False
2026-06-01 16:00:00,HVAC,101.46,30.5,0.93,False
2026-06-01 16:00:00,Lighting,23.24,30.5,0.93,False
2026-06-01 16:00:00,Labs,26.66,30.5,0.93,False
2026-06-01 16:00:00,Server Room,19.68,30.5,0.93,False
2026-06-01 16:00:00,Classrooms,20.05,30.5,0.93,False
2026-06-01 17:00:00,HVAC,81.58,27.3,0.83,False
2026-06-01 17:00:00,Lighting,27.15,27.3,0.83,False
2026-06-01 17:00:00,Labs,25.04,27.3,0.83,False
2026-06-01 17:00:00,Server Room,26.6,27.3,0.83,False
2026-06-01 17:00:00,Classrooms,19.47,27.3,0.83,False
2026-06-01 18:00:00,HVAC,98.12,30.7,0.77,False
2026-06-01 18:00:00,Lighting,21.81,30.7,0.77,False
2026-06-01 18:00:00,Labs,19.13,30.7,0.77,False
2026-06-01 18:00:00,Server Room,16.79,30.7,0.77,False
2026-06-01 18:00:00,Classrooms,19.61,30.7,0.77,False
2026-06-01 19:00:00,HVAC,43.34,23.0,0.18,False
2026-06-01 19:00:00,Lighting,14.76,23.0,0.18,False
2026-06-01 19:00:00,Labs,4.36,23.0,0.18,False
2026-06-01 19:00:00,Server Room,25.69,23.0,0.18,False
2026-06-01 19:00:00,Classrooms,8.21,23.0,0.18,False
2026-06-01 20:00:00,HVAC,74.96,29.4,0.19,False
2026-06-01 20:00:00,Lighting,14.66,29.4,0.19,False
2026-06-01 20:00:00,Labs,9.72,29.4,0.19,False
2026-06-01 20:00:00,Server Room,25.12,29.4,0.19,False
2026-06-01 20:00:00,Classrooms,5.69,29.4,0.19,False
2026-06-01 21:00:00,HVAC,51.25,25.5,0.1,False
2026-06-01 21:00:00,Lighting,8.44,25.5,0.1,False
2026-06-01 21:00:00,Labs,3.46,25.5,0.1,False
2026-06-01 21:00:00,Server Room,32.44,25.5,0.1,False
2026-06-01 21:00:00,Classrooms,8.99,25.5,0.1,False
2026-06-01 22:00:00,HVAC,36.62,20.6,0.27,False
2026-06-01 22:00:00,Lighting,12.23,20.6,0.27,False
2026-06-01 22:00:00,Labs,10.87,20.6,0.27,False
2026-06-01 22:00:00,Server Room,28.11,20.6,0.27,False
2026-06-01 22:00:00,Classrooms,11.61,20.6,0.27,False
2026-06-01 23:00:00,HVAC,32.91,21.1,0.05,False
2026-06-01 23:00:00,Lighting,8.87,21.1,0.05,False
2026-06-01 23:00:00,Labs,7.07,21.1,0.05,False
2026-06-01 23:00:00,Server Room,22.94,21.1,0.05,False
2026-06-01 23:00:00,Classrooms,2.07,21.1,0.05,False
2026-06-02 00:00:00,HVAC,16.59,18.9,0.05,False
2026-06-02 00:00:00,Lighting,6.0,18.9,0.05,False
2026-06-02 00:00:00,Labs,4.43,18.9,0.05,False
2026-06-02 00:00:00,Server Room,29.4,18.9,0.05,False
2026-06-02 00:00:00,Classrooms,5.53,18.9,0.05,False
2026-06-02 01:00:00,HVAC,40.88,22.4,0.28,False
2026-06-02 01:00:00,Lighting,11.83,22.4,0.28,False
2026-06-02 01:00:00,Labs,6.69,22.4,0.28,False
2026-06-02 01:00:00,Server Room,17.67,22.4,0.28,False
2026-06-02 01:00:00,Classrooms,11.42,22.4,0.28,False
2026-06-02 02:00:00,HVAC,23.12,20.3,0.13,False
2026-06-02 02:00:00,Lighting,14.52,20.3,0.13,False
2026-06-02 02:00:00,Labs,11.83,20.3,0.13,False
2026-06-02 02:00:00,Server Room,30.24,20.3,0.13,False
2026-06-02 02:00:00,Classrooms,5.21,20.3,0.13,False
2026-06-02 03:00:00,HVAC,11.58,18.3,0.03,False
2026-06-02 03:00:00,Lighting,10.2,18.3,0.03,False
2026-06-02 03:00:00,Labs,8.02,18.3,0.03,False
2026-06-02 03:00:00,Server Room,24.47,18.3,0.03,False
2026-06-02 03:00:00,Classrooms,9.2,18.3,0.03,False
2026-06-02 04:00:00,HVAC,18.94,19.5,0.02,False
2026-06-02 04:00:00,Lighting,6.1,19.5,0.02,False
2026-06-02 04:00:00,Labs,8.87,19.5,0.02,False
2026-06-02 04:00:00,Server Room,25.69,19.5,0.02,False
2026-06-02 04:00:00,Classrooms,5.74,19.5,0.02,False
2026-06-02 05:00:00,HVAC,29.82,21.9,0.04,False
2026-06-02 05:00:00,Lighting,4.22,21.9,0.04,False
2026-06-02 05:00:00,Labs,7.28,21.9,0.04,False
2026-06-02 05:00:00,Server Room,29.43,21.9,0.04,False
2026-06-02 05:00:00,Classrooms,2.28,21.9,0.04,False
2026-06-02 06:00:00,HVAC,38.38,22.1,0.24,False
2026-06-02 06:00:00,Lighting,10.97,22.1,0.24,False
2026-06-02 06:00:00,Labs,8.22,22.1,0.24,False
2026-06-02 06:00:00,Server Room,22.09,22.1,0.24,False
2026-06-02 06:00:00,Classrooms,6.77,22.1,0.24,False
2026-06-02 07:00:00,HVAC,41.02,24.1,0.04,False
2026-06-02 07:00:00,Lighting,13.69,24.1,0.04,False
2026-06-02 07:00:00,Labs,6.88,24.1,0.04,False
2026-06-02 07:00:00,Server Room,27.41,24.1,0.04,False
2026-06-02 07:00:00,Classrooms,4.51,24.1,0.04,False
2026-06-02 08:00:00,HVAC,60.32,23.4,0.78,False
2026-06-02 08:00:00,Lighting,18.71,23.4,0.78,False
2026-06-02 08:00:00,Labs,19.64,23.4,0.78,False
2026-06-02 08:00:00,Server Room,27.51,23.4,0.78,False
2026-06-02 08:00:00,Classrooms,15.33,23.4,0.78,False
2026-06-02 09:00:00,HVAC,84.18,28.4,0.76,False
2026-06-02 09:00:00,Lighting,19.06,28.4,0.76,False
2026-06-02 09:00:00,Labs,16.01,28.4,0.76,False
2026-06-02 09:00:00,Server Room,25.45,28.4,0.76,False
2026-06-02 09:00:00,Classrooms,17.55,28.4,0.76,False
2026-06-02 10:00:00,HVAC,93.36,28.9,0.82,False
2026-06-02 10:00:00,Lighting,24.41,28.9,0.82,False
2026-06-02 10:00:00,Labs,21.3,28.9,0.82,False
2026-06-02 10:00:00,Server Room,28.26,28.9,0.82,False
2026-06-02 10:00:00,Classrooms,19.81,28.9,0.82,False
2026-06-02 11:00:00,HVAC,100.9,31.5,0.83,False
2026-06-02 11:00:00,Lighting,23.48,31.5,0.83,False
2026-06-02 11:00:00,Labs,21.51,31.5,0.83,False
2026-06-02 11:00:00,Server Room,26.07,31.5,0.83,False
2026-06-02 11:00:00,Classrooms,18.72,31.5,0.83,False
2026-06-02 12:00:00,HVAC,94.23,31.2,0.75,False
2026-06-02 12:00:00,Lighting,21.42,31.2,0.75,False
2026-06-02 12:00:00,Labs,26.45,31.2,0.75,False
2026-06-02 12:00:00,Server Room,25.41,31.2,0.75,False
2026-06-02 12:00:00,Classrooms,20.08,31.2,0.75,False
2026-06-02 13:00:00,HVAC,91.98,30.4,0.69,False
2026-06-02 13:00:00,Lighting,19.73,30.4,0.69,False
2026-06-02 13:00:00,Labs,22.28,30.4,0.69,False
2026-06-02 13:00:00,Server Room,28.31,30.4,0.69,False
2026-06-02 13:00:00,Classrooms,16.25,30.4,0.69,False
2026-06-02 14:00:00,HVAC,96.04,31.7,0.61,False
2026-06-02 14:00:00,Lighting,18.64,31.7,0.61,False
2026-06-02 14:00:00,Labs,20.19,31.7,0.61,False
2026-06-02 14:00:00,Server Room,23.01,31.7,0.61,False
2026-06-02 14:00:00,Classrooms,14.35,31.7,0.61,False
2026-06-02 15:00:00,HVAC,105.68,31.6,0.8,False
2026-06-02 15:00:00,Lighting,22.96,31.6,0.8,False
2026-06-02 15:00:00,Labs,24.01,31.6,0.8,False
2026-06-02 15:00:00,Server Room,26.8,31.6,0.8,False
2026-06-02 15:00:00,Classrooms,16.08,31.6,0.8,False
2026-06-02 16:00:00,HVAC,101.23,30.9,0.94,False
2026-06-02 16:00:00,Lighting,25.48,30.9,0.94,False
2026-06-02 16:00:00,Labs,30.5,30.9,0.94,False
2026-06-02 16:00:00,Server Room,24.28,30.9,0.94,False
2026-06-02 16:00:00,Classrooms,22.87,30.9,0.94,False
2026-06-02 17:00:00,HVAC,103.95,32.1,0.82,False
2026-06-02 17:00:00,Lighting,21.85,32.1,0.82,False
2026-06-02 17:00:00,Labs,26.81,32.1,0.82,False
2026-06-02 17:00:00,Server Room,27.68,32.1,0.82,False
2026-06-02 17:00:00,Classrooms,18.96,32.1,0.82,False
2026-06-02 18:00:00,HVAC,83.2,27.6,0.87,False
2026-06-02 18:00:00,Lighting,29.01,27.6,0.87,False
2026-06-02 18:00:00,Labs,28.2,27.6,0.87,False
2026-06-02 18:00:00,Server Room,31.35,27.6,0.87,False
2026-06-02 18:00:00,Classrooms,21.14,27.6,0.87,False
2026-06-02 19:00:00,HVAC,70.25,28.4,0.09,False
2026-06-02 19:00:00,Lighting,9.72,28.4,0.09,False
2026-06-02 19:00:00,Labs,4.15,28.4,0.09,False
2026-06-02 19:00:00,Server Room,32.06,28.4,0.09,False
2026-06-02 19:00:00,Classrooms,6.97,28.4,0.09,False
2026-06-02 20:00:00,HVAC,48.33,24.9,0.18,False
2026-06-02 20:00:00,Lighting,13.5,24.9,0.18,False
2026-06-02 20:00:00,Labs,10.29,24.9,0.18,False
2026-06-02 20:00:00,Server Room,29.76,24.9,0.18,False
2026-06-02 20:00:00,Classrooms,8.96,24.9,0.18,False
2026-06-02 21:00:00,HVAC,29.14,22.2,0.24,False
2026-06-02 21:00:00,Lighting,14.48,22.2,0.24,False
2026-06-02 21:00:00,Labs,10.57,22.2,0.24,False
2026-06-02 21:00:00,Server Room,25.33,22.2,0.24,False
2026-06-02 21:00:00,Classrooms,17.25,22.2,0.24,False
2026-06-02 22:00:00,HVAC,39.36,22.4,0.23,False
2026-06-02 22:00:00,Lighting,11.28,22.4,0.23,False
2026-06-02 22:00:00,Labs,6.8,22.4,0.23,False
2026-06-02 22:00:00,Server Room,21.55,22.4,0.23,False
2026-06-02 22:00:00,Classrooms,4.65,22.4,0.23,False
2026-06-02 23:00:00,HVAC,15.21,19.0,0.18,False
2026-06-02 23:00:00,Lighting,13.47,19.0,0.18,False
2026-06-02 23:00:00,Labs,8.27,19.0,0.18,False
2026-06-02 23:00:00,Server Room,24.12,19.0,0.18,False
2026-06-02 23:00:00,Classrooms,12.69,19.0,0.18,False
2026-06-03 00:00:00,HVAC,25.01,20.2,0.21,False
2026-06-03 00:00:00,Lighting,11.1,20.2,0.21,False
2026-06-03 00:00:00,Labs,16.07,20.2,0.21,False
2026-06-03 00:00:00,Server Room,23.92,20.2,0.21,False
2026-06-03 00:00:00,Classrooms,14.88,20.2,0.21,False
2026-06-03 01:00:00,HVAC,24.57,20.2,0.17,False
2026-06-03 01:00:00,Lighting,10.17,20.2,0.17,False
2026-06-03 01:00:00,Labs,9.82,20.2,0.17,False
2026-06-03 01:00:00,Server Room,26.33,20.2,0.17,False
2026-06-03 01:00:00,Classrooms,3.68,20.2,0.17,False
2026-06-03 02:00:00,HVAC,7.77,17.7,0.09,False
2026-06-03 02:00:00,Lighting,11.94,17.7,0.09,False
2026-06-03 02:00:00,Labs,5.0,17.7,0.09,False
2026-06-03 02:00:00,Server Room,27.4,17.7,0.09,False
2026-06-03 02:00:00,Classrooms,4.83,17.7,0.09,False
2026-06-03 03:00:00,HVAC,30.85,20.5,0.29,False
2026-06-03 03:00:00,Lighting,12.1,20.5,0.29,False
2026-06-03 03:00:00,Labs,5.92,20.5,0.29,False
2026-06-03 03:00:00,Server Room,27.71,20.5,0.29,False
2026-06-03 03:00:00,Classrooms,6.64,20.5,0.29,False
2026-06-03 04:00:00,HVAC,20.87,18.7,0.23,False
2026-06-03 04:00:00,Lighting,18.29,18.7,0.23,False
2026-06-03 04:00:00,Labs,6.38,18.7,0.23,False
2026-06-03 04:00:00,Server Room,21.82,18.7,0.23,False
2026-06-03 04:00:00,Classrooms,7.69,18.7,0.23,False
2026-06-03 05:00:00,HVAC,29.8,22.0,0.02,False
2026-06-03 05:00:00,Lighting,15.77,22.0,0.02,False
2026-06-03 05:00:00,Labs,9.1,22.0,0.02,False
2026-06-03 05:00:00,Server Room,25.99,22.0,0.02,False
2026-06-03 05:00:00,Classrooms,9.1,22.0,0.02,False
2026-06-03 06:00:00,HVAC,47.92,25.3,0.13,False
2026-06-03 06:00:00,Lighting,10.72,25.3,0.13,False
2026-06-03 06:00:00,Labs,5.78,25.3,0.13,False
2026-06-03 06:00:00,Server Room,26.35,25.3,0.13,False
2026-06-03 06:00:00,Classrooms,4.12,25.3,0.13,False
2026-06-03 07:00:00,HVAC,56.95,26.0,0.16,False
2026-06-03 07:00:00,Lighting,4.61,26.0,0.16,False
2026-06-03 07:00:00,Labs,8.05,26.0,0.16,False
2026-06-03 07:00:00,Server Room,29.71,26.0,0.16,False
2026-06-03 07:00:00,Classrooms,5.6,26.0,0.16,False
2026-06-03 08:00:00,HVAC,63.04,25.2,0.59,False
2026-06-03 08:00:00,Lighting,14.59,25.2,0.59,False
2026-06-03 08:00:00,Labs,19.84,25.2,0.59,False
2026-06-03 08:00:00,Server Room,23.56,25.2,0.59,False
2026-06-03 08:00:00,Classrooms,15.32,25.2,0.59,False
2026-06-03 09:00:00,HVAC,78.52,26.0,0.99,False
2026-06-03 09:00:00,Lighting,27.78,26.0,0.99,False
2026-06-03 09:00:00,Labs,26.18,26.0,0.99,False
2026-06-03 09:00:00,Server Room,15.52,26.0,0.99,False
2026-06-03 09:00:00,Classrooms,22.99,26.0,0.99,False
2026-06-03 10:00:00,HVAC,87.9,27.9,0.99,False
2026-06-03 10:00:00,Lighting,30.13,27.9,0.99,False
2026-06-03 10:00:00,Labs,27.81,27.9,0.99,False
2026-06-03 10:00:00,Server Room,27.16,27.9,0.99,False
2026-06-03 10:00:00,Classrooms,23.1,27.9,0.99,False
2026-06-03 11:00:00,HVAC,86.75,29.1,0.71,False
2026-06-03 11:00:00,Lighting,23.39,29.1,0.71,False
2026-06-03 11:00:00,Labs,14.77,29.1,0.71,False
2026-06-03 11:00:00,Server Room,25.76,29.1,0.71,False
2026-06-03 11:00:00,Classrooms,16.47,29.1,0.71,False
2026-06-03 12:00:00,HVAC,116.42,33.7,0.9,False
2026-06-03 12:00:00,Lighting,24.29,33.7,0.9,False
2026-06-03 12:00:00,Labs,24.31,33.7,0.9,False
2026-06-03 12:00:00,Server Room,22.6,33.7,0.9,False
2026-06-03 12:00:00,Classrooms,17.28,33.7,0.9,False
2026-06-03 13:00:00,HVAC,96.96,30.4,0.78,False
2026-06-03 13:00:00,Lighting,23.95,30.4,0.78,False
2026-06-03 13:00:00,Labs,20.87,30.4,0.78,False
2026-06-03 13:00:00,Server Room,24.62,30.4,0.78,False
2026-06-03 13:00:00,Classrooms,16.17,30.4,0.78,False
2026-06-03 14:00:00,HVAC,114.31,34.6,0.71,False
2026-06-03 14:00:00,Lighting,18.37,34.6,0.71,False
2026-06-03 14:00:00,Labs,22.74,34.6,0.71,False
2026-06-03 14:00:00,Server Room,27.61,34.6,0.71,False
2026-06-03 14:00:00,Classrooms,13.51,34.6,0.71,False
2026-06-03 15:00:00,HVAC,117.11,32.3,0.86,False
2026-06-03 15:00:00,Lighting,26.17,32.3,0.86,False
2026-06-03 15:00:00,Labs,21.53,32.3,0.86,False
2026-06-03 15:00:00,Server Room,25.0,32.3,0.86,False
2026-06-03 15:00:00,Classrooms,22.07,32.3,0.86,False
2026-06-03 16:00:00,HVAC,86.21,29.3,0.7,False
2026-06-03 16:00:00,Lighting,21.94,29.3,0.7,False
2026-06-03 16:00:00,Labs,15.17,29.3,0.7,False
2026-06-03 16:00:00,Server Room,25.61,29.3,0.7,False
2026-06-03 16:00:00,Classrooms,18.66,29.3,0.7,False
2026-06-03 17:00:00,HVAC,96.25,31.2,0.55,False
2026-06-03 17:00:00,Lighting,11.49,31.2,0.55,False
2026-06-03 17:00:00,Labs,19.49,31.2,0.55,False
2026-06-03 17:00:00,Server Room,23.93,31.2,0.55,False
2026-06-03 17:00:00,Classrooms,16.38,31.2,0.55,False
2026-06-03 18:00:00,HVAC,95.12,30.7,0.93,False
2026-06-03 18:00:00,Lighting,26.74,30.7,0.93,False
2026-06-03 18:00:00,Labs,22.62,30.7,0.93,False
2026-06-03 18:00:00,Server Room,27.44,30.7,0.93,False
2026-06-03 18:00:00,Classrooms,21.01,30.7,0.93,False
2026-06-03 19:00:00,HVAC,70.06,29.7,0.03,False
2026-06-03 19:00:00,Lighting,11.31,29.7,0.03,False
2026-06-03 19:00:00,Labs,3.68,29.7,0.03,False
2026-06-03 19:00:00,Server Room,21.6,29.7,0.03,False
2026-06-03 19:00:00,Classrooms,6.4,29.7,0.03,False
2026-06-03 20:00:00,HVAC,57.3,26.1,0.08,False
2026-06-03 20:00:00,Lighting,8.99,26.1,0.08,False
2026-06-03 20:00:00,Labs,1.62,26.1,0.08,False
2026-06-03 20:00:00,Server Room,30.94,26.1,0.08,False
2026-06-03 20:00:00,Classrooms,7.58,26.1,0.08,False
2026-06-03 21:00:00,HVAC,50.37,26.1,0.04,False
2026-06-03 21:00:00,Lighting,12.58,26.1,0.04,False
2026-06-03 21:00:00,Labs,2.51,26.1,0.04,False
2026-06-03 21:00:00,Server Room,23.07,26.1,0.04,False
2026-06-03 21:00:00,Classrooms,0.96,26.1,0.04,False
2026-06-03 22:00:00,HVAC,40.49,22.2,0.14,False
2026-06-03 22:00:00,Lighting,9.33,22.2,0.14,False
2026-06-03 22:00:00,Labs,7.55,22.2,0.14,False
2026-06-03 22:00:00,Server Room,25.02,22.2,0.14,False
2026-06-03 22:00:00,Classrooms,3.22,22.2,0.14,False
2026-06-03 23:00:00,HVAC,34.77,21.5,0.17,False
2026-06-03 23:00:00,Lighting,8.16,21.5,0.17,False
2026-06-03 23:00:00,Labs,7.65,21.5,0.17,False
2026-06-03 23:00:00,Server Room,21.8,21.5,0.17,False
2026-06-03 23:00:00,Classrooms,6.31,21.5,0.17,False
2026-06-04 00:00:00,HVAC,22.11,20.8,0.0,False
2026-06-04 00:00:00,Lighting,3.42,20.8,0.0,False
2026-06-04 00:00:00,Labs,7.33,20.8,0.0,False
2026-06-04 00:00:00,Server Room,31.05,20.8,0.0,False
2026-06-04 00:00:00,Classrooms,8.06,20.8,0.0,False
2026-06-04 01:00:00,HVAC,32.36,20.3,0.29,False
2026-06-04 01:00:00,Lighting,14.84,20.3,0.29,False
2026-06-04 01:00:00,Labs,14.29,20.3,0.29,False
2026-06-04 01:00:00,Server Room,26.86,20.3,0.29,False
2026-06-04 01:00:00,Classrooms,7.01,20.3,0.29,False
2026-06-04 02:00:00,HVAC,13.32,17.9,0.17,False
2026-06-04 02:00:00,Lighting,17.02,17.9,0.17,False
2026-06-04 02:00:00,Labs,7.9,17.9,0.17,False
2026-06-04 02:00:00,Server Room,29.59,17.9,0.17,False
2026-06-04 02:00:00,Classrooms,11.25,17.9,0.17,False
2026-06-04 03:00:00,HVAC,30.26,20.2,0.27,False
2026-06-04 03:00:00,Lighting,14.43,20.2,0.27,False
2026-06-04 03:00:00,Labs,6.64,20.2,0.27,False
2026-06-04 03:00:00,Server Room,24.2,20.2,0.27,False
2026-06-04 03:00:00,Classrooms,7.24,20.2,0.27,False
2026-06-04 04:00:00,HVAC,29.83,20.8,0.27,False
2026-06-04 04:00:00,Lighting,11.29,20.8,0.27,False
2026-06-04 04:00:00,Labs,7.44,20.8,0.27,False
2026-06-04 04:00:00,Server Room,21.69,20.8,0.27,False
2026-06-04 04:00:00,Classrooms,5.71,20.8,0.27,False
2026-06-04 05:00:00,HVAC,31.24,21.7,0.13,False
2026-06-04 05:00:00,Lighting,11.28,21.7,0.13,False
2026-06-04 05:00:00,Labs,9.71,21.7,0.13,False
2026-06-04 05:00:00,Server Room,31.04,21.7,0.13,False
2026-06-04 05:00:00,Classrooms,7.17,21.7,0.13,False
2026-06-04 06:00:00,HVAC,32.11,20.7,0.3,False
2026-06-04 06:00:00,Lighting,15.57,20.7,0.3,False
2026-06-04 06:00:00,Labs,8.38,20.7,0.3,False
2026-06-04 06:00:00,Server Room,25.31,20.7,0.3,False
2026-06-04 06:00:00,Classrooms,10.54,20.7,0.3,False
2026-06-04 07:00:00,HVAC,45.93,24.8,0.14,False
2026-06-04 07:00:00,Lighting,11.55,24.8,0.14,False
2026-06-04 07:00:00,Labs,2.95,24.8,0.14,False
2026-06-04 07:00:00,Server Room,20.8,24.8,0.14,False
2026-06-04 07:00:00,Classrooms,5.72,24.8,0.14,False
2026-06-04 08:00:00,HVAC,64.08,24.3,0.68,False
2026-06-04 08:00:00,Lighting,17.51,24.3,0.68,False
2026-06-04 08:00:00,Labs,16.13,24.3,0.68,False
2026-06-04 08:00:00,Server Room,25.93,24.3,0.68,False
2026-06-04 08:00:00,Classrooms,15.0,24.3,0.68,False
2026-06-04 09:00:00,HVAC,76.62,27.4,0.59,False
2026-06-04 09:00:00,Lighting,20.46,27.4,0.59,False
2026-06-04 09:00:00,Labs,15.08,27.4,0.59,False
2026-06-04 09:00:00,Server Room,25.64,27.4,0.59,False
2026-06-04 09:00:00,Classrooms,12.83,27.4,0.59,False
2026-06-04 10:00:00,HVAC,88.61,29.1,0.71,False
2026-06-04 10:00:00,Lighting,23.38,29.1,0.71,False
2026-06-04 10:00:00,Labs,12.46,29.1,0.71,False
2026-06-04 10:00:00,Server Room,21.18,29.1,0.71,False
2026-06-04 10:00:00,Classrooms,15.02,29.1,0.71,False
2026-06-04 11:00:00,HVAC,89.23,27.9,0.98,False
2026-06-04 11:00:00,Lighting,24.23,27.9,0.98,False
2026-06-04 11:00:00,Labs,23.44,27.9,0.98,False
2026-06-04 11:00:00,Server Room,21.53,27.9,0.98,False
2026-06-04 11:00:00,Classrooms,19.18,27.9,0.98,False
2026-06-04 12:00:00,HVAC,101.18,29.7,0.96,False
2026-06-04 12:00:00,Lighting,27.04,29.7,0.96,False
2026-06-04 12:00:00,Labs,24.54,29.7,0.96,False
2026-06-04 12:00:00,Server Room,22.56,29.7,0.96,False
2026-06-04 12:00:00,Classrooms,20.1,29.7,0.96,False
2026-06-04 13:00:00,HVAC,95.67,29.0,0.88,False
2026-06-04 13:00:00,Lighting,18.22,29.0,0.88,False
2026-06-04 13:00:00,Labs,23.01,29.0,0.88,False
2026-06-04 13:00:00,Server Room,25.62,29.0,0.88,False
2026-06-04 13:00:00,Classrooms,21.03,29.0,0.88,False
2026-06-04 14:00:00,HVAC,95.89,31.3,0.75,False
2026-06-04 14:00:00,Lighting,22.86,31.3,0.75,False
2026-06-04 14:00:00,Labs,23.76,31.3,0.75,False
2026-06-04 14:00:00,Server Room,25.55,31.3,0.75,False
2026-06-04 14:00:00,Classrooms,15.04,31.3,0.75,False
2026-06-04 15:00:00,HVAC,98.55,32.1,0.51,False
2026-06-04 15:00:00,Lighting,14.18,32.1,0.51,False
2026-06-04 15:00:00,Labs,18.23,32.1,0.51,False
2026-06-04 15:00:00,Server Room,22.11,32.1,0.51,False
2026-06-04 15:00:00,Classrooms,11.04,32.1,0.51,False
2026-06-04 16:00:00,HVAC,114.52,33.9,0.85,False
2026-06-04 16:00:00,Lighting,22.82,33.9,0.85,False
2026-06-04 16:00:00,Labs,20.55,33.9,0.85,False
2026-06-04 16:00:00,Server Room,25.72,33.9,0.85,False
2026-06-04 16:00:00,Classrooms,17.19,33.9,0.85,False
2026-06-04 17:00:00,HVAC,86.62,30.6,0.59,False
2026-06-04 17:00:00,Lighting,14.25,30.6,0.59,False
2026-06-04 17:00:00,Labs,20.1,30.6,0.59,False
2026-06-04 17:00:00,Server Room,25.05,30.6,0.59,False
2026-06-04 17:00:00,Classrooms,14.86,30.6,0.59,False
2026-06-04 18:00:00,HVAC,96.7,29.4,0.91,False
2026-06-04 18:00:00,Lighting,23.8,29.4,0.91,False
2026-06-04 18:00:00,Labs,27.58,29.4,0.91,False
2026-06-04 18:00:00,Server Room,25.12,29.4,0.91,False
2026-06-04 18:00:00,Classrooms,24.98,29.4,0.91,False
2026-06-04 19:00:00,HVAC,71.97,29.3,0.15,False
2026-06-04 19:00:00,Lighting,8.84,29.3,0.15,False
2026-06-04 19:00:00,Labs,10.36,29.3,0.15,False
2026-06-04 19:00:00,Server Room,22.91,29.3,0.15,False
2026-06-04 19:00:00,Classrooms,13.04,29.3,0.15,False
2026-06-04 20:00:00,HVAC,54.95,25.0,0.06,False
2026-06-04 20:00:00,Lighting,9.62,25.0,0.06,False
2026-06-04 20:00:00,Labs,3.85,25.0,0.06,False
2026-06-04 20:00:00,Server Room,26.94,25.0,0.06,False
2026-06-04 20:00:00,Classrooms,2.72,25.0,0.06,False
2026-06-04 21:00:00,HVAC,51.79,25.3,0.19,False
2026-06-04 21:00:00,Lighting,15.12,25.3,0.19,False
2026-06-04 21:00:00,Labs,6.19,25.3,0.19,False
2026-06-04 21:00:00,Server Room,18.8,25.3,0.19,False
2026-06-04 21:00:00,Classrooms,8.02,25.3,0.19,False
2026-06-04 22:00:00,HVAC,36.32,21.2,0.29,False
2026-06-04 22:00:00,Lighting,9.92,21.2,0.29,False
2026-06-04 22:00:00,Labs,8.65,21.2,0.29,False
2026-06-04 22:00:00,Server Room,22.99,21.2,0.29,False
2026-06-04 22:00:00,Classrooms,7.45,21.2,0.29,False
2026-06-04 23:00:00,HVAC,20.74,18.6,0.28,False
2026-06-04 23:00:00,Lighting,13.24,18.6,0.28,False
2026-06-04 23:00:00,Labs,13.22,18.6,0.28,False
2026-06-04 23:00:00,Server Room,27.94,18.6,0.28,False
2026-06-04 23:00:00,Classrooms,9.85,18.6,0.28,False
2026-06-05 00:00:00,HVAC,38.26,22.0,0.16,False
2026-06-05 00:00:00,Lighting,14.45,22.0,0.16,False
2026-06-05 00:00:00,Labs,8.99,22.0,0.16,False
2026-06-05 00:00:00,Server Room,29.31,22.0,0.16,False
2026-06-05 00:00:00,Classrooms,2.04,22.0,0.16,False
2026-06-05 01:00:00,HVAC,27.25,21.0,0.11,False
2026-06-05 01:00:00,Lighting,10.5,21.0,0.11,False
2026-06-05 01:00:00,Labs,9.45,21.0,0.11,False
2026-06-05 01:00:00,Server Room,22.95,21.0,0.11,False
2026-06-05 01:00:00,Classrooms,1.89,21.0,0.11,False
2026-06-05 02:00:00,HVAC,35.61,21.3,0.29,False
2026-06-05 02:00:00,Lighting,17.64,21.3,0.29,False
2026-06-05 02:00:00,Labs,9.05,21.3,0.29,False
2026-06-05 02:00:00,Server Room,20.14,21.3,0.29,False
2026-06-05 02:00:00,Classrooms,13.12,21.3,0.29,False
2026-06-05 03:00:00,HVAC,35.59,19.9,0.25,False
2026-06-05 03:00:00,Lighting,13.05,19.9,0.25,False
2026-06-05 03:00:00,Labs,16.33,19.9,0.25,False
2026-06-05 03:00:00,Server Room,21.62,19.9,0.25,False
2026-06-05 03:00:00,Classrooms,5.73,19.9,0.25,False
2026-06-05 04:00:00,HVAC,22.12,20.1,0.09,False
2026-06-05 04:00:00,Lighting,12.27,20.1,0.09,False
2026-06-05 04:00:00,Labs,10.18,20.1,0.09,False
2026-06-05 04:00:00,Server Room,23.67,20.1,0.09,False
2026-06-05 04:00:00,Classrooms,9.8,20.1,0.09,False
2026-06-05 05:00:00,HVAC,33.59,20.7,0.18,False
2026-06-05 05:00:00,Lighting,17.17,20.7,0.18,False
2026-06-05 05:00:00,Labs,8.76,20.7,0.18,False
2026-06-05 05:00:00,Server Room,18.4,20.7,0.18,False
2026-06-05 05:00:00,Classrooms,7.46,20.7,0.18,False
2026-06-05 06:00:00,HVAC,45.04,24.2,0.21,False
2026-06-05 06:00:00,Lighting,16.85,24.2,0.21,False
2026-06-05 06:00:00,Labs,9.87,24.2,0.21,False
2026-06-05 06:00:00,Server Room,21.52,24.2,0.21,False
2026-06-05 06:00:00,Classrooms,4.25,24.2,0.21,False
2026-06-05 07:00:00,HVAC,61.17,25.5,0.28,False
2026-06-05 07:00:00,Lighting,20.69,25.5,0.28,False
2026-06-05 07:00:00,Labs,12.1,25.5,0.28,False
2026-06-05 07:00:00,Server Room,26.34,25.5,0.28,False
2026-06-05 07:00:00,Classrooms,9.94,25.5,0.28,False
2026-06-05 08:00:00,HVAC,56.44,24.0,0.59,False
2026-06-05 08:00:00,Lighting,20.59,24.0,0.59,False
2026-06-05 08:00:00,Labs,20.31,24.0,0.59,False
2026-06-05 08:00:00,Server Room,28.52,24.0,0.59,False
2026-06-05 08:00:00,Classrooms,14.01,24.0,0.59,False
2026-06-05 09:00:00,HVAC,84.42,28.9,0.78,False
2026-06-05 09:00:00,Lighting,24.33,28.9,0.78,False
2026-06-05 09:00:00,Labs,24.29,28.9,0.78,False
2026-06-05 09:00:00,Server Room,19.65,28.9,0.78,False
2026-06-05 09:00:00,Classrooms,20.74,28.9,0.78,False
2026-06-05 10:00:00,HVAC,87.95,28.8,0.79,False
2026-06-05 10:00:00,Lighting,18.81,28.8,0.79,False
2026-06-05 10:00:00,Labs,26.14,28.8,0.79,False
2026-06-05 10:00:00,Server Room,28.37,28.8,0.79,False
2026-06-05 10:00:00,Classrooms,17.12,28.8,0.79,False
2026-06-05 11:00:00,HVAC,86.27,30.6,0.51,False
2026-06-05 11:00:00,Lighting,16.06,30.6,0.51,False
2026-06-05 11:00:00,Labs,14.28,30.6,0.51,False
2026-06-05 11:00:00,Server Room,27.05,30.6,0.51,False
2026-06-05 11:00:00,Classrooms,17.39,30.6,0.51,False
2026-06-05 12:00:00,HVAC,95.97,30.7,0.72,False
2026-06-05 12:00:00,Lighting,17.77,30.7,0.72,False
2026-06-05 12:00:00,Labs,19.6,30.7,0.72,False
2026-06-05 12:00:00,Server Room,23.51,30.7,0.72,False
2026-06-05 12:00:00,Classrooms,16.64,30.7,0.72,False
2026-06-05 13:00:00,HVAC,96.09,30.5,0.81,False
2026-06-05 13:00:00,Lighting,29.54,30.5,0.81,False
2026-06-05 13:00:00,Labs,18.42,30.5,0.81,False
2026-06-05 13:00:00,Server Room,24.88,30.5,0.81,False
2026-06-05 13:00:00,Classrooms,16.55,30.5,0.81,False
2026-06-05 14:00:00,HVAC,106.01,33.6,0.74,False
2026-06-05 14:00:00,Lighting,21.96,33.6,0.74,False
2026-06-05 14:00:00,Labs,17.67,33.6,0.74,False
2026-06-05 14:00:00,Server Room,27.34,33.6,0.74,False
2026-06-05 14:00:00,Classrooms,14.13,33.6,0.74,False
2026-06-05 15:00:00,HVAC,82.63,29.9,0.62,False
2026-06-05 15:00:00,Lighting,17.23,29.9,0.62,False
2026-06-05 15:00:00,Labs,18.31,29.9,0.62,False
2026-06-05 15:00:00,Server Room,25.31,29.9,0.62,False
2026-06-05 15:00:00,Classrooms,20.39,29.9,0.62,False
2026-06-05 16:00:00,HVAC,94.92,31.0,0.88,False
2026-06-05 16:00:00,Lighting,19.71,31.0,0.88,False
2026-06-05 16:00:00,Labs,20.3,31.0,0.88,False
2026-06-05 16:00:00,Server Room,23.5,31.0,0.88,False
2026-06-05 16:00:00,Classrooms,23.21,31.0,0.88,False
2026-06-05 17:00:00,HVAC,94.8,31.4,0.53,False
2026-06-05 17:00:00,Lighting,16.3,31.4,0.53,False
2026-06-05 17:00:00,Labs,15.57,31.4,0.53,False
2026-06-05 17:00:00,Server Room,26.09,31.4,0.53,False
2026-06-05 17:00:00,Classrooms,10.83,31.4,0.53,False
2026-06-05 18:00:00,HVAC,62.7,26.7,0.54,False
2026-06-05 18:00:00,Lighting,18.13,26.7,0.54,False
2026-06-05 18:00:00,Labs,18.07,26.7,0.54,False
2026-06-05 18:00:00,Server Room,24.78,26.7,0.54,False
2026-06-05 18:00:00,Classrooms,13.81,26.7,0.54,False
2026-06-05 19:00:00,HVAC,66.85,27.4,0.15,False
2026-06-05 19:00:00,Lighting,13.89,27.4,0.15,False
2026-06-05 19:00:00,Labs,10.82,27.4,0.15,False
2026-06-05 19:00:00,Server Room,24.36,27.4,0.15,False
2026-06-05 19:00:00,Classrooms,4.39,27.4,0.15,False
2026-06-05 20:00:00,HVAC,39.4,24.3,0.03,False
2026-06-05 20:00:00,Lighting,11.36,24.3,0.03,False
2026-06-05 20:00:00,Labs,9.35,24.3,0.03,False
2026-06-05 20:00:00,Server Room,24.5,24.3,0.03,False
2026-06-05 20:00:00,Classrooms,8.04,24.3,0.03,False
2026-06-05 21:00:00,HVAC,42.93,23.0,0.27,False
2026-06-05 21:00:00,Lighting,7.4,23.0,0.27,False
2026-06-05 21:00:00,Labs,9.6,23.0,0.27,False
2026-06-05 21:00:00,Server Room,17.47,23.0,0.27,False
2026-06-05 21:00:00,Classrooms,13.54,23.0,0.27,False
2026-06-05 22:00:00,HVAC,50.71,24.8,0.23,False
2026-06-05 22:00:00,Lighting,14.02,24.8,0.23,False
2026-06-05 22:00:00,Labs,12.1,24.8,0.23,False
2026-06-05 22:00:00,Server Room,24.79,24.8,0.23,False
2026-06-05 22:00:00,Classrooms,9.73,24.8,0.23,False
2026-06-05 23:00:00,HVAC,30.72,21.1,0.28,False
2026-06-05 23:00:00,Lighting,17.27,21.1,0.28,False
2026-06-05 23:00:00,Labs,12.48,21.1,0.28,False
2026-06-05 23:00:00,Server Room,20.2,21.1,0.28,False
2026-06-05 23:00:00,Classrooms,9.95,21.1,0.28,False
2026-06-06 00:00:00,HVAC,5.75,16.5,0.09,True
2026-06-06 00:00:00,Lighting,7.65,16.5,0.09,True
2026-06-06 00:00:00,Labs,4.52,16.5,0.09,True
2026-06-06 00:00:00,Server Room,20.4,16.5,0.09,True
2026-06-06 00:00:00,Classrooms,6.36,16.5,0.09,True
2026-06-06 01:00:00,HVAC,19.54,20.3,0.04,True
2026-06-06 01:00:00,Lighting,16.11,20.3,0.04,True
2026-06-06 01:00:00,Labs,7.71,20.3,0.04,True
2026-06-06 01:00:00,Server Room,27.05,20.3,0.04,True
2026-06-06 01:00:00,Classrooms,5.5,20.3,0.04,True
2026-06-06 02:00:00,HVAC,25.77,20.4,0.09,True
2026-06-06 02:00:00,Lighting,10.79,20.4,0.09,True
2026-06-06 02:00:00,Labs,5.15,20.4,0.09,True
2026-06-06 02:00:00,Server Room,16.48,20.4,0.09,True
2026-06-06 02:00:00,Classrooms,5.17,20.4,0.09,True
2026-06-06 03:00:00,HVAC,20.67,19.1,0.03,True
2026-06-06 03:00:00,Lighting,6.36,19.1,0.03,True
2026-06-06 03:00:00,Labs,6.68,19.1,0.03,True
2026-06-06 03:00:00,Server Room,20.99,19.1,0.03,True
2026-06-06 03:00:00,Classrooms,5.92,19.1,0.03,True
2026-06-06 04:00:00,HVAC,23.22,19.9,0.11,True
2026-06-06 04:00:00,Lighting,14.26,19.9,0.11,True
2026-06-06 04:00:00,Labs,4.59,19.9,0.11,True
2026-06-06 04:00:00,Server Room,17.13,19.9,0.11,True
2026-06-06 04:00:00,Classrooms,5.96,19.9,0.11,True
2026-06-06 05:00:00,HVAC,25.71,20.9,0.04,True
2026-06-06 05:00:00,Lighting,9.24,20.9,0.04,True
2026-06-06 05:00:00,Labs,6.4,20.9,0.04,True
2026-06-06 05:00:00,Server Room,20.99,20.9,0.04,True
2026-06-06 05:00:00,Classrooms,3.52,20.9,0.04,True
2026-06-06 06:00:00,HVAC,18.52,19.6,0.06,True
2026-06-06 06:00:00,Lighting,6.75,19.6,0.06,True
2026-06-06 06:00:00,Labs,6.6,19.6,0.06,True
2026-06-06 06:00:00,Server Room,25.74,19.6,0.06,True
2026-06-06 06:00:00,Classrooms,2.03,19.6,0.06,True
2026-06-06 07:00:00,HVAC,41.17,23.7,0.16,True
2026-06-06 07:00:00,Lighting,12.61,23.7,0.16,True
2026-06-06 07:00:00,Labs,4.64,23.7,0.16,True
2026-06-06 07:00:00,Server Room,25.57,23.7,0.16,True
2026-06-06 07:00:00,Classrooms,4.62,23.7,0.16,True
2026-06-06 08:00:00,HVAC,60.71,26.5,0.13,True
2026-06-06 08:00:00,Lighting,12.46,26.5,0.13,True
2026-06-06 08:00:00,Labs,2.98,26.5,0.13,True
2026-06-06 08:00:00,Server Room,31.32,26.5,0.13,True
2026-06-06 08:00:00,Classrooms,9.14,26.5,0.13,True
2026-06-06 09:00:00,HVAC,62.25,28.1,0.17,True
2026-06-06 09:00:00,Lighting,12.7,28.1,0.17,True
2026-06-06 09:00:00,Labs,6.06,28.1,0.17,True
2026-06-06 09:00:00,Server Room,24.26,28.1,0.17,True
2026-06-06 09:00:00,Classrooms,12.48,28.1,0.17,True
2026-06-06 10:00:00,HVAC,56.03,26.9,0.11,True
2026-06-06 10:00:00,Lighting,7.68,26.9,0.11,True
2026-06-06 10:00:00,Labs,5.87,26.9,0.11,True
2026-06-06 10:00:00,Server Room,24.41,26.9,0.11,True
2026-06-06 10:00:00,Classrooms,7.18,26.9,0.11,True
2026-06-06 11:00:00,HVAC,65.1,28.8,0.11,True
2026-06-06 11:00:00,Lighting,17.01,28.8,0.11,True
2026-06-06 11:00:00,Labs,4.04,28.8,0.11,True
2026-06-06 11:00:00,Server Room,24.42,28.8,0.11,True
2026-06-06 11:00:00,Classrooms,5.38,28.8,0.11,True
2026-06-06 12:00:00,HVAC,71.96,30.8,0.13,True
2026-06-06 12:00:00,Lighting,11.29,30.8,0.13,True
2026-06-06 12:00:00,Labs,5.16,30.8,0.13,True
2026-06-06 12:00:00,Server Room,25.11,30.8,0.13,True
2026-06-06 12:00:00,Classrooms,12.1,30.8,0.13,True
2026-06-06 13:00:00,HVAC,91.09,33.4,0.11,True
2026-06-06 13:00:00,Lighting,10.24,33.4,0.11,True
2026-06-06 13:00:00,Labs,5.54,33.4,0.11,True
2026-06-06 13:00:00,Server Room,30.0,33.4,0.11,True
2026-06-06 13:00:00,Classrooms,5.77,33.4,0.11,True
2026-06-06 14:00:00,HVAC,75.38,30.3,0.1,True
2026-06-06 14:00:00,Lighting,13.15,30.3,0.1,True
2026-06-06 14:00:00,Labs,9.95,30.3,0.1,True
2026-06-06 14:00:00,Server Room,24.96,30.3,0.1,True
2026-06-06 14:00:00,Classrooms,4.88,30.3,0.1,True
2026-06-06 15:00:00,HVAC,76.03,30.9,0.07,True
2026-06-06 15:00:00,Lighting,12.2,30.9,0.07,True
2026-06-06 15:00:00,Labs,3.86,30.9,0.07,True
2026-06-06 15:00:00,Server Room,31.83,30.9,0.07,True
2026-06-06 15:00:00,Classrooms,3.88,30.9,0.07,True
2026-06-06 16:00:00,HVAC,78.71,30.4,0.17,True
2026-06-06 16:00:00,Lighting,11.49,30.4,0.17,True
2026-06-06 16:00:00,Labs,5.59,30.4,0.17,True
2026-06-06 16:00:00,Server Room,27.38,30.4,0.17,True
2026-06-06 16:00:00,Classrooms,3.21,30.4,0.17,True
2026-06-06 17:00:00,HVAC,85.37,31.4,0.17,True
2026-06-06 17:00:00,Lighting,13.98,31.4,0.17,True
2026-06-06 17:00:00,Labs,4.5,31.4,0.17,True
2026-06-06 17:00:00,Server Room,24.99,31.4,0.17,True
2026-06-06 17:00:00,Classrooms,1.56,31.4,0.17,True
2026-06-06 18:00:00,HVAC,73.69,29.9,0.19,True
2026-06-06 18:00:00,Lighting,13.14,29.9,0.19,True
2026-06-06 18:00:00,Labs,4.18,29.9,0.19,True
2026-06-06 18:00:00,Server Room,25.45,29.9,0.19,True
2026-06-06 18:00:00,Classrooms,4.42,29.9,0.19,True
2026-06-06 19:00:00,HVAC,71.81,29.1,0.2,True
2026-06-06 19:00:00,Lighting,11.87,29.1,0.2,True
2026-06-06 19:00:00,Labs,9.41,29.1,0.2,True
2026-06-06 19:00:00,Server Room,27.0,29.1,0.2,True
2026-06-06 19:00:00,Classrooms,9.84,29.1,0.2,True
2026-06-06 20:00:00,HVAC,60.16,27.0,0.17,True
2026-06-06 20:00:00,Lighting,12.58,27.0,0.17,True
2026-06-06 20:00:00,Labs,4.83,27.0,0.17,True
2026-06-06 20:00:00,Server Room,26.97,27.0,0.17,True
2026-06-06 20:00:00,Classrooms,7.32,27.0,0.17,True
2026-06-06 21:00:00,HVAC,56.1,26.4,0.06,True
2026-06-06 21:00:00,Lighting,10.76,26.4,0.06,True
2026-06-06 21:00:00,Labs,8.54,26.4,0.06,True
2026-06-06 21:00:00,Server Room,26.86,26.4,0.06,True
2026-06-06 21:00:00,Classrooms,4.58,26.4,0.06,True
2026-06-06 22:00:00,HVAC,41.69,23.4,0.03,True
2026-06-06 22:00:00,Lighting,8.9,23.4,0.03,True
2026-06-06 22:00:00,Labs,7.33,23.4,0.03,True
2026-06-06 22:00:00,Server Room,27.19,23.4,0.03,True
2026-06-06 22:00:00,Classrooms,4.95,23.4,0.03,True
2026-06-06 23:00:00,HVAC,49.99,24.9,0.13,True
2026-06-06 23:00:00,Lighting,11.4,24.9,0.13,True
2026-06-06 23:00:00,Labs,10.32,24.9,0.13,True
2026-06-06 23:00:00,Server Room,26.86,24.9,0.13,True
2026-06-06 23:00:00,Classrooms,6.56,24.9,0.13,True
2026-06-07 00:00:00,HVAC,22.69,20.2,0.01,True
2026-06-07 00:00:00,Lighting,9.35,20.2,0.01,True
2026-06-07 00:00:00,Labs,2.17,20.2,0.01,True
2026-06-07 00:00:00,Server Room,18.22,20.2,0.01,True
2026-06-07 00:00:00,Classrooms,2.6,20.2,0.01,True
2026-06-07 01:00:00,HVAC,9.55,16.6,0.17,True
2026-06-07 01:00:00,Lighting,8.09,16.6,0.17,True
2026-06-07 01:00:00,Labs,4.72,16.6,0.17,True
2026-06-07 01:00:00,Server Room,21.93,16.6,0.17,True
2026-06-07 01:00:00,Classrooms,6.86,16.6,0.17,True
2026-06-07 02:00:00,HVAC,25.54,20.1,0.12,True
2026-06-07 02:00:00,Lighting,9.03,20.1,0.12,True
2026-06-07 02:00:00,Labs,7.0,20.1,0.12,True
2026-06-07 02:00:00,Server Room,20.35,20.1,0.12,True
2026-06-07 02:00:00,Classrooms,8.94,20.1,0.12,True
2026-06-07 03:00:00,HVAC,40.48,22.9,0.11,True
2026-06-07 03:00:00,Lighting,13.54,22.9,0.11,True
2026-06-07 03:00:00,Labs,6.71,22.9,0.11,True
2026-06-07 03:00:00,Server Room,18.98,22.9,0.11,True
2026-06-07 03:00:00,Classrooms,8.15,22.9,0.11,True
2026-06-07 04:00:00,HVAC,27.53,21.0,0.01,True
2026-06-07 04:00:00,Lighting,14.52,21.0,0.01,True
2026-06-07 04:00:00,Labs,2.43,21.0,0.01,True
2026-06-07 04:00:00,Server Room,22.41,21.0,0.01,True
2026-06-07 04:00:00,Classrooms,6.81,21.0,0.01,True
2026-06-07 05:00:00,HVAC,28.47,20.7,0.03,True
2026-06-07 05:00:00,Lighting,9.17,20.7,0.03,True
2026-06-07 05:00:00,Labs,0.91,20.7,0.03,True
2026-06-07 05:00:00,Server Room,25.73,20.7,0.03,True
2026-06-07 05:00:00,Classrooms,9.06,20.7,0.03,True
2026-06-07 06:00:00,HVAC,49.6,23.8,0.19,True
2026-06-07 06:00:00,Lighting,9.95,23.8,0.19,True
2026-06-07 06:00:00,Labs,4.14,23.8,0.19,True
2026-06-07 06:00:00,Server Room,28.94,23.8,0.19,True
2026-06-07 06:00:00,Classrooms,0.0,23.8,0.19,True
2026-06-07 07:00:00,HVAC,47.48,25.4,0.18,True
2026-06-07 07:00:00,Lighting,14.38,25.4,0.18,True
2026-06-07 07:00:00,Labs,2.76,25.4,0.18,True
2026-06-07 07:00:00,Server Room,22.9,25.4,0.18,True
2026-06-07 07:00:00,Classrooms,4.03,25.4,0.18,True
2026-06-07 08:00:00,HVAC,52.36,25.8,0.05,True
2026-06-07 08:00:00,Lighting,7.59,25.8,0.05,True
2026-06-07 08:00:00,Labs,0.0,25.8,0.05,True
2026-06-07 08:00:00,Server Room,23.54,25.8,0.05,True
2026-06-07 08:00:00,Classrooms,7.41,25.8,0.05,True
2026-06-07 09:00:00,HVAC,49.87,25.8,0.01,True
2026-06-07 09:00:00,Lighting,13.01,25.8,0.01,True
2026-06-07 09:00:00,Labs,2.58,25.8,0.01,True
2026-06-07 09:00:00,Server Room,29.26,25.8,0.01,True
2026-06-07 09:00:00,Classrooms,6.72,25.8,0.01,True
2026-06-07 10:00:00,HVAC,70.83,29.8,0.02,True
2026-06-07 10:00:00,Lighting,8.88,29.8,0.02,True
2026-06-07 10:00:00,Labs,2.95,29.8,0.02,True
2026-06-07 10:00:00,Server Room,20.36,29.8,0.02,True
2026-06-07 10:00:00,Classrooms,0.0,29.8,0.02,True
2026-06-07 11:00:00,HVAC,68.33,29.3,0.11,True
2026-06-07 11:00:00,Lighting,13.29,29.3,0.11,True
2026-06-07 11:00:00,Labs,5.56,29.3,0.11,True
2026-06-07 11:00:00,Server Room,22.13,29.3,0.11,True
2026-06-07 11:00:00,Classrooms,2.13,29.3,0.11,True
2026-06-07 12:00:00,HVAC,64.81,28.8,0.07,True
2026-06-07 12:00:00,Lighting,10.51,28.8,0.07,True
2026-06-07 12:00:00,Labs,9.75,28.8,0.07,True
2026-06-07 12:00:00,Server Room,22.15,28.8,0.07,True
2026-06-07 12:00:00,Classrooms,2.97,28.8,0.07,True
2026-06-07 13:00:00,HVAC,92.67,33.3,0.15,True
2026-06-07 13:00:00,Lighting,14.41,33.3,0.15,True
2026-06-07 13:00:00,Labs,1.87,33.3,0.15,True
2026-06-07 13:00:00,Server Room,24.61,33.3,0.15,True
2026-06-07 13:00:00,Classrooms,2.88,33.3,0.15,True
2026-06-07 14:00:00,HVAC,86.02,33.2,0.07,True
2026-06-07 14:00:00,Lighting,11.1,33.2,0.07,True
2026-06-07 14:00:00,Labs,8.98,33.2,0.07,True
2026-06-07 14:00:00,Server Room,21.25,33.2,0.07,True
2026-06-07 14:00:00,Classrooms,6.39,33.2,0.07,True
2026-06-07 15:00:00,HVAC,64.33,28.7,0.03,True
2026-06-07 15:00:00,Lighting,16.73,28.7,0.03,True
2026-06-07 15:00:00,Labs,4.44,28.7,0.03,True
2026-06-07 15:00:00,Server Room,19.42,28.7,0.03,True
2026-06-07 15:00:00,Classrooms,4.3,28.7,0.03,True
2026-06-07 16:00:00,HVAC,79.04,31.7,0.04,True
2026-06-07 16:00:00,Lighting,7.37,31.7,0.04,True
2026-06-07 16:00:00,Labs,6.39,31.7,0.04,True
2026-06-07 16:00:00,Server Room,28.56,31.7,0.04,True
2026-06-07 16:00:00,Classrooms,8.6,31.7,0.04,True
2026-06-07 17:00:00,HVAC,77.95,30.1,0.18,True
2026-06-07 17:00:00,Lighting,16.23,30.1,0.18,True
2026-06-07 17:00:00,Labs,9.2,30.1,0.18,True
2026-06-07 17:00:00,Server Room,27.18,30.1,0.18,True
2026-06-07 17:00:00,Classrooms,5.93,30.1,0.18,True
2026-06-07 18:00:00,HVAC,62.89,28.3,0.04,True
2026-06-07 18:00:00,Lighting,17.68,28.3,0.04,True
2026-06-07 18:00:00,Labs,0.4,28.3,0.04,True
2026-06-07 18:00:00,Server Room,32.18,28.3,0.04,True
2026-06-07 18:00:00,Classrooms,3.96,28.3,0.04,True
2026-06-07 19:00:00,HVAC,43.45,24.0,0.15,True
2026-06-07 19:00:00,Lighting,13.72,24.0,0.15,True
2026-06-07 19:00:00,Labs,2.06,24.0,0.15,True
2026-06-07 19:00:00,Server Room,22.04,24.0,0.15,True
2026-06-07 19:00:00,Classrooms,0.85,24.0,0.15,True
2026-06-07 20:00:00,HVAC,55.61,26.6,0.11,True
2026-06-07 20:00:00,Lighting,14.0,26.6,0.11,True
2026-06-07 20:00:00,Labs,5.86,26.6,0.11,True
2026-06-07 20:00:00,Server Room,26.49,26.6,0.11,True
2026-06-07 20:00:00,Classrooms,8.37,26.6,0.11,True
2026-06-07 21:00:00,HVAC,56.25,25.9,0.16,True
2026-06-07 21:00:00,Lighting,12.76,25.9,0.16,True
2026-06-07 21:00:00,Labs,4.06,25.9,0.16,True
2026-06-07 21:00:00,Server Room,22.41,25.9,0.16,True
2026-06-07 21:00:00,Classrooms,6.03,25.9,0.16,True
2026-06-07 22:00:00,HVAC,44.25,24.9,0.01,True
2026-06-07 22:00:00,Lighting,6.88,24.9,0.01,True
2026-06-07 22:00:00,Labs,5.38,24.9,0.01,True
2026-06-07 22:00:00,Server Room,27.46,24.9,0.01,True
2026-06-07 22:00:00,Classrooms,7.3,24.9,0.01,True
2026-06-07 23:00:00,HVAC,19.29,19.1,0.09,True
2026-06-07 23:00:00,Lighting,8.45,19.1,0.09,True
2026-06-07 23:00:00,Labs,7.52,19.1,0.09,True
2026-06-07 23:00:00,Server Room,30.68,19.1,0.09,True
2026-06-07 23:00:00,Classrooms,7.15,19.1,0.09,True
2026-06-08 00:00:00,HVAC,37.36,21.7,0.16,False
2026-06-08 00:00:00,Lighting,9.98,21.7,0.16,False
2026-06-08 00:00:00,Labs,8.33,21.7,0.16,False
2026-06-08 00:00:00,Server Room,26.55,21.7,0.16,False
2026-06-08 00:00:00,Classrooms,5.86,21.7,0.16,False
2026-06-08 01:00:00,HVAC,37.25,21.8,0.16,False
2026-06-08 01:00:00,Lighting,15.92,21.8,0.16,False
2026-06-08 01:00:00,Labs,6.95,21.8,0.16,False
2026-06-08 01:00:00,Server Room,18.26,21.8,0.16,False
2026-06-08 01:00:00,Classrooms,9.96,21.8,0.16,False
2026-06-08 02:00:00,HVAC,24.11,20.1,0.02,False
2026-06-08 02:00:00,Lighting,12.45,20.1,0.02,False
2026-06-08 02:00:00,Labs,9.44,20.1,0.02,False
2026-06-08 02:00:00,Server Room,24.88,20.1,0.02,False
2026-06-08 02:00:00,Classrooms,8.01,20.1,0.02,False
2026-06-08 03:00:00,HVAC,12.53,17.8,0.03,False
2026-06-08 03:00:00,Lighting,11.26,17.8,0.03,False
2026-06-08 03:00:00,Labs,7.22,17.8,0.03,False
2026-06-08 03:00:00,Server Room,22.72,17.8,0.03,False
2026-06-08 03:00:00,Classrooms,6.67,17.8,0.03,False
2026-06-08 04:00:00,HVAC,47.12,24.7,0.13,False
2026-06-08 04:00:00,Lighting,15.7,24.7,0.13,False
2026-06-08 04:00:00,Labs,9.01,24.7,0.13,False
2026-06-08 04:00:00,Server Room,26.39,24.7,0.13,False
2026-06-08 04:00:00,Classrooms,2.04,24.7,0.13,False
2026-06-08 05:00:00,HVAC,25.42,20.5,0.16,False
2026-06-08 05:00:00,Lighting,15.98,20.5,0.16,False
2026-06-08 05:00:00,Labs,6.56,20.5,0.16,False
2026-06-08 05:00:00,Server Room,29.64,20.5,0.16,False
2026-06-08 05:00:00,Classrooms,7.5,20.5,0.16,False
2026-06-08 06:00:00,HVAC,47.76,25.2,0.24,False
2026-06-08 06:00:00,Lighting,12.67,25.2,0.24,False
2026-06-08 06:00:00,Labs,17.4,25.2,0.24,False
2026-06-08 06:00:00,Server Room,23.36,25.2,0.24,False
2026-06-08 06:00:00,Classrooms,4.93,25.2,0.24,False
2026-06-08 07:00:00,HVAC,56.99,25.4,0.23,False
2026-06-08 07:00:00,Lighting,12.14,25.4,0.23,False
2026-06-08 07:00:00,Labs,14.15,25.4,0.23,False
2026-06-08 07:00:00,Server Room,27.69,25.4,0.23,False
2026-06-08 07:00:00,Classrooms,8.18,25.4,0.23,False
2026-06-08 08:00:00,HVAC,75.41,26.3,0.9,False
2026-06-08 08:00:00,Lighting,28.06,26.3,0.9,False
2026-06-08 08:00:00,Labs,24.34,26.3,0.9,False
2026-06-08 08:00:00,Server Room,32.9,26.3,0.9,False
2026-06-08 08:00:00,Classrooms,26.03,26.3,0.9,False
2026-06-08 09:00:00,HVAC,81.9,27.1,0.8,False
2026-06-08 09:00:00,Lighting,17.2,27.1,0.8,False
2026-06-08 09:00:00,Labs,22.22,27.1,0.8,False
2026-06-08 09:00:00,Server Room,27.51,27.1,0.8,False
2026-06-08 09:00:00,Classrooms,19.18,27.1,0.8,False
2026-06-08 10:00:00,HVAC,84.89,29.7,0.64,False
2026-06-08 10:00:00,Lighting,15.61,29.7,0.64,False
2026-06-08 10:00:00,Labs,21.55,29.7,0.64,False
2026-06-08 10:00:00,Server Room,28.3,29.7,0.64,False
2026-06-08 10:00:00,Classrooms,16.01,29.7,0.64,False
2026-06-08 11:00:00,HVAC,83.13,30.1,0.69,False
2026-06-08 11:00:00,Lighting,21.8,30.1,0.69,False
2026-06-08 11:00:00,Labs,19.04,30.1,0.69,False
2026-06-08 11:00:00,Server Room,22.46,30.1,0.69,False
2026-06-08 11:00:00,Classrooms,20.44,30.1,0.69,False
2026-06-08 12:00:00,HVAC,85.85,29.5,0.63,False
2026-06-08 12:00:00,Lighting,21.79,29.5,0.63,False
2026-06-08 12:00:00,Labs,14.44,29.5,0.63,False
2026-06-08 12:00:00,Server Room,32.78,29.5,0.63,False
2026-06-08 12:00:00,Classrooms,19.35,29.5,0.63,False
2026-06-08 13:00:00,HVAC,96.61,31.8,0.61,False
2026-06-08 13:00:00,Lighting,9.81,31.8,0.61,False
2026-06-08 13:00:00,Labs,13.06,31.8,0.61,False
2026-06-08 13:00:00,Server Room,28.7,31.8,0.61,False
2026-06-08 13:00:00,Classrooms,16.93,31.8,0.61,False
2026-06-08 14:00:00,HVAC,110.05,33.5,0.85,False
2026-06-08 14:00:00,Lighting,26.4,33.5,0.85,False
2026-06-08 14:00:00,Labs,22.65,33.5,0.85,False
2026-06-08 14:00:00,Server Room,30.47,33.5,0.85,False
2026-06-08 14:00:00,Classrooms,17.68,33.5,0.85,False
2026-06-08 15:00:00,HVAC,86.32,29.9,0.56,False
2026-06-08 15:00:00,Lighting,22.18,29.9,0.56,False
2026-06-08 15:00:00,Labs,18.52,29.9,0.56,False
2026-06-08 15:00:00,Server Room,29.05,29.9,0.56,False
2026-06-08 15:00:00,Classrooms,17.42,29.9,0.56,False
2026-06-08 16:00:00,HVAC,94.11,30.0,0.7,False
2026-06-08 16:00:00,Lighting,20.23,30.0,0.7,False
2026-06-08 16:00:00,Labs,17.16,30.0,0.7,False
2026-06-08 16:00:00,Server Room,26.72,30.0,0.7,False
2026-06-08 16:00:00,Classrooms,17.43,30.0,0.7,False
2026-06-08 17:00:00,HVAC,103.25,31.3,0.75,False
2026-06-08 17:00:00,Lighting,17.43,31.3,0.75,False
2026-06-08 17:00:00,Labs,20.41,31.3,0.75,False
2026-06-08 17:00:00,Server Room,27.69,31.3,0.75,False
2026-06-08 17:00:00,Classrooms,18.45,31.3,0.75,False
2026-06-08 18:00:00,HVAC,103.5,31.7,0.95,False
2026-06-08 18:00:00,Lighting,18.85,31.7,0.95,False
2026-06-08 18:00:00,Labs,21.27,31.7,0.95,False
2026-06-08 18:00:00,Server Room,29.0,31.7,0.95,False
2026-06-08 18:00:00,Classrooms,26.05,31.7,0.95,False
2026-06-08 19:00:00,HVAC,72.09,28.6,0.17,False
2026-06-08 19:00:00,Lighting,12.75,28.6,0.17,False
2026-06-08 19:00:00,Labs,8.65,28.6,0.17,False
2026-06-08 19:00:00,Server Room,22.87,28.6,0.17,False
2026-06-08 19:00:00,Classrooms,5.5,28.6,0.17,False
2026-06-08 20:00:00,HVAC,54.63,25.8,0.11,False
2026-06-08 20:00:00,Lighting,13.37,25.8,0.11,False
2026-06-08 20:00:00,Labs,10.33,25.8,0.11,False
2026-06-08 20:00:00,Server Room,25.09,25.8,0.11,False
2026-06-08 20:00:00,Classrooms,8.39,25.8,0.11,False
2026-06-08 21:00:00,HVAC,53.62,25.0,0.24,False
2026-06-08 21:00:00,Lighting,11.63,25.0,0.24,False
2026-06-08 21:00:00,Labs,8.33,25.0,0.24,False
2026-06-08 21:00:00,Server Room,21.85,25.0,0.24,False
2026-06-08 21:00:00,Classrooms,8.68,25.0,0.24,False
2026-06-08 22:00:00,HVAC,51.46,26.3,0.13,False
2026-06-08 22:00:00,Lighting,13.72,26.3,0.13,False
2026-06-08 22:00:00,Labs,9.83,26.3,0.13,False
2026-06-08 22:00:00,Server Room,19.92,26.3,0.13,False
2026-06-08 22:00:00,Classrooms,5.12,26.3,0.13,False
2026-06-08 23:00:00,HVAC,18.65,19.9,0.0,False
2026-06-08 23:00:00,Lighting,7.52,19.9,0.0,False
2026-06-08 23:00:00,Labs,2.98,19.9,0.0,False
2026-06-08 23:00:00,Server Room,27.55,19.9,0.0,False
2026-06-08 23:00:00,Classrooms,0.0,19.9,0.0,False
2026-06-09 00:00:00,HVAC,38.74,21.5,0.21,False
2026-06-09 00:00:00,Lighting,15.62,21.5,0.21,False
2026-06-09 00:00:00,Labs,11.52,21.5,0.21,False
2026-06-09 00:00:00,Server Room,29.57,21.5,0.21,False
2026-06-09 00:00:00,Classrooms,10.77,21.5,0.21,False
2026-06-09 01:00:00,HVAC,27.59,20.4,0.18,False
2026-06-09 01:00:00,Lighting,9.11,20.4,0.18,False
2026-06-09 01:00:00,Labs,5.46,20.4,0.18,False
2026-06-09 01:00:00,Server Room,29.22,20.4,0.18,False
2026-06-09 01:00:00,Classrooms,7.93,20.4,0.18,False
2026-06-09 02:00:00,HVAC,15.14,19.8,0.03,False
2026-06-09 02:00:00,Lighting,7.89,19.8,0.03,False
2026-06-09 02:00:00,Labs,7.31,19.8,0.03,False
2026-06-09 02:00:00,Server Room,26.36,19.8,0.03,False
2026-06-09 02:00:00,Classrooms,5.41,19.8,0.03,False
2026-06-09 03:00:00,HVAC,18.91,18.2,0.15,False
2026-06-09 03:00:00,Lighting,10.14,18.2,0.15,False
2026-06-09 03:00:00,Labs,8.63,18.2,0.15,False
2026-06-09 03:00:00,Server Room,24.67,18.2,0.15,False
2026-06-09 03:00:00,Classrooms,6.76,18.2,0.15,False
2026-06-09 04:00:00,HVAC,19.42,19.3,0.09,False
2026-06-09 04:00:00,Lighting,12.21,19.3,0.09,False
2026-06-09 04:00:00,Labs,3.41,19.3,0.09,False
2026-06-09 04:00:00,Server Room,19.73,19.3,0.09,False
2026-06-09 04:00:00,Classrooms,10.81,19.3,0.09,False
2026-06-09 05:00:00,HVAC,41.26,22.3,0.29,False
2026-06-09 05:00:00,Lighting,12.79,22.3,0.29,False
2026-06-09 05:00:00,Labs,11.46,22.3,0.29,False
2026-06-09 05:00:00,Server Room,20.22,22.3,0.29,False
2026-06-09 05:00:00,Classrooms,15.33,22.3,0.29,False
2026-06-09 06:00:00,HVAC,30.67,22.4,0.1,False
2026-06-09 06:00:00,Lighting,10.02,22.4,0.1,False
2026-06-09 06:00:00,Labs,4.17,22.4,0.1,False
2026-06-09 06:00:00,Server Room,23.82,22.4,0.1,False
2026-06-09 06:00:00,Classrooms,6.94,22.4,0.1,False
2026-06-09 07:00:00,HVAC,41.17,23.9,0.09,False
2026-06-09 07:00:00,Lighting,8.88,23.9,0.09,False
2026-06-09 07:00:00,Labs,2.77,23.9,0.09,False
2026-06-09 07:00:00,Server Room,28.35,23.9,0.09,False
2026-06-09 07:00:00,Classrooms,7.4,23.9,0.09,False
2026-06-09 08:00:00,HVAC,66.53,24.7,0.82,False
2026-06-09 08:00:00,Lighting,19.71,24.7,0.82,False
2026-06-09 08:00:00,Labs,21.93,24.7,0.82,False
2026-06-09 08:00:00,Server Room,25.9,24.7,0.82,False
2026-06-09 08:00:00,Classrooms,22.15,24.7,0.82,False
2026-06-09 09:00:00,HVAC,95.77,28.1,0.9,False
2026-06-09 09:00:00,Lighting,26.13,28.1,0.9,False
2026-06-09 09:00:00,Labs,18.55,28.1,0.9,False
2026-06-09 09:00:00,Server Room,23.1,28.1,0.9,False
2026-06-09 09:00:00,Classrooms,17.44,28.1,0.9,False
2026-06-09 10:00:00,HVAC,70.17,26.3,0.74,False
2026-06-09 10:00:00,Lighting,19.3,26.3,0.74,False
2026-06-09 10:00:00,Labs,15.81,26.3,0.74,False
2026-06-09 10:00:00,Server Room,24.36,26.3,0.74,False
2026-06-09 10:00:00,Classrooms,14.44,26.3,0.74,False
2026-06-09 11:00:00,HVAC,93.92,29.0,0.9,False
2026-06-09 11:00:00,Lighting,24.05,29.0,0.9,False
2026-06-09 11:00:00,Labs,21.13,29.0,0.9,False
2026-06-09 11:00:00,Server Room,24.59,29.0,0.9,False
2026-06-09 11:00:00,Classrooms,22.6,29.0,0.9,False
2026-06-09 12:00:00,HVAC,90.98,30.3,0.62,False
2026-06-09 12:00:00,Lighting,16.44,30.3,0.62,False
2026-06-09 12:00:00,Labs,17.52,30.3,0.62,False
2026-06-09 12:00:00,Server Room,27.05,30.3,0.62,False
2026-06-09 12:00:00,Classrooms,13.28,30.3,0.62,False
2026-06-09 13:00:00,HVAC,105.47,33.2,0.74,False
2026-06-09 13:00:00,Lighting,20.99,33.2,0.74,False
2026-06-09 13:00:00,Labs,21.56,33.2,0.74,False
2026-06-09 13:00:00,Server Room,30.29,33.2,0.74,False
2026-06-09 13:00:00,Classrooms,26.5,33.2,0.74,False
2026-06-09 14:00:00,HVAC,113.46,34.9,0.63,False
2026-06-09 14:00:00,Lighting,21.54,34.9,0.63,False
2026-06-09 14:00:00,Labs,14.78,34.9,0.63,False
2026-06-09 14:00:00,Server Room,24.28,34.9,0.63,False
2026-06-09 14:00:00,Classrooms,11.57,34.9,0.63,False
2026-06-09 15:00:00,HVAC,88.95,29.9,0.57,False
2026-06-09 15:00:00,Lighting,17.98,29.9,0.57,False
2026-06-09 15:00:00,Labs,13.72,29.9,0.57,False
2026-06-09 15:00:00,Server Room,26.44,29.9,0.57,False
2026-06-09 15:00:00,Classrooms,18.83,29.9,0.57,False
2026-06-09 16:00:00,HVAC,98.73,32.2,0.68,False
2026-06-09 16:00:00,Lighting,19.32,32.2,0.68,False
2026-06-09 16:00:00,Labs,18.83,32.2,0.68,False
2026-06-09 16:00:00,Server Room,19.86,32.2,0.68,False
2026-06-09 16:00:00,Classrooms,17.69,32.2,0.68,False
2026-06-09 17:00:00,HVAC,107.11,30.7,0.96,False
2026-06-09 17:00:00,Lighting,24.89,30.7,0.96,False
2026-06-09 17:00:00,Labs,27.93,30.7,0.96,False
2026-06-09 17:00:00,Server Room,26.17,30.7,0.96,False
2026-06-09 17:00:00,Classrooms,22.45,30.7,0.96,False
2026-06-09 18:00:00,HVAC,86.37,28.5,0.92,False
2026-06-09 18:00:00,Lighting,24.02,28.5,0.92,False
2026-06-09 18:00:00,Labs,25.71,28.5,0.92,False
2026-06-09 18:00:00,Server Room,24.22,28.5,0.92,False
2026-06-09 18:00:00,Classrooms,25.07,28.5,0.92,False
2026-06-09 19:00:00,HVAC,77.06,29.2,0.28,False
2026-06-09 19:00:00,Lighting,13.7,29.2,0.28,False
2026-06-09 19:00:00,Labs,7.27,29.2,0.28,False
2026-06-09 19:00:00,Server Room,19.88,29.2,0.28,False
2026-06-09 19:00:00,Classrooms,7.46,29.2,0.28,False
2026-06-09 20:00:00,HVAC,64.95,26.5,0.28,False
2026-06-09 20:00:00,Lighting,10.21,26.5,0.28,False
2026-06-09 20:00:00,Labs,12.14,26.5,0.28,False
2026-06-09 20:00:00,Server Room,27.47,26.5,0.28,False
2026-06-09 20:00:00,Classrooms,11.7,26.5,0.28,False
2026-06-09 21:00:00,HVAC,53.14,24.8,0.19,False
2026-06-09 21:00:00,Lighting,3.71,24.8,0.19,False
2026-06-09 21:00:00,Labs,7.1,24.8,0.19,False
2026-06-09 21:00:00,Server Room,21.65,24.8,0.19,False
2026-06-09 21:00:00,Classrooms,9.57,24.8,0.19,False
2026-06-09 22:00:00,HVAC,28.56,20.8,0.14,False
2026-06-09 22:00:00,Lighting,11.99,20.8,0.14,False
2026-06-09 22:00:00,Labs,11.51,20.8,0.14,False
2026-06-09 22:00:00,Server Room,25.26,20.8,0.14,False
2026-06-09 22:00:00,Classrooms,6.27,20.8,0.14,False
2026-06-09 23:00:00,HVAC,32.8,22.7,0.15,False
2026-06-09 23:00:00,Lighting,9.19,22.7,0.15,False
2026-06-09 23:00:00,Labs,8.07,22.7,0.15,False
2026-06-09 23:00:00,Server Room,20.62,22.7,0.15,False
2026-06-09 23:00:00,Classrooms,7.68,22.7,0.15,False
2026-06-10 00:00:00,HVAC,39.35,23.0,0.13,False
2026-06-10 00:00:00,Lighting,12.14,23.0,0.13,False
2026-06-10 00:00:00,Labs,6.43,23.0,0.13,False
2026-06-10 00:00:00,Server Room,21.09,23.0,0.13,False
2026-06-10 00:00:00,Classrooms,2.57,23.0,0.13,False
2026-06-10 01:00:00,HVAC,29.71,20.0,0.25,False
2026-06-10 01:00:00,Lighting,10.66,20.0,0.25,False
2026-06-10 01:00:00,Labs,8.57,20.0,0.25,False
2026-06-10 01:00:00,Server Room,30.79,20.0,0.25,False
2026-06-10 01:00:00,Classrooms,9.77,20.0,0.25,False
2026-06-10 02:00:00,HVAC,30.64,21.4,0.21,False
2026-06-10 02:00:00,Lighting,7.4,21.4,0.21,False
2026-06-10 02:00:00,Labs,11.13,21.4,0.21,False
2026-06-10 02:00:00,Server Room,26.79,21.4,0.21,False
2026-06-10 02:00:00,Classrooms,9.86,21.4,0.21,False
2026-06-10 03:00:00,HVAC,12.41,17.3,0.22,False
2026-06-10 03:00:00,Lighting,17.46,17.3,0.22,False
2026-06-10 03:00:00,Labs,11.54,17.3,0.22,False
2026-06-10 03:00:00,Server Room,15.03,17.3,0.22,False
2026-06-10 03:00:00,Classrooms,3.81,17.3,0.22,False
2026-06-10 04:00:00,HVAC,19.65,19.8,0.06,False
2026-06-10 04:00:00,Lighting,11.29,19.8,0.06,False
2026-06-10 04:00:00,Labs,8.8,19.8,0.06,False
2026-06-10 04:00:00,Server Room,23.94,19.8,0.06,False
2026-06-10 04:00:00,Classrooms,9.02,19.8,0.06,False
2026-06-10 05:00:00,HVAC,32.03,22.2,0.04,False
2026-06-10 05:00:00,Lighting,8.78,22.2,0.04,False
2026-06-10 05:00:00,Labs,5.32,22.2,0.04,False
2026-06-10 05:00:00,Server Room,25.72,22.2,0.04,False
2026-06-10 05:00:00,Classrooms,1.28,22.2,0.04,False
2026-06-10 06:00:00,HVAC,47.29,26.1,0.04,False
2026-06-10 06:00:00,Lighting,11.74,26.1,0.04,False
2026-06-10 06:00:00,Labs,5.09,26.1,0.04,False
2026-06-10 06:00:00,Server Room,27.93,26.1,0.04,False
2026-06-10 06:00:00,Classrooms,8.92,26.1,0.04,False
2026-06-10 07:00:00,HVAC,56.85,25.5,0.27,False
2026-06-10 07:00:00,Lighting,10.73,25.5,0.27,False
2026-06-10 07:00:00,Labs,9.76,25.5,0.27,False
2026-06-10 07:00:00,Server Room,22.92,25.5,0.27,False
2026-06-10 07:00:00,Classrooms,15.95,25.5,0.27,False
2026-06-10 08:00:00,HVAC,70.51,26.6,0.55,False
2026-06-10 08:00:00,Lighting,17.87,26.6,0.55,False
2026-06-10 08:00:00,Labs,20.52,26.6,0.55,False
2026-06-10 08:00:00,Server Room,25.26,26.6,0.55,False
2026-06-10 08:00:00,Classrooms,12.22,26.6,0.55,False
2026-06-10 09:00:00,HVAC,82.54,26.9,0.86,False
2026-06-10 09:00:00,Lighting,25.18,26.9,0.86,False
2026-06-10 09:00:00,Labs,27.71,26.9,0.86,False
2026-06-10 09:00:00,Server Room,22.36,26.9,0.86,False
2026-06-10 09:00:00,Classrooms,21.58,26.9,0.86,False
2026-06-10 10:00:00,HVAC,78.06,27.5,0.77,False
2026-06-10 10:00:00,Lighting,20.93,27.5,0.77,False
2026-06-10 10:00:00,Labs,17.2,27.5,0.77,False
2026-06-10 10:00:00,Server Room,25.37,27.5,0.77,False
2026-06-10 10:00:00,Classrooms,26.1,27.5,0.77,False
2026-06-10 11:00:00,HVAC,92.48,31.5,0.57,False
2026-06-10 11:00:00,Lighting,20.88,31.5,0.57,False
2026-06-10 11:00:00,Labs,10.99,31.5,0.57,False
2026-06-10 11:00:00,Server Room,23.96,31.5,0.57,False
2026-06-10 11:00:00,Classrooms,16.06,31.5,0.57,False
2026-06-10 12:00:00,HVAC,87.74,28.6,0.74,False
2026-06-10 12:00:00,Lighting,22.51,28.6,0.74,False
2026-06-10 12:00:00,Labs,18.79,28.6,0.74,False
2026-06-10 12:00:00,Server Room,25.28,28.6,0.74,False
2026-06-10 12:00:00,Classrooms,22.25,28.6,0.74,False
2026-06-10 13:00:00,HVAC,104.83,31.2,0.72,False
2026-06-10 13:00:00,Lighting,24.1,31.2,0.72,False
2026-06-10 13:00:00,Labs,21.92,31.2,0.72,False
2026-06-10 13:00:00,Server Room,24.84,31.2,0.72,False
2026-06-10 13:00:00,Classrooms,13.64,31.2,0.72,False
2026-06-10 14:00:00,HVAC,109.72,31.3,0.83,False
2026-06-10 14:00:00,Lighting,26.69,31.3,0.83,False
2026-06-10 14:00:00,Labs,15.6,31.3,0.83,False
2026-06-10 14:00:00,Server Room,30.74,31.3,0.83,False
2026-06-10 14:00:00,Classrooms,22.39,31.3,0.83,False
2026-06-10 15:00:00,HVAC,93.37,30.8,0.74,False
2026-06-10 15:00:00,Lighting,22.26,30.8,0.74,False
2026-06-10 15:00:00,Labs,16.64,30.8,0.74,False
2026-06-10 15:00:00,Server Room,24.97,30.8,0.74,False
2026-06-10 15:00:00,Classrooms,17.4,30.8,0.74,False
2026-06-10 16:00:00,HVAC,95.75,31.1,0.64,False
2026-06-10 16:00:00,Lighting,16.14,31.1,0.64,False
2026-06-10 16:00:00,Labs,20.87,31.1,0.64,False
2026-06-10 16:00:00,Server Room,27.1,31.1,0.64,False
2026-06-10 16:00:00,Classrooms,17.73,31.1,0.64,False
2026-06-10 17:00:00,HVAC,109.75,33.1,0.87,False
2026-06-10 17:00:00,Lighting,20.27,33.1,0.87,False
2026-06-10 17:00:00,Labs,24.93,33.1,0.87,False
2026-06-10 17:00:00,Server Room,27.21,33.1,0.87,False
2026-06-10 17:00:00,Classrooms,12.23,33.1,0.87,False
2026-06-10 18:00:00,HVAC,81.08,28.3,0.57,False
2026-06-10 18:00:00,Lighting,22.46,28.3,0.57,False
2026-06-10 18:00:00,Labs,15.57,28.3,0.57,False
2026-06-10 18:00:00,Server Room,18.94,28.3,0.57,False
2026-06-10 18:00:00,Classrooms,16.02,28.3,0.57,False
2026-06-10 19:00:00,HVAC,67.14,27.8,0.15,False
2026-06-10 19:00:00,Lighting,10.18,27.8,0.15,False
2026-06-10 19:00:00,Labs,4.88,27.8,0.15,False
2026-06-10 19:00:00,Server Room,21.97,27.8,0.15,False
2026-06-10 19:00:00,Classrooms,9.05,27.8,0.15,False
2026-06-10 20:00:00,HVAC,58.82,26.5,0.29,False
2026-06-10 20:00:00,Lighting,17.19,26.5,0.29,False
2026-06-10 20:00:00,Labs,10.97,26.5,0.29,False
2026-06-10 20:00:00,Server Room,28.07,26.5,0.29,False
2026-06-10 20:00:00,Classrooms,7.19,26.5,0.29,False
2026-06-10 21:00:00,HVAC,51.96,24.3,0.29,False
2026-06-10 21:00:00,Lighting,17.11,24.3,0.29,False
2026-06-10 21:00:00,Labs,10.28,24.3,0.29,False
2026-06-10 21:00:00,Server Room,19.6,24.3,0.29,False
2026-06-10 21:00:00,Classrooms,12.43,24.3,0.29,False
2026-06-10 22:00:00,HVAC,42.28,23.9,0.12,False
2026-06-10 22:00:00,Lighting,14.08,23.9,0.12,False
2026-06-10 22:00:00,Labs,8.09,23.9,0.12,False
2026-06-10 22:00:00,Server Room,27.94,23.9,0.12,False
2026-06-10 22:00:00,Classrooms,4.99,23.9,0.12,False
2026-06-10 23:00:00,HVAC,43.77,23.8,0.17,False
2026-06-10 23:00:00,Lighting,10.27,23.8,0.17,False
2026-06-10 23:00:00,Labs,12.29,23.8,0.17,False
2026-06-10 23:00:00,Server Room,22.48,23.8,0.17,False
2026-06-10 23:00:00,Classrooms,5.4,23.8,0.17,False
2026-06-11 00:00:00,HVAC,29.67,21.8,0.16,False
2026-06-11 00:00:00,Lighting,11.85,21.8,0.16,False
2026-06-11 00:00:00,Labs,13.27,21.8,0.16,False
2026-06-11 00:00:00,Server Room,22.39,21.8,0.16,False
2026-06-11 00:00:00,Classrooms,3.87,21.8,0.16,False
2026-06-11 01:00:00,HVAC,15.27,19.4,0.01,False
2026-06-11 01:00:00,Lighting,11.6,19.4,0.01,False
2026-06-11 01:00:00,Labs,4.27,19.4,0.01,False
2026-06-11 01:00:00,Server Room,15.48,19.4,0.01,False
2026-06-11 01:00:00,Classrooms,4.35,19.4,0.01,False
2026-06-11 02:00:00,HVAC,42.71,22.2,0.27,False
2026-06-11 02:00:00,Lighting,15.71,22.2,0.27,False
2026-06-11 02:00:00,Labs,12.53,22.2,0.27,False
2026-06-11 02:00:00,Server Room,27.17,22.2,0.27,False
2026-06-11 02:00:00,Classrooms,8.9,22.2,0.27,False
2026-06-11 03:00:00,HVAC,30.42,20.4,0.17,False
2026-06-11 03:00:00,Lighting,14.34,20.4,0.17,False
2026-06-11 03:00:00,Labs,10.26,20.4,0.17,False
2026-06-11 03:00:00,Server Room,25.75,20.4,0.17,False
2026-06-11 03:00:00,Classrooms,8.12,20.4,0.17,False
2026-06-11 04:00:00,HVAC,47.11,23.4,0.21,False
2026-06-11 04:00:00,Lighting,13.14,23.4,0.21,False
2026-06-11 04:00:00,Labs,5.93,23.4,0.21,False
2026-06-11 04:00:00,Server Room,18.67,23.4,0.21,False
2026-06-11 04:00:00,Classrooms,13.52,23.4,0.21,False
2026-06-11 05:00:00,HVAC,46.35,23.3,0.29,False
2026-06-11 05:00:00,Lighting,16.88,23.3,0.29,False
2026-06-11 05:00:00,Labs,4.51,23.3,0.29,False
2026-06-11 05:00:00,Server Room,19.28,23.3,0.29,False
2026-06-11 05:00:00,Classrooms,13.13,23.3,0.29,False
2026-06-11 06:00:00,HVAC,31.08,22.4,0.15,False
2026-06-11 06:00:00,Lighting,13.78,22.4,0.15,False
2026-06-11 06:00:00,Labs,11.72,22.4,0.15,False
2026-06-11 06:00:00,Server Room,24.71,22.4,0.15,False
2026-06-11 06:00:00,Classrooms,8.25,22.4,0.15,False
2026-06-11 07:00:00,HVAC,49.28,25.4,0.21,False
2026-06-11 07:00:00,Lighting,14.96,25.4,0.21,False
2026-06-11 07:00:00,Labs,7.52,25.4,0.21,False
2026-06-11 07:00:00,Server Room,27.2,25.4,0.21,False
2026-06-11 07:00:00,Classrooms,5.88,25.4,0.21,False
2026-06-11 08:00:00,HVAC,60.13,24.2,0.51,False
2026-06-11 08:00:00,Lighting,15.38,24.2,0.51,False
2026-06-11 08:00:00,Labs,15.55,24.2,0.51,False
2026-06-11 08:00:00,Server Room,24.74,24.2,0.51,False
2026-06-11 08:00:00,Classrooms,13.18,24.2,0.51,False
2026-06-11 09:00:00,HVAC,94.14,28.2,0.99,False
2026-06-11 09:00:00,Lighting,25.67,28.2,0.99,False
2026-06-11 09:00:00,Labs,25.11,28.2,0.99,False
2026-06-11 09:00:00,Server Room,28.27,28.2,0.99,False
2026-06-11 09:00:00,Classrooms,28.59,28.2,0.99,False
2026-06-11 10:00:00,HVAC,72.68,28.1,0.53,False
2026-06-11 10:00:00,Lighting,20.09,28.1,0.53,False
2026-06-11 10:00:00,Labs,17.32,28.1,0.53,False
2026-06-11 10:00:00,Server Room,28.33,28.1,0.53,False
2026-06-11 10:00:00,Classrooms,10.27,28.1,0.53,False
2026-06-11 11:00:00,HVAC,88.45,29.8,0.79,False
2026-06-11 11:00:00,Lighting,20.84,29.8,0.79,False
2026-06-11 11:00:00,Labs,26.88,29.8,0.79,False
2026-06-11 11:00:00,Server Room,27.17,29.8,0.79,False
2026-06-11 11:00:00,Classrooms,19.99,29.8,0.79,False
2026-06-11 12:00:00,HVAC,107.78,32.1,0.87,False
2026-06-11 12:00:00,Lighting,33.65,32.1,0.87,False
2026-06-11 12:00:00,Labs,21.89,32.1,0.87,False
2026-06-11 12:00:00,Server Room,29.39,32.1,0.87,False
2026-06-11 12:00:00,Classrooms,16.88,32.1,0.87,False
2026-06-11 13:00:00,HVAC,97.28,30.4,0.88,False
2026-06-11 13:00:00,Lighting,26.72,30.4,0.88,False
2026-06-11 13:00:00,Labs,25.28,30.4,0.88,False
2026-06-11 13:00:00,Server Room,24.38,30.4,0.88,False
2026-06-11 13:00:00,Classrooms,21.71,30.4,0.88,False
2026-06-11 14:00:00,HVAC,98.31,30.5,0.71,False
2026-06-11 14:00:00,Lighting,21.14,30.5,0.71,False
2026-06-11 14:00:00,Labs,19.28,30.5,0.71,False
2026-06-11 14:00:00,Server Room,22.11,30.5,0.71,False
2026-06-11 14:00:00,Classrooms,17.83,30.5,0.71,False
2026-06-11 15:00:00,HVAC,115.84,33.7,0.97,False
2026-06-11 15:00:00,Lighting,22.43,33.7,0.97,False
2026-06-11 15:00:00,Labs,23.83,33.7,0.97,False
2026-06-11 15:00:00,Server Room,23.04,33.7,0.97,False
2026-06-11 15:00:00,Classrooms,24.47,33.7,0.97,False
2026-06-11 16:00:00,HVAC,108.48,30.9,0.98,False
2026-06-11 16:00:00,Lighting,27.51,30.9,0.98,False
2026-06-11 16:00:00,Labs,25.38,30.9,0.98,False
2026-06-11 16:00:00,Server Room,25.09,30.9,0.98,False
2026-06-11 16:00:00,Classrooms,19.85,30.9,0.98,False
2026-06-11 17:00:00,HVAC,89.01,29.3,0.77,False
2026-06-11 17:00:00,Lighting,18.62,29.3,0.77,False
2026-06-11 17:00:00,Labs,19.41,29.3,0.77,False
2026-06-11 17:00:00,Server Room,30.53,29.3,0.77,False
2026-06-11 17:00:00,Classrooms,18.56,29.3,0.77,False
2026-06-11 18:00:00,HVAC,64.33,26.5,0.53,False
2026-06-11 18:00:00,Lighting,19.37,26.5,0.53,False
2026-06-11 18:00:00,Labs,15.44,26.5,0.53,False
2026-06-11 18:00:00,Server Room,31.62,26.5,0.53,False
2026-06-11 18:00:00,Classrooms,13.4,26.5,0.53,False
2026-06-11 19:00:00,HVAC,66.44,27.3,0.26,False
2026-06-11 19:00:00,Lighting,14.65,27.3,0.26,False
2026-06-11 19:00:00,Labs,10.29,27.3,0.26,False
2026-06-11 19:00:00,Server Room,30.77,27.3,0.26,False
2026-06-11 19:00:00,Classrooms,8.08,27.3,0.26,False
2026-06-11 20:00:00,HVAC,57.58,26.6,0.26,False
2026-06-11 20:00:00,Lighting,14.72,26.6,0.26,False
2026-06-11 20:00:00,Labs,6.38,26.6,0.26,False
2026-06-11 20:00:00,Server Room,24.5,26.6,0.26,False
2026-06-11 20:00:00,Classrooms,9.37,26.6,0.26,False
2026-06-11 21:00:00,HVAC,33.48,23.6,0.05,False
2026-06-11 21:00:00,Lighting,13.08,23.6,0.05,False
2026-06-11 21:00:00,Labs,8.8,23.6,0.05,False
2026-06-11 21:00:00,Server Room,26.05,23.6,0.05,False
2026-06-11 21:00:00,Classrooms,2.09,23.6,0.05,False
2026-06-11 22:00:00,HVAC,40.12,24.0,0.09,False
2026-06-11 22:00:00,Lighting,12.8,24.0,0.09,False
2026-06-11 22:00:00,Labs,7.81,24.0,0.09,False
2026-06-11 22:00:00,Server Room,30.08,24.0,0.09,False
2026-06-11 22:00:00,Classrooms,8.72,24.0,0.09,False
2026-06-11 23:00:00,HVAC,29.4,21.0,0.23,False
2026-06-11 23:00:00,Lighting,16.13,21.0,0.23,False
2026-06-11 23:00:00,Labs,17.91,21.0,0.23,False
2026-06-11 23:00:00,Server Room,20.98,21.0,0.23,False
2026-06-11 23:00:00,Classrooms,10.41,21.0,0.23,False
2026-06-12 00:00:00,HVAC,23.78,19.0,0.23,False
2026-06-12 00:00:00,Lighting,9.94,19.0,0.23,False
2026-06-12 00:00:00,Labs,5.25,19.0,0.23,False
2026-06-12 00:00:00,Server Room,29.87,19.0,0.23,False
2026-06-12 00:00:00,Classrooms,7.26,19.0,0.23,False
2026-06-12 01:00:00,HVAC,32.76,22.0,0.07,False
2026-06-12 01:00:00,Lighting,8.1,22.0,0.07,False
2026-06-12 01:00:00,Labs,3.62,22.0,0.07,False
2026-06-12 01:00:00,Server Room,20.11,22.0,0.07,False
2026-06-12 01:00:00,Classrooms,7.91,22.0,0.07,False
2026-06-12 02:00:00,HVAC,22.15,19.5,0.16,False
2026-06-12 02:00:00,Lighting,12.36,19.5,0.16,False
2026-06-12 02:00:00,Labs,8.39,19.5,0.16,False
2026-06-12 02:00:00,Server Room,19.31,19.5,0.16,False
2026-06-12 02:00:00,Classrooms,2.83,19.5,0.16,False
2026-06-12 03:00:00,HVAC,19.21,18.4,0.23,False
2026-06-12 03:00:00,Lighting,13.95,18.4,0.23,False
2026-06-12 03:00:00,Labs,9.4,18.4,0.23,False
2026-06-12 03:00:00,Server Room,32.02,18.4,0.23,False
2026-06-12 03:00:00,Classrooms,8.03,18.4,0.23,False
2026-06-12 04:00:00,HVAC,38.11,21.7,0.12,False
2026-06-12 04:00:00,Lighting,16.73,21.7,0.12,False
2026-06-12 04:00:00,Labs,5.48,21.7,0.12,False
2026-06-12 04:00:00,Server Room,22.94,21.7,0.12,False
2026-06-12 04:00:00,Classrooms,6.53,21.7,0.12,False
2026-06-12 05:00:00,HVAC,38.31,23.3,0.12,False
2026-06-12 05:00:00,Lighting,10.15,23.3,0.12,False
2026-06-12 05:00:00,Labs,0.86,23.3,0.12,False
2026-06-12 05:00:00,Server Room,24.69,23.3,0.12,False
2026-06-12 05:00:00,Classrooms,2.43,23.3,0.12,False
2026-06-12 06:00:00,HVAC,35.28,22.5,0.02,False
2026-06-12 06:00:00,Lighting,11.96,22.5,0.02,False
2026-06-12 06:00:00,Labs,2.22,22.5,0.02,False
2026-06-12 06:00:00,Server Room,24.61,22.5,0.02,False
2026-06-12 06:00:00,Classrooms,11.05,22.5,0.02,False
2026-06-12 07:00:00,HVAC,41.77,23.1,0.18,False
2026-06-12 07:00:00,Lighting,8.02,23.1,0.18,False
2026-06-12 07:00:00,Labs,12.04,23.1,0.18,False
2026-06-12 07:00:00,Server Room,26.01,23.1,0.18,False
2026-06-12 07:00:00,Classrooms,9.79,23.1,0.18,False
2026-06-12 08:00:00,HVAC,65.06,25.7,0.6,False
2026-06-12 08:00:00,Lighting,20.86,25.7,0.6,False
2026-06-12 08:00:00,Labs,17.09,25.7,0.6,False
2026-06-12 08:00:00,Server Room,23.45,25.7,0.6,False
2026-06-12 08:00:00,Classrooms,11.54,25.7,0.6,False
2026-06-12 09:00:00,HVAC,80.28,27.5,0.69,False
2026-06-12 09:00:00,Lighting,19.63,27.5,0.69,False
2026-06-12 09:00:00,Labs,19.29,27.5,0.69,False
2026-06-12 09:00:00,Server Room,26.4,27.5,0.69,False
2026-06-12 09:00:00,Classrooms,14.95,27.5,0.69,False
2026-06-12 10:00:00,HVAC,74.71,28.5,0.51,False
2026-06-12 10:00:00,Lighting,19.6,28.5,0.51,False
2026-06-12 10:00:00,Labs,15.16,28.5,0.51,False
2026-06-12 10:00:00,Server Room,21.58,28.5,0.51,False
2026-06-12 10:00:00,Classrooms,17.53,28.5,0.51,False
2026-06-12 11:00:00,HVAC,95.8,30.1,0.88,False
2026-06-12 11:00:00,Lighting,20.97,30.1,0.88,False
2026-06-12 11:00:00,Labs,27.26,30.1,0.88,False
2026-06-12 11:00:00,Server Room,20.67,30.1,0.88,False
2026-06-12 11:00:00,Classrooms,19.79,30.1,0.88,False
2026-06-12 12:00:00,HVAC,104.94,32.5,0.66,False
2026-06-12 12:00:00,Lighting,23.73,32.5,0.66,False
2026-06-12 12:00:00,Labs,16.5,32.5,0.66,False
2026-06-12 12:00:00,Server Room,26.7,32.5,0.66,False
2026-06-12 12:00:00,Classrooms,13.36,32.5,0.66,False
2026-06-12 13:00:00,HVAC,101.93,32.5,0.62,False
2026-06-12 13:00:00,Lighting,17.95,32.5,0.62,False
2026-06-12 13:00:00,Labs,19.12,32.5,0.62,False
2026-06-12 13:00:00,Server Room,27.17,32.5,0.62,False
2026-06-12 13:00:00,Classrooms,14.33,32.5,0.62,False
2026-06-12 14:00:00,HVAC,122.06,35.1,0.91,False
2026-06-12 14:00:00,Lighting,24.32,35.1,0.91,False
2026-06-12 14:00:00,Labs,20.9,35.1,0.91,False
2026-06-12 14:00:00,Server Room,24.11,35.1,0.91,False
2026-06-12 14:00:00,Classrooms,21.69,35.1,0.91,False
2026-06-12 15:00:00,HVAC,103.72,32.4,0.59,False
2026-06-12 15:00:00,Lighting,17.02,32.4,0.59,False
2026-06-12 15:00:00,Labs,17.5,32.4,0.59,False
2026-06-12 15:00:00,Server Room,20.98,32.4,0.59,False
2026-06-12 15:00:00,Classrooms,20.27,32.4,0.59,False
2026-06-12 16:00:00,HVAC,98.72,31.1,0.71,False
2026-06-12 16:00:00,Lighting,25.31,31.1,0.71,False
2026-06-12 16:00:00,Labs,22.32,31.1,0.71,False
2026-06-12 16:00:00,Server Room,25.79,31.1,0.71,False
2026-06-12 16:00:00,Classrooms,16.77,31.1,0.71,False
2026-06-12 17:00:00,HVAC,93.21,30.0,0.73,False
2026-06-12 17:00:00,Lighting,19.95,30.0,0.73,False
2026-06-12 17:00:00,Labs,14.34,30.0,0.73,False
2026-06-12 17:00:00,Server Room,32.88,30.0,0.73,False
2026-06-12 17:00:00,Classrooms,20.75,30.0,0.73,False
2026-06-12 18:00:00,HVAC,77.22,26.0,0.72,False
2026-06-12 18:00:00,Lighting,21.31,26.0,0.72,False
2026-06-12 18:00:00,Labs,17.11,26.0,0.72,False
2026-06-12 18:00:00,Server Room,25.57,26.0,0.72,False
2026-06-12 18:00:00,Classrooms,14.65,26.0,0.72,False
2026-06-12 19:00:00,HVAC,74.19,28.0,0.29,False
2026-06-12 19:00:00,Lighting,13.25,28.0,0.29,False
2026-06-12 19:00:00,Labs,14.29,28.0,0.29,False
2026-06-12 19:00:00,Server Room,20.49,28.0,0.29,False
2026-06-12 19:00:00,Classrooms,12.94,28.0,0.29,False
2026-06-12 20:00:00,HVAC,53.05,25.0,0.24,False
2026-06-12 20:00:00,Lighting,8.43,25.0,0.24,False
2026-06-12 20:00:00,Labs,6.03,25.0,0.24,False
2026-06-12 20:00:00,Server Room,30.07,25.0,0.24,False
2026-06-12 20:00:00,Classrooms,12.44,25.0,0.24,False
2026-06-12 21:00:00,HVAC,25.09,20.9,0.0,False
2026-06-12 21:00:00,Lighting,8.42,20.9,0.0,False
2026-06-12 21:00:00,Labs,2.67,20.9,0.0,False
2026-06-12 21:00:00,Server Room,21.58,20.9,0.0,False
2026-06-12 21:00:00,Classrooms,5.33,20.9,0.0,False
2026-06-12 22:00:00,HVAC,31.69,21.3,0.23,False
2026-06-12 22:00:00,Lighting,12.73,21.3,0.23,False
2026-06-12 22:00:00,Labs,8.92,21.3,0.23,False
2026-06-12 22:00:00,Server Room,24.48,21.3,0.23,False
2026-06-12 22:00:00,Classrooms,8.96,21.3,0.23,False
2026-06-12 23:00:00,HVAC,23.0,20.1,0.13,False
2026-06-12 23:00:00,Lighting,5.29,20.1,0.13,False
2026-06-12 23:00:00,Labs,6.02,20.1,0.13,False
2026-06-12 23:00:00,Server Room,24.98,20.1,0.13,False
2026-06-12 23:00:00,Classrooms,5.84,20.1,0.13,False
2026-06-13 00:00:00,HVAC,42.49,23.2,0.07,True
2026-06-13 00:00:00,Lighting,13.62,23.2,0.07,True
2026-06-13 00:00:00,Labs,8.65,23.2,0.07,True
2026-06-13 00:00:00,Server Room,25.67,23.2,0.07,True
2026-06-13 00:00:00,Classrooms,4.1,23.2,0.07,True
2026-06-13 01:00:00,HVAC,13.64,17.4,0.1,True
2026-06-13 01:00:00,Lighting,9.07,17.4,0.1,True
2026-06-13 01:00:00,Labs,2.96,17.4,0.1,True
2026-06-13 01:00:00,Server Room,20.86,17.4,0.1,True
2026-06-13 01:00:00,Classrooms,1.92,17.4,0.1,True
2026-06-13 02:00:00,HVAC,37.92,22.6,0.12,True
2026-06-13 02:00:00,Lighting,7.66,22.6,0.12,True
2026-06-13 02:00:00,Labs,0.0,22.6,0.12,True
2026-06-13 02:00:00,Server Room,22.96,22.6,0.12,True
2026-06-13 02:00:00,Classrooms,9.45,22.6,0.12,True
2026-06-13 03:00:00,HVAC,24.92,19.7,0.19,True
2026-06-13 03:00:00,Lighting,14.31,19.7,0.19,True
2026-06-13 03:00:00,Labs,5.55,19.7,0.19,True
2026-06-13 03:00:00,Server Room,27.52,19.7,0.19,True
2026-06-13 03:00:00,Classrooms,5.49,19.7,0.19,True
2026-06-13 04:00:00,HVAC,23.51,21.0,0.03,True
2026-06-13 04:00:00,Lighting,10.51,21.0,0.03,True
2026-06-13 04:00:00,Labs,5.52,21.0,0.03,True
2026-06-13 04:00:00,Server Room,21.93,21.0,0.03,True
2026-06-13 04:00:00,Classrooms,4.32,21.0,0.03,True
2026-06-13 05:00:00,HVAC,34.06,22.6,0.07,True
2026-06-13 05:00:00,Lighting,10.96,22.6,0.07,True
2026-06-13 05:00:00,Labs,1.79,22.6,0.07,True
2026-06-13 05:00:00,Server Room,21.58,22.6,0.07,True
2026-06-13 05:00:00,Classrooms,0.0,22.6,0.07,True
2026-06-13 06:00:00,HVAC,27.81,20.7,0.14,True
2026-06-13 06:00:00,Lighting,18.94,20.7,0.14,True
2026-06-13 06:00:00,Labs,5.89,20.7,0.14,True
2026-06-13 06:00:00,Server Room,22.25,20.7,0.14,True
2026-06-13 06:00:00,Classrooms,12.63,20.7,0.14,True
2026-06-13 07:00:00,HVAC,50.07,25.3,0.13,True
2026-06-13 07:00:00,Lighting,10.48,25.3,0.13,True
2026-06-13 07:00:00,Labs,1.17,25.3,0.13,True
2026-06-13 07:00:00,Server Room,17.97,25.3,0.13,True
2026-06-13 07:00:00,Classrooms,1.93,25.3,0.13,True
2026-06-13 08:00:00,HVAC,61.45,27.9,0.07,True
2026-06-13 08:00:00,Lighting,8.53,27.9,0.07,True
2026-06-13 08:00:00,Labs,6.72,27.9,0.07,True
2026-06-13 08:00:00,Server Room,29.44,27.9,0.07,True
2026-06-13 08:00:00,Classrooms,0.0,27.9,0.07,True
2026-06-13 09:00:00,HVAC,55.36,26.3,0.16,True
2026-06-13 09:00:00,Lighting,2.77,26.3,0.16,True
2026-06-13 09:00:00,Labs,3.0,26.3,0.16,True
2026-06-13 09:00:00,Server Room,24.34,26.3,0.16,True
2026-06-13 09:00:00,Classrooms,3.46,26.3,0.16,True
2026-06-13 10:00:00,HVAC,66.16,29.7,0.01,True
2026-06-13 10:00:00,Lighting,12.78,29.7,0.01,True
2026-06-13 10:00:00,Labs,4.28,29.7,0.01,True
2026-06-13 10:00:00,Server Room,27.5,29.7,0.01,True
2026-06-13 10:00:00,Classrooms,5.69,29.7,0.01,True
2026-06-13 11:00:00,HVAC,97.78,33.5,0.09,True
2026-06-13 11:00:00,Lighting,8.82,33.5,0.09,True
2026-06-13 11:00:00,Labs,9.84,33.5,0.09,True
2026-06-13 11:00:00,Server Room,30.37,33.5,0.09,True
2026-06-13 11:00:00,Classrooms,5.88,33.5,0.09,True
2026-06-13 12:00:00,HVAC,83.82,31.2,0.19,True
2026-06-13 12:00:00,Lighting,7.97,31.2,0.19,True
2026-06-13 12:00:00,Labs,12.97,31.2,0.19,True
2026-06-13 12:00:00,Server Room,25.68,31.2,0.19,True
2026-06-13 12:00:00,Classrooms,5.49,31.2,0.19,True
2026-06-13 13:00:00,HVAC,90.14,32.9,0.04,True
2026-06-13 13:00:00,Lighting,4.06,32.9,0.04,True
2026-06-13 13:00:00,Labs,5.32,32.9,0.04,True
2026-06-13 13:00:00,Server Room,27.32,32.9,0.04,True
2026-06-13 13:00:00,Classrooms,5.67,32.9,0.04,True
2026-06-13 14:00:00,HVAC,86.23,32.4,0.19,True
2026-06-13 14:00:00,Lighting,9.31,32.4,0.19,True
2026-06-13 14:00:00,Labs,3.16,32.4,0.19,True
2026-06-13 14:00:00,Server Room,24.16,32.4,0.19,True
2026-06-13 14:00:00,Classrooms,0.0,32.4,0.19,True
2026-06-13 15:00:00,HVAC,79.54,30.2,0.13,True
2026-06-13 15:00:00,Lighting,14.49,30.2,0.13,True
2026-06-13 15:00:00,Labs,5.11,30.2,0.13,True
2026-06-13 15:00:00,Server Room,27.52,30.2,0.13,True
2026-06-13 15:00:00,Classrooms,0.0,30.2,0.13,True
2026-06-13 16:00:00,HVAC,80.74,31.0,0.18,True
2026-06-13 16:00:00,Lighting,12.89,31.0,0.18,True
2026-06-13 16:00:00,Labs,0.0,31.0,0.18,True
2026-06-13 16:00:00,Server Room,20.62,31.0,0.18,True
2026-06-13 16:00:00,Classrooms,6.78,31.0,0.18,True
2026-06-13 17:00:00,HVAC,89.39,32.2,0.13,True
2026-06-13 17:00:00,Lighting,10.53,32.2,0.13,True
2026-06-13 17:00:00,Labs,9.14,32.2,0.13,True
2026-06-13 17:00:00,Server Room,19.53,32.2,0.13,True
2026-06-13 17:00:00,Classrooms,6.77,32.2,0.13,True
2026-06-13 18:00:00,HVAC,73.94,30.4,0.1,True
2026-06-13 18:00:00,Lighting,12.95,30.4,0.1,True
2026-06-13 18:00:00,Labs,4.86,30.4,0.1,True
2026-06-13 18:00:00,Server Room,24.29,30.4,0.1,True
2026-06-13 18:00:00,Classrooms,4.34,30.4,0.1,True
2026-06-13 19:00:00,HVAC,61.08,27.9,0.02,True
2026-06-13 19:00:00,Lighting,10.44,27.9,0.02,True
2026-06-13 19:00:00,Labs,6.69,27.9,0.02,True
2026-06-13 19:00:00,Server Room,24.51,27.9,0.02,True
2026-06-13 19:00:00,Classrooms,0.8,27.9,0.02,True
2026-06-13 20:00:00,HVAC,65.13,29.2,0.13,True
2026-06-13 20:00:00,Lighting,19.7,29.2,0.13,True
2026-06-13 20:00:00,Labs,7.84,29.2,0.13,True
2026-06-13 20:00:00,Server Room,25.59,29.2,0.13,True
2026-06-13 20:00:00,Classrooms,3.15,29.2,0.13,True
2026-06-13 21:00:00,HVAC,45.39,25.2,0.09,True
2026-06-13 21:00:00,Lighting,8.74,25.2,0.09,True
2026-06-13 21:00:00,Labs,7.16,25.2,0.09,True
2026-06-13 21:00:00,Server Room,26.17,25.2,0.09,True
2026-06-13 21:00:00,Classrooms,6.63,25.2,0.09,True
2026-06-13 22:00:00,HVAC,33.26,22.1,0.04,True
2026-06-13 22:00:00,Lighting,10.53,22.1,0.04,True
2026-06-13 22:00:00,Labs,2.63,22.1,0.04,True
2026-06-13 22:00:00,Server Room,24.33,22.1,0.04,True
2026-06-13 22:00:00,Classrooms,3.59,22.1,0.04,True
2026-06-13 23:00:00,HVAC,26.35,19.5,0.12,True
2026-06-13 23:00:00,Lighting,15.7,19.5,0.12,True
2026-06-13 23:00:00,Labs,2.65,19.5,0.12,True
2026-06-13 23:00:00,Server Room,21.91,19.5,0.12,True
2026-06-13 23:00:00,Classrooms,5.4,19.5,0.12,True
2026-06-14 00:00:00,HVAC,27.7,19.8,0.07,True
2026-06-14 00:00:00,Lighting,11.24,19.8,0.07,True
2026-06-14 00:00:00,Labs,4.77,19.8,0.07,True
2026-06-14 00:00:00,Server Room,24.72,19.8,0.07,True
2026-06-14 00:00:00,Classrooms,0.53,19.8,0.07,True
2026-06-14 01:00:00,HVAC,29.18,20.8,0.16,True
2026-06-14 01:00:00,Lighting,10.3,20.8,0.16,True
2026-06-14 01:00:00,Labs,5.53,20.8,0.16,True
2026-06-14 01:00:00,Server Room,39.43,20.8,0.16,True
2026-06-14 01:00:00,Classrooms,4.36,20.8,0.16,True
2026-06-14 02:00:00,HVAC,17.6,19.6,0.05,True
2026-06-14 02:00:00,Lighting,10.42,19.6,0.05,True
2026-06-14 02:00:00,Labs,6.78,19.6,0.05,True
2026-06-14 02:00:00,Server Room,23.91,19.6,0.05,True
2026-06-14 02:00:00,Classrooms,7.43,19.6,0.05,True
2026-06-14 03:00:00,HVAC,16.44,18.4,0.06,True
2026-06-14 03:00:00,Lighting,9.11,18.4,0.06,True
2026-06-14 03:00:00,Labs,5.07,18.4,0.06,True
2026-06-14 03:00:00,Server Room,25.28,18.4,0.06,True
2026-06-14 03:00:00,Classrooms,6.09,18.4,0.06,True
2026-06-14 04:00:00,HVAC,30.03,20.7,0.18,True
2026-06-14 04:00:00,Lighting,9.82,20.7,0.18,True
2026-06-14 04:00:00,Labs,0.0,20.7,0.18,True
2026-06-14 04:00:00,Server Room,23.98,20.7,0.18,True
2026-06-14 04:00:00,Classrooms,0.0,20.7,0.18,True
2026-06-14 05:00:00,HVAC,33.76,21.3,0.11,True
2026-06-14 05:00:00,Lighting,7.87,21.3,0.11,True
2026-06-14 05:00:00,Labs,4.0,21.3,0.11,True
2026-06-14 05:00:00,Server Room,24.93,21.3,0.11,True
2026-06-14 05:00:00,Classrooms,8.09,21.3,0.11,True
2026-06-14 06:00:00,HVAC,38.67,22.5,0.13,True
2026-06-14 06:00:00,Lighting,14.37,22.5,0.13,True
2026-06-14 06:00:00,Labs,5.7,22.5,0.13,True
2026-06-14 06:00:00,Server Room,31.23,22.5,0.13,True
2026-06-14 06:00:00,Classrooms,12.78,22.5,0.13,True
2026-06-14 07:00:00,HVAC,44.12,24.2,0.13,True
2026-06-14 07:00:00,Lighting,11.77,24.2,0.13,True
2026-06-14 07:00:00,Labs,3.07,24.2,0.13,True
2026-06-14 07:00:00,Server Room,26.72,24.2,0.13,True
2026-06-14 07:00:00,Classrooms,6.07,24.2,0.13,True
2026-06-14 08:00:00,HVAC,46.07,24.6,0.08,True
2026-06-14 08:00:00,Lighting,10.43,24.6,0.08,True
2026-06-14 08:00:00,Labs,3.38,24.6,0.08,True
2026-06-14 08:00:00,Server Room,23.39,24.6,0.08,True
2026-06-14 08:00:00,Classrooms,5.21,24.6,0.08,True
2026-06-14 09:00:00,HVAC,61.99,27.8,0.02,True
2026-06-14 09:00:00,Lighting,11.58,27.8,0.02,True
2026-06-14 09:00:00,Labs,9.75,27.8,0.02,True
2026-06-14 09:00:00,Server Room,27.64,27.8,0.02,True
2026-06-14 09:00:00,Classrooms,0.0,27.8,0.02,True
2026-06-14 10:00:00,HVAC,71.79,29.5,0.12,True
2026-06-14 10:00:00,Lighting,12.16,29.5,0.12,True
2026-06-14 10:00:00,Labs,4.67,29.5,0.12,True
2026-06-14 10:00:00,Server Room,17.09,29.5,0.12,True
2026-06-14 10:00:00,Classrooms,6.89,29.5,0.12,True
2026-06-14 11:00:00,HVAC,71.0,28.6,0.03,True
2026-06-14 11:00:00,Lighting,14.3,28.6,0.03,True
2026-06-14 11:00:00,Labs,12.03,28.6,0.03,True
2026-06-14 11:00:00,Server Room,21.81,28.6,0.03,True
2026-06-14 11:00:00,Classrooms,6.76,28.6,0.03,True
2026-06-14 12:00:00,HVAC,62.85,28.7,0.12,True
2026-06-14 12:00:00,Lighting,16.39,28.7,0.12,True
2026-06-14 12:00:00,Labs,4.58,28.7,0.12,True
2026-06-14 12:00:00,Server Room,26.39,28.7,0.12,True
2026-06-14 12:00:00,Classrooms,9.87,28.7,0.12,True
2026-06-14 13:00:00,HVAC,91.04,33.4,0.15,True
2026-06-14 13:00:00,Lighting,12.97,33.4,0.15,True
2026-06-14 13:00:00,Labs,7.08,33.4,0.15,True
2026-06-14 13:00:00,Server Room,24.78,33.4,0.15,True
2026-06-14 13:00:00,Classrooms,7.19,33.4,0.15,True
2026-06-14 14:00:00,HVAC,66.89,29.9,0.06,True
2026-06-14 14:00:00,Lighting,7.82,29.9,0.06,True
2026-06-14 14:00:00,Labs,7.15,29.9,0.06,True
2026-06-14 14:00:00,Server Room,24.7,29.9,0.06,True
2026-06-14 14:00:00,Classrooms,7.33,29.9,0.06,True
2026-06-14 15:00:00,HVAC,88.87,33.4,0.06,True
2026-06-14 15:00:00,Lighting,12.21,33.4,0.06,True
2026-06-14 15:00:00,Labs,1.14,33.4,0.06,True
2026-06-14 15:00:00,Server Room,25.65,33.4,0.06,True
2026-06-14 15:00:00,Classrooms,2.83,33.4,0.06,True
2026-06-14 16:00:00,HVAC,72.29,30.7,0.01,True
2026-06-14 16:00:00,Lighting,12.56,30.7,0.01,True
2026-06-14 16:00:00,Labs,4.64,30.7,0.01,True
2026-06-14 16:00:00,Server Room,25.6,30.7,0.01,True
2026-06-14 16:00:00,Classrooms,0.0,30.7,0.01,True
2026-06-14 17:00:00,HVAC,83.54,31.7,0.0,True
2026-06-14 17:00:00,Lighting,7.32,31.7,0.0,True
2026-06-14 17:00:00,Labs,8.2,31.7,0.0,True
2026-06-14 17:00:00,Server Room,26.92,31.7,0.0,True
2026-06-14 17:00:00,Classrooms,6.11,31.7,0.0,True
2026-06-14 18:00:00,HVAC,67.74,29.9,0.01,True
2026-06-14 18:00:00,Lighting,7.74,29.9,0.01,True
2026-06-14 18:00:00,Labs,4.42,29.9,0.01,True
2026-06-14 18:00:00,Server Room,26.05,29.9,0.01,True
2026-06-14 18:00:00,Classrooms,5.93,29.9,0.01,True
2026-06-14 19:00:00,HVAC,62.54,27.0,0.07,True
2026-06-14 19:00:00,Lighting,11.51,27.0,0.07,True
2026-06-14 19:00:00,Labs,4.27,27.0,0.07,True
2026-06-14 19:00:00,Server Room,17.95,27.0,0.07,True
2026-06-14 19:00:00,Classrooms,11.57,27.0,0.07,True
2026-06-14 20:00:00,HVAC,50.43,26.4,0.1,True
2026-06-14 20:00:00,Lighting,13.83,26.4,0.1,True
2026-06-14 20:00:00,Labs,6.0,26.4,0.1,True
2026-06-14 20:00:00,Server Room,22.36,26.4,0.1,True
2026-06-14 20:00:00,Classrooms,6.54,26.4,0.1,True
2026-06-14 21:00:00,HVAC,51.74,25.5,0.17,True
2026-06-14 21:00:00,Lighting,14.61,25.5,0.17,True
2026-06-14 21:00:00,Labs,12.22,25.5,0.17,True
2026-06-14 21:00:00,Server Room,20.73,25.5,0.17,True
2026-06-14 21:00:00,Classrooms,2.6,25.5,0.17,True
2026-06-14 22:00:00,HVAC,26.86,20.2,0.17,True
2026-06-14 22:00:00,Lighting,13.0,20.2,0.17,True
2026-06-14 22:00:00,Labs,11.77,20.2,0.17,True
2026-06-14 22:00:00,Server Room,29.26,20.2,0.17,True
2026-06-14 22:00:00,Classrooms,10.34,20.2,0.17,True
2026-06-14 23:00:00,HVAC,32.43,22.0,0.03,True
2026-06-14 23:00:00,Lighting,12.35,22.0,0.03,True
2026-06-14 23:00:00,Labs,2.57,22.0,0.03,True
2026-06-14 23:00:00,Server Room,24.05,22.0,0.03,True
2026-06-14 23:00:00,Classrooms,5.59,22.0,0.03,True
2026-06-15 00:00:00,HVAC,25.19,21.5,0.03,False
2026-06-15 00:00:00,Lighting,13.08,21.5,0.03,False
2026-06-15 00:00:00,Labs,1.84,21.5,0.03,False
2026-06-15 00:00:00,Server Room,25.69,21.5,0.03,False
2026-06-15 00:00:00,Classrooms,0.0,21.5,0.03,False
2026-06-15 01:00:00,HVAC,14.35,18.5,0.16,False
2026-06-15 01:00:00,Lighting,6.4,18.5,0.16,False
2026-06-15 01:00:00,Labs,2.01,18.5,0.16,False
2026-06-15 01:00:00,Server Room,23.65,18.5,0.16,False
2026-06-15 01:00:00,Classrooms,11.53,18.5,0.16,False
2026-06-15 02:00:00,HVAC,25.17,20.3,0.1,False
2026-06-15 02:00:00,Lighting,14.75,20.3,0.1,False
2026-06-15 02:00:00,Labs,6.6,20.3,0.1,False
2026-06-15 02:00:00,Server Room,23.44,20.3,0.1,False
2026-06-15 02:00:00,Classrooms,3.26,20.3,0.1,False
2026-06-15 03:00:00,HVAC,36.99,20.8,0.1,False
2026-06-15 03:00:00,Lighting,6.6,20.8,0.1,False
2026-06-15 03:00:00,Labs,4.23,20.8,0.1,False
2026-06-15 03:00:00,Server Room,22.87,20.8,0.1,False
2026-06-15 03:00:00,Classrooms,8.59,20.8,0.1,False
2026-06-15 04:00:00,HVAC,12.22,18.0,0.18,False
2026-06-15 04:00:00,Lighting,9.95,18.0,0.18,False
2026-06-15 04:00:00,Labs,8.51,18.0,0.18,False
2026-06-15 04:00:00,Server Room,19.95,18.0,0.18,False
2026-06-15 04:00:00,Classrooms,6.06,18.0,0.18,False
2026-06-15 05:00:00,HVAC,37.21,20.9,0.22,False
2026-06-15 05:00:00,Lighting,19.3,20.9,0.22,False
2026-06-15 05:00:00,Labs,11.25,20.9,0.22,False
2026-06-15 05:00:00,Server Room,24.75,20.9,0.22,False
2026-06-15 05:00:00,Classrooms,7.66,20.9,0.22,False
2026-06-15 06:00:00,HVAC,46.82,24.8,0.04,False
2026-06-15 06:00:00,Lighting,6.67,24.8,0.04,False
2026-06-15 06:00:00,Labs,4.65,24.8,0.04,False
2026-06-15 06:00:00,Server Room,25.72,24.8,0.04,False
2026-06-15 06:00:00,Classrooms,2.43,24.8,0.04,False
2026-06-15 07:00:00,HVAC,52.97,25.9,0.15,False
2026-06-15 07:00:00,Lighting,14.8,25.9,0.15,False
2026-06-15 07:00:00,Labs,10.92,25.9,0.15,False
2026-06-15 07:00:00,Server Room,27.44,25.9,0.15,False
2026-06-15 07:00:00,Classrooms,8.07,25.9,0.15,False
2026-06-15 08:00:00,HVAC,78.68,26.6,0.73,False
2026-06-15 08:00:00,Lighting,19.39,26.6,0.73,False
2026-06-15 08:00:00,Labs,26.02,26.6,0.73,False
2026-06-15 08:00:00,Server Room,30.27,26.6,0.73,False
2026-06-15 08:00:00,Classrooms,12.41,26.6,0.73,False
2026-06-15 09:00:00,HVAC,84.75,28.1,0.9,False
2026-06-15 09:00:00,Lighting,20.72,28.1,0.9,False
2026-06-15 09:00:00,Labs,28.01,28.1,0.9,False
2026-06-15 09:00:00,Server Room,20.25,28.1,0.9,False
2026-06-15 09:00:00,Classrooms,17.26,28.1,0.9,False
2026-06-15 10:00:00,HVAC,89.88,29.7,0.72,False
2026-06-15 10:00:00,Lighting,22.96,29.7,0.72,False
2026-06-15 10:00:00,Labs,23.1,29.7,0.72,False
2026-06-15 10:00:00,Server Room,17.18,29.7,0.72,False
2026-06-15 10:00:00,Classrooms,15.41,29.7,0.72,False
2026-06-15 11:00:00,HVAC,104.85,30.3,0.96,False
2026-06-15 11:00:00,Lighting,30.3,30.3,0.96,False
2026-06-15 11:00:00,Labs,23.41,30.3,0.96,False
2026-06-15 11:00:00,Server Room,19.97,30.3,0.96,False
2026-06-15 11:00:00,Classrooms,28.56,30.3,0.96,False
2026-06-15 12:00:00,HVAC,112.33,33.6,0.86,False
2026-06-15 12:00:00,Lighting,25.16,33.6,0.86,False
2026-06-15 12:00:00,Labs,24.0,33.6,0.86,False
2026-06-15 12:00:00,Server Room,19.61,33.6,0.86,False
2026-06-15 12:00:00,Classrooms,21.12,33.6,0.86,False
2026-06-15 13:00:00,HVAC,111.45,32.8,0.91,False
2026-06-15 13:00:00,Lighting,20.12,32.8,0.91,False
2026-06-15 13:00:00,Labs,21.79,32.8,0.91,False
2026-06-15 13:00:00,Server Room,28.56,32.8,0.91,False
2026-06-15 13:00:00,Classrooms,19.18,32.8,0.91,False
2026-06-15 14:00:00,HVAC,88.36,32.1,0.53,False
2026-06-15 14:00:00,Lighting,12.73,32.1,0.53,False
2026-06-15 14:00:00,Labs,15.98,32.1,0.53,False
2026-06-15 14:00:00,Server Room,26.43,32.1,0.53,False
2026-06-15 14:00:00,Classrooms,12.96,32.1,0.53,False
2026-06-15 15:00:00,HVAC,103.57,32.7,0.6,False
2026-06-15 15:00:00,Lighting,15.18,32.7,0.6,False
2026-06-15 15:00:00,Labs,17.17,32.7,0.6,False
2026-06-15 15:00:00,Server Room,28.5,32.7,0.6,False
2026-06-15 15:00:00,Classrooms,11.96,32.7,0.6,False
2026-06-15 16:00:00,HVAC,104.0,32.3,0.6,False
2026-06-15 16:00:00,Lighting,18.88,32.3,0.6,False
2026-06-15 16:00:00,Labs,12.92,32.3,0.6,False
2026-06-15 16:00:00,Server Room,26.29,32.3,0.6,False
2026-06-15 16:00:00,Classrooms,15.58,32.3,0.6,False
2026-06-15 17:00:00,HVAC,97.11,29.8,0.87,False
2026-06-15 17:00:00,Lighting,25.93,29.8,0.87,False
2026-06-15 17:00:00,Labs,19.99,29.8,0.87,False
2026-06-15 17:00:00,Server Room,27.86,29.8,0.87,False
2026-06-15 17:00:00,Classrooms,20.21,29.8,0.87,False
2026-06-15 18:00:00,HVAC,84.62,29.1,0.82,False
2026-06-15 18:00:00,Lighting,23.54,29.1,0.82,False
2026-06-15 18:00:00,Labs,25.04,29.1,0.82,False
2026-06-15 18:00:00,Server Room,21.15,29.1,0.82,False
2026-06-15 18:00:00,Classrooms,21.79,29.1,0.82,False
2026-06-15 19:00:00,HVAC,60.46,26.9,0.25,False
2026-06-15 19:00:00,Lighting,12.33,26.9,0.25,False
2026-06-15 19:00:00,Labs,2.61,26.9,0.25,False
2026-06-15 19:00:00,Server Room,21.53,26.9,0.25,False
2026-06-15 19:00:00,Classrooms,7.91,26.9,0.25,False
2026-06-15 20:00:00,HVAC,56.52,25.8,0.2,False
2026-06-15 20:00:00,Lighting,11.69,25.8,0.2,False
2026-06-15 20:00:00,Labs,3.14,25.8,0.2,False
2026-06-15 20:00:00,Server Room,35.07,25.8,0.2,False
2026-06-15 20:00:00,Classrooms,7.49,25.8,0.2,False
2026-06-15 21:00:00,HVAC,41.46,24.1,0.06,False
2026-06-15 21:00:00,Lighting,11.05,24.1,0.06,False
2026-06-15 21:00:00,Labs,4.72,24.1,0.06,False
2026-06-15 21:00:00,Server Room,25.46,24.1,0.06,False
2026-06-15 21:00:00,Classrooms,4.29,24.1,0.06,False
2026-06-15 22:00:00,HVAC,40.01,23.2,0.13,False
2026-06-15 22:00:00,Lighting,18.35,23.2,0.13,False
2026-06-15 22:00:00,Labs,6.25,23.2,0.13,False
2026-06-15 22:00:00,Server Room,30.46,23.2,0.13,False
2026-06-15 22:00:00,Classrooms,2.74,23.2,0.13,False
2026-06-15 23:00:00,HVAC,22.97,21.0,0.0,False
2026-06-15 23:00:00,Lighting,17.24,21.0,0.0,False
2026-06-15 23:00:00,Labs,6.52,21.0,0.0,False
2026-06-15 23:00:00,Server Room,25.97,21.0,0.0,False
2026-06-15 23:00:00,Classrooms,1.26,21.0,0.0,False
2026-06-16 00:00:00,HVAC,14.35,19.2,0.09,False
2026-06-16 00:00:00,Lighting,8.92,19.2,0.09,False
2026-06-16 00:00:00,Labs,5.82,19.2,0.09,False
2026-06-16 00:00:00,Server Room,20.69,19.2,0.09,False
2026-06-16 00:00:00,Classrooms,7.1,19.2,0.09,False
2026-06-16 01:00:00,HVAC,25.76,19.0,0.28,False
2026-06-16 01:00:00,Lighting,16.06,19.0,0.28,False
2026-06-16 01:00:00,Labs,6.54,19.0,0.28,False
2026-06-16 01:00:00,Server Room,28.44,19.0,0.28,False
2026-06-16 01:00:00,Classrooms,8.25,19.0,0.28,False
2026-06-16 02:00:00,HVAC,20.92,17.9,0.24,False
2026-06-16 02:00:00,Lighting,9.88,17.9,0.24,False
2026-06-16 02:00:00,Labs,12.33,17.9,0.24,False
2026-06-16 02:00:00,Server Room,30.52,17.9,0.24,False
2026-06-16 02:00:00,Classrooms,13.05,17.9,0.24,False
2026-06-16 03:00:00,HVAC,21.0,19.8,0.2,False
2026-06-16 03:00:00,Lighting,9.99,19.8,0.2,False
2026-06-16 03:00:00,Labs,9.03,19.8,0.2,False
2026-06-16 03:00:00,Server Room,25.67,19.8,0.2,False
2026-06-16 03:00:00,Classrooms,8.69,19.8,0.2,False
2026-06-16 04:00:00,HVAC,33.86,21.9,0.26,False
2026-06-16 04:00:00,Lighting,13.0,21.9,0.26,False
2026-06-16 04:00:00,Labs,12.53,21.9,0.26,False
2026-06-16 04:00:00,Server Room,31.19,21.9,0.26,False
2026-06-16 04:00:00,Classrooms,2.46,21.9,0.26,False
2026-06-16 05:00:00,HVAC,16.14,19.3,0.03,False
2026-06-16 05:00:00,Lighting,9.27,19.3,0.03,False
2026-06-16 05:00:00,Labs,5.2,19.3,0.03,False
2026-06-16 05:00:00,Server Room,22.65,19.3,0.03,False
2026-06-16 05:00:00,Classrooms,4.64,19.3,0.03,False
2026-06-16 06:00:00,HVAC,45.06,23.8,0.13,False
2026-06-16 06:00:00,Lighting,12.44,23.8,0.13,False
2026-06-16 06:00:00,Labs,7.13,23.8,0.13,False
2026-06-16 06:00:00,Server Room,23.03,23.8,0.13,False
2026-06-16 06:00:00,Classrooms,7.34,23.8,0.13,False
2026-06-16 07:00:00,HVAC,52.73,25.9,0.0,False
2026-06-16 07:00:00,Lighting,10.98,25.9,0.0,False
2026-06-16 07:00:00,Labs,6.69,25.9,0.0,False
2026-06-16 07:00:00,Server Room,21.47,25.9,0.0,False
2026-06-16 07:00:00,Classrooms,5.12,25.9,0.0,False
2026-06-16 08:00:00,HVAC,71.63,24.7,0.92,False
2026-06-16 08:00:00,Lighting,20.65,24.7,0.92,False
2026-06-16 08:00:00,Labs,19.83,24.7,0.92,False
2026-06-16 08:00:00,Server Room,24.7,24.7,0.92,False
2026-06-16 08:00:00,Classrooms,21.53,24.7,0.92,False
2026-06-16 09:00:00,HVAC,87.87,27.2,0.93,False
2026-06-16 09:00:00,Lighting,27.04,27.2,0.93,False
2026-06-16 09:00:00,Labs,20.88,27.2,0.93,False
2026-06-16 09:00:00,Server Room,29.23,27.2,0.93,False
2026-06-16 09:00:00,Classrooms,20.84,27.2,0.93,False
2026-06-16 10:00:00,HVAC,81.6,29.6,0.53,False
2026-06-16 10:00:00,Lighting,19.2,29.6,0.53,False
2026-06-16 10:00:00,Labs,20.07,29.6,0.53,False
2026-06-16 10:00:00,Server Room,17.61,29.6,0.53,False
2026-06-16 10:00:00,Classrooms,16.32,29.6,0.53,False
2026-06-16 11:00:00,HVAC,96.72,30.1,0.98,False
2026-06-16 11:00:00,Lighting,27.11,30.1,0.98,False
2026-06-16 11:00:00,Labs,24.28,30.1,0.98,False
2026-06-16 11:00:00,Server Room,25.62,30.1,0.98,False
2026-06-16 11:00:00,Classrooms,21.08,30.1,0.98,False
2026-06-16 12:00:00,HVAC,113.86,32.6,0.92,False
2026-06-16 12:00:00,Lighting,22.79,32.6,0.92,False
2026-06-16 12:00:00,Labs,25.63,32.6,0.92,False
2026-06-16 12:00:00,Server Room,18.93,32.6,0.92,False
2026-06-16 12:00:00,Classrooms,22.43,32.6,0.92,False
2026-06-16 13:00:00,HVAC,104.32,32.6,0.63,False
2026-06-16 13:00:00,Lighting,20.71,32.6,0.63,False
2026-06-16 13:00:00,Labs,14.65,32.6,0.63,False
2026-06-16 13:00:00,Server Room,28.43,32.6,0.63,False
2026-06-16 13:00:00,Classrooms,18.06,32.6,0.63,False
2026-06-16 14:00:00,HVAC,112.88,34.7,0.53,False
2026-06-16 14:00:00,Lighting,16.11,34.7,0.53,False
2026-06-16 14:00:00,Labs,15.98,34.7,0.53,False
2026-06-16 14:00:00,Server Room,32.1,34.7,0.53,False
2026-06-16 14:00:00,Classrooms,15.05,34.7,0.53,False
2026-06-16 15:00:00,HVAC,106.62,31.3,0.95,False
2026-06-16 15:00:00,Lighting,19.31,31.3,0.95,False
2026-06-16 15:00:00,Labs,27.54,31.3,0.95,False
2026-06-16 15:00:00,Server Room,24.62,31.3,0.95,False
2026-06-16 15:00:00,Classrooms,22.86,31.3,0.95,False
2026-06-16 16:00:00,HVAC,110.48,31.4,0.98,False
2026-06-16 16:00:00,Lighting,24.27,31.4,0.98,False
2026-06-16 16:00:00,Labs,26.01,31.4,0.98,False
2026-06-16 16:00:00,Server Room,27.81,31.4,0.98,False
2026-06-16 16:00:00,Classrooms,22.34,31.4,0.98,False
2026-06-16 17:00:00,HVAC,95.5,30.7,0.62,False
2026-06-16 17:00:00,Lighting,17.69,30.7,0.62,False
2026-06-16 17:00:00,Labs,18.07,30.7,0.62,False
2026-06-16 17:00:00,Server Room,24.2,30.7,0.62,False
2026-06-16 17:00:00,Classrooms,18.07,30.7,0.62,False
2026-06-16 18:00:00,HVAC,84.86,27.9,0.79,False
2026-06-16 18:00:00,Lighting,19.12,27.9,0.79,False
2026-06-16 18:00:00,Labs,15.52,27.9,0.79,False
2026-06-16 18:00:00,Server Room,24.98,27.9,0.79,False
2026-06-16 18:00:00,Classrooms,17.13,27.9,0.79,False
2026-06-16 19:00:00,HVAC,66.67,28.4,0.28,False
2026-06-16 19:00:00,Lighting,14.03,28.4,0.28,False
2026-06-16 19:00:00,Labs,4.4,28.4,0.28,False
2026-06-16 19:00:00,Server Room,29.58,28.4,0.28,False
2026-06-16 19:00:00,Classrooms,8.82,28.4,0.28,False
2026-06-16 20:00:00,HVAC,58.24,28.2,0.18,False
2026-06-16 20:00:00,Lighting,16.64,28.2,0.18,False
2026-06-16 20:00:00,Labs,4.52,28.2,0.18,False
2026-06-16 20:00:00,Server Room,31.92,28.2,0.18,False
2026-06-16 20:00:00,Classrooms,6.2,28.2,0.18,False
2026-06-16 21:00:00,HVAC,39.23,23.1,0.16,False
2026-06-16 21:00:00,Lighting,16.6,23.1,0.16,False
2026-06-16 21:00:00,Labs,14.28,23.1,0.16,False
2026-06-16 21:00:00,Server Room,31.22,23.1,0.16,False
2026-06-16 21:00:00,Classrooms,2.46,23.1,0.16,False
2026-06-16 22:00:00,HVAC,41.83,22.7,0.25,False
2026-06-16 22:00:00,Lighting,20.32,22.7,0.25,False
2026-06-16 22:00:00,Labs,6.35,22.7,0.25,False
2026-06-16 22:00:00,Server Room,22.15,22.7,0.25,False
2026-06-16 22:00:00,Classrooms,14.25,22.7,0.25,False
2026-06-16 23:00:00,HVAC,34.63,20.6,0.21,False
2026-06-16 23:00:00,Lighting,16.58,20.6,0.21,False
2026-06-16 23:00:00,Labs,8.61,20.6,0.21,False
2026-06-16 23:00:00,Server Room,24.85,20.6,0.21,False
2026-06-16 23:00:00,Classrooms,2.63,20.6,0.21,False
2026-06-17 00:00:00,HVAC,30.99,20.9,0.15,False
2026-06-17 00:00:00,Lighting,7.08,20.9,0.15,False
2026-06-17 00:00:00,Labs,13.5,20.9,0.15,False
2026-06-17 00:00:00,Server Room,27.59,20.9,0.15,False
2026-06-17 00:00:00,Classrooms,8.28,20.9,0.15,False
2026-06-17 01:00:00,HVAC,23.17,19.9,0.01,False
2026-06-17 01:00:00,Lighting,10.26,19.9,0.01,False
2026-06-17 01:00:00,Labs,5.71,19.9,0.01,False
2026-06-17 01:00:00,Server Room,22.55,19.9,0.01,False
2026-06-17 01:00:00,Classrooms,8.28,19.9,0.01,False
2026-06-17 02:00:00,HVAC,25.05,21.2,0.06,False
2026-06-17 02:00:00,Lighting,10.92,21.2,0.06,False
2026-06-17 02:00:00,Labs,5.41,21.2,0.06,False
2026-06-17 02:00:00,Server Room,25.28,21.2,0.06,False
2026-06-17 02:00:00,Classrooms,5.0,21.2,0.06,False
2026-06-17 03:00:00,HVAC,17.47,19.8,0.2,False
2026-06-17 03:00:00,Lighting,14.6,19.8,0.2,False
2026-06-17 03:00:00,Labs,11.38,19.8,0.2,False
2026-06-17 03:00:00,Server Room,19.15,19.8,0.2,False
2026-06-17 03:00:00,Classrooms,14.47,19.8,0.2,False
2026-06-17 04:00:00,HVAC,26.47,19.9,0.22,False
2026-06-17 04:00:00,Lighting,9.39,19.9,0.22,False
2026-06-17 04:00:00,Labs,8.26,19.9,0.22,False
2026-06-17 04:00:00,Server Room,16.64,19.9,0.22,False
2026-06-17 04:00:00,Classrooms,7.62,19.9,0.22,False
2026-06-17 05:00:00,HVAC,29.94,22.3,0.06,False
2026-06-17 05:00:00,Lighting,5.88,22.3,0.06,False
2026-06-17 05:00:00,Labs,2.66,22.3,0.06,False
2026-06-17 05:00:00,Server Room,28.58,22.3,0.06,False
2026-06-17 05:00:00,Classrooms,7.43,22.3,0.06,False
2026-06-17 06:00:00,HVAC,40.48,22.8,0.25,False
2026-06-17 06:00:00,Lighting,9.74,22.8,0.25,False
2026-06-17 06:00:00,Labs,6.87,22.8,0.25,False
2026-06-17 06:00:00,Server Room,26.67,22.8,0.25,False
2026-06-17 06:00:00,Classrooms,5.32,22.8,0.25,False
2026-06-17 07:00:00,HVAC,29.17,21.8,0.01,False
2026-06-17 07:00:00,Lighting,11.6,21.8,0.01,False
2026-06-17 07:00:00,Labs,5.29,21.8,0.01,False
2026-06-17 07:00:00,Server Room,25.46,21.8,0.01,False
2026-06-17 07:00:00,Classrooms,7.32,21.8,0.01,False
2026-06-17 08:00:00,HVAC,54.89,23.4,0.55,False
2026-06-17 08:00:00,Lighting,15.43,23.4,0.55,False
2026-06-17 08:00:00,Labs,14.56,23.4,0.55,False
2026-06-17 08:00:00,Server Room,22.93,23.4,0.55,False
2026-06-17 08:00:00,Classrooms,10.16,23.4,0.55,False
2026-06-17 09:00:00,HVAC,91.07,28.6,0.92,False
2026-06-17 09:00:00,Lighting,25.56,28.6,0.92,False
2026-06-17 09:00:00,Labs,22.89,28.6,0.92,False
2026-06-17 09:00:00,Server Room,20.51,28.6,0.92,False
2026-06-17 09:00:00,Classrooms,23.35,28.6,0.92,False
2026-06-17 10:00:00,HVAC,103.7,30.8,0.94,False
2026-06-17 10:00:00,Lighting,25.27,30.8,0.94,False
2026-06-17 10:00:00,Labs,23.0,30.8,0.94,False
2026-06-17 10:00:00,Server Room,25.44,30.8,0.94,False
2026-06-17 10:00:00,Classrooms,20.87,30.8,0.94,False
2026-06-17 11:00:00,HVAC,101.73,31.2,0.76,False
2026-06-17 11:00:00,Lighting,24.45,31.2,0.76,False
2026-06-17 11:00:00,Labs,20.86,31.2,0.76,False
2026-06-17 11:00:00,Server Room,24.29,31.2,0.76,False
2026-06-17 11:00:00,Classrooms,19.05,31.2,0.76,False
2026-06-17 12:00:00,HVAC,88.39,29.2,0.86,False
2026-06-17 12:00:00,Lighting,25.61,29.2,0.86,False
2026-06-17 12:00:00,Labs,21.75,29.2,0.86,False
2026-06-17 12:00:00,Server Room,27.76,29.2,0.86,False
2026-06-17 12:00:00,Classrooms,21.38,29.2,0.86,False
2026-06-17 13:00:00,HVAC,103.99,30.4,0.95,False
2026-06-17 13:00:00,Lighting,21.33,30.4,0.95,False
2026-06-17 13:00:00,Labs,26.28,30.4,0.95,False
2026-06-17 13:00:00,Server Room,30.12,30.4,0.95,False
2026-06-17 13:00:00,Classrooms,23.63,30.4,0.95,False
2026-06-17 14:00:00,HVAC,95.29,32.0,0.57,False
2026-06-17 14:00:00,Lighting,20.29,32.0,0.57,False
2026-06-17 14:00:00,Labs,19.02,32.0,0.57,False
2026-06-17 14:00:00,Server Room,23.73,32.0,0.57,False
2026-06-17 14:00:00,Classrooms,16.3,32.0,0.57,False
2026-06-17 15:00:00,HVAC,95.13,31.4,0.74,False
2026-06-17 15:00:00,Lighting,27.45,31.4,0.74,False
2026-06-17 15:00:00,Labs,20.19,31.4,0.74,False
2026-06-17 15:00:00,Server Room,26.48,31.4,0.74,False
2026-06-17 15:00:00,Classrooms,17.45,31.4,0.74,False
2026-06-17 16:00:00,HVAC,79.63,27.0,0.96,False
2026-06-17 16:00:00,Lighting,22.51,27.0,0.96,False
2026-06-17 16:00:00,Labs,19.63,27.0,0.96,False
2026-06-17 16:00:00,Server Room,22.5,27.0,0.96,False
2026-06-17 16:00:00,Classrooms,18.84,27.0,0.96,False
2026-06-17 17:00:00,HVAC,108.5,31.4,0.89,False
2026-06-17 17:00:00,Lighting,22.81,31.4,0.89,False
2026-06-17 17:00:00,Labs,28.74,31.4,0.89,False
2026-06-17 17:00:00,Server Room,20.7,31.4,0.89,False
2026-06-17 17:00:00,Classrooms,20.31,31.4,0.89,False
2026-06-17 18:00:00,HVAC,79.92,29.6,0.54,False
2026-06-17 18:00:00,Lighting,16.45,29.6,0.54,False
2026-06-17 18:00:00,Labs,12.18,29.6,0.54,False
2026-06-17 18:00:00,Server Room,22.4,29.6,0.54,False
2026-06-17 18:00:00,Classrooms,15.4,29.6,0.54,False
2026-06-17 19:00:00,HVAC,58.72,25.5,0.3,False
2026-06-17 19:00:00,Lighting,14.41,25.5,0.3,False
2026-06-17 19:00:00,Labs,4.94,25.5,0.3,False
2026-06-17 19:00:00,Server Room,28.85,25.5,0.3,False
2026-06-17 19:00:00,Classrooms,12.66,25.5,0.3,False
2026-06-17 20:00:00,HVAC,54.8,25.2,0.24,False
2026-06-17 20:00:00,Lighting,16.11,25.2,0.24,False
2026-06-17 20:00:00,Labs,11.22,25.2,0.24,False
2026-06-17 20:00:00,Server Room,25.5,25.2,0.24,False
2026-06-17 20:00:00,Classrooms,6.5,25.2,0.24,False
2026-06-17 21:00:00,HVAC,37.92,22.3,0.14,False
2026-06-17 21:00:00,Lighting,8.09,22.3,0.14,False
2026-06-17 21:00:00,Labs,13.92,22.3,0.14,False
2026-06-17 21:00:00,Server Room,28.37,22.3,0.14,False
2026-06-17 21:00:00,Classrooms,13.28,22.3,0.14,False
2026-06-17 22:00:00,HVAC,49.57,25.0,0.21,False
2026-06-17 22:00:00,Lighting,12.34,25.0,0.21,False
2026-06-17 22:00:00,Labs,8.13,25.0,0.21,False
2026-06-17 22:00:00,Server Room,18.32,25.0,0.21,False
2026-06-17 22:00:00,Classrooms,12.21,25.0,0.21,False
2026-06-17 23:00:00,HVAC,41.26,23.1,0.11,False
2026-06-17 23:00:00,Lighting,12.21,23.1,0.11,False
2026-06-17 23:00:00,Labs,11.01,23.1,0.11,False
2026-06-17 23:00:00,Server Room,33.23,23.1,0.11,False
2026-06-17 23:00:00,Classrooms,4.56,23.1,0.11,False
2026-06-18 00:00:00,HVAC,25.53,20.0,0.11,False
2026-06-18 00:00:00,Lighting,12.01,20.0,0.11,False
2026-06-18 00:00:00,Labs,2.89,20.0,0.11,False
2026-06-18 00:00:00,Server Room,22.11,20.0,0.11,False
2026-06-18 00:00:00,Classrooms,11.72,20.0,0.11,False
2026-06-18 01:00:00,HVAC,28.83,20.7,0.1,False
2026-06-18 01:00:00,Lighting,12.89,20.7,0.1,False
2026-06-18 01:00:00,Labs,5.11,20.7,0.1,False
2026-06-18 01:00:00,Server Room,24.22,20.7,0.1,False
2026-06-18 01:00:00,Classrooms,12.6,20.7,0.1,False
2026-06-18 02:00:00,HVAC,25.6,19.5,0.27,False
2026-06-18 02:00:00,Lighting,17.18,19.5,0.27,False
2026-06-18 02:00:00,Labs,10.27,19.5,0.27,False
2026-06-18 02:00:00,Server Room,29.2,19.5,0.27,False
2026-06-18 02:00:00,Classrooms,8.85,19.5,0.27,False
2026-06-18 03:00:00,HVAC,20.47,19.0,0.0,False
2026-06-18 03:00:00,Lighting,12.69,19.0,0.0,False
2026-06-18 03:00:00,Labs,6.46,19.0,0.0,False
2026-06-18 03:00:00,Server Room,27.98,19.0,0.0,False
2026-06-18 03:00:00,Classrooms,7.79,19.0,0.0,False
2026-06-18 04:00:00,HVAC,44.78,22.7,0.11,False
2026-06-18 04:00:00,Lighting,14.36,22.7,0.11,False
2026-06-18 04:00:00,Labs,3.93,22.7,0.11,False
2026-06-18 04:00:00,Server Room,24.98,22.7,0.11,False
2026-06-18 04:00:00,Classrooms,5.55,22.7,0.11,False
2026-06-18 05:00:00,HVAC,41.53,23.8,0.03,False
2026-06-18 05:00:00,Lighting,11.69,23.8,0.03,False
2026-06-18 05:00:00,Labs,7.07,23.8,0.03,False
2026-06-18 05:00:00,Server Room,24.48,23.8,0.03,False
2026-06-18 05:00:00,Classrooms,6.23,23.8,0.03,False
2026-06-18 06:00:00,HVAC,52.04,24.9,0.3,False
2026-06-18 06:00:00,Lighting,16.97,24.9,0.3,False
2026-06-18 06:00:00,Labs,5.51,24.9,0.3,False
2026-06-18 06:00:00,Server Room,20.18,24.9,0.3,False
2026-06-18 06:00:00,Classrooms,11.91,24.9,0.3,False
2026-06-18 07:00:00,HVAC,38.48,22.8,0.07,False
2026-06-18 07:00:00,Lighting,6.87,22.8,0.07,False
2026-06-18 07:00:00,Labs,10.48,22.8,0.07,False
2026-06-18 07:00:00,Server Room,31.21,22.8,0.07,False
2026-06-18 07:00:00,Classrooms,8.6,22.8,0.07,False
2026-06-18 08:00:00,HVAC,73.43,24.7,0.98,False
2026-06-18 08:00:00,Lighting,24.88,24.7,0.98,False
2026-06-18 08:00:00,Labs,22.33,24.7,0.98,False
2026-06-18 08:00:00,Server Room,24.36,24.7,0.98,False
2026-06-18 08:00:00,Classrooms,21.98,24.7,0.98,False
2026-06-18 09:00:00,HVAC,84.06,28.6,0.74,False
2026-06-18 09:00:00,Lighting,19.5,28.6,0.74,False
2026-06-18 09:00:00,Labs,23.43,28.6,0.74,False
2026-06-18 09:00:00,Server Room,26.76,28.6,0.74,False
2026-06-18 09:00:00,Classrooms,15.49,28.6,0.74,False
2026-06-18 10:00:00,HVAC,58.38,25.7,0.51,False
2026-06-18 10:00:00,Lighting,20.4,25.7,0.51,False
2026-06-18 10:00:00,Labs,14.75,25.7,0.51,False
2026-06-18 10:00:00,Server Room,20.66,25.7,0.51,False
2026-06-18 10:00:00,Classrooms,10.87,25.7,0.51,False
2026-06-18 11:00:00,HVAC,94.08,30.5,0.7,False
2026-06-18 11:00:00,Lighting,20.89,30.5,0.7,False
2026-06-18 11:00:00,Labs,18.48,30.5,0.7,False
2026-06-18 11:00:00,Server Room,19.48,30.5,0.7,False
2026-06-18 11:00:00,Classrooms,19.79,30.5,0.7,False
2026-06-18 12:00:00,HVAC,103.58,30.2,0.88,False
2026-06-18 12:00:00,Lighting,23.05,30.2,0.88,False
2026-06-18 12:00:00,Labs,21.41,30.2,0.88,False
2026-06-18 12:00:00,Server Room,24.97,30.2,0.88,False
2026-06-18 12:00:00,Classrooms,25.64,30.2,0.88,False
2026-06-18 13:00:00,HVAC,95.78,29.9,0.82,False
2026-06-18 13:00:00,Lighting,20.66,29.9,0.82,False
2026-06-18 13:00:00,Labs,25.83,29.9,0.82,False
2026-06-18 13:00:00,Server Room,25.4,29.9,0.82,False
2026-06-18 13:00:00,Classrooms,19.72,29.9,0.82,False
2026-06-18 14:00:00,HVAC,111.54,33.3,0.87,False
2026-06-18 14:00:00,Lighting,22.24,33.3,0.87,False
2026-06-18 14:00:00,Labs,23.52,33.3,0.87,False
2026-06-18 14:00:00,Server Room,23.55,33.3,0.87,False
2026-06-18 14:00:00,Classrooms,21.28,33.3,0.87,False
2026-06-18 15:00:00,HVAC,89.5,30.2,0.56,False
2026-06-18 15:00:00,Lighting,18.02,30.2,0.56,False
2026-06-18 15:00:00,Labs,12.86,30.2,0.56,False
2026-06-18 15:00:00,Server Room,29.4,30.2,0.56,False
2026-06-18 15:00:00,Classrooms,11.99,30.2,0.56,False
2026-06-18 16:00:00,HVAC,106.17,31.1,0.81,False
2026-06-18 16:00:00,Lighting,21.14,31.1,0.81,False
2026-06-18 16:00:00,Labs,24.3,31.1,0.81,False
2026-06-18 16:00:00,Server Room,25.07,31.1,0.81,False
2026-06-18 16:00:00,Classrooms,22.33,31.1,0.81,False
2026-06-18 17:00:00,HVAC,92.66,29.6,0.79,False
2026-06-18 17:00:00,Lighting,19.72,29.6,0.79,False
2026-06-18 17:00:00,Labs,20.97,29.6,0.79,False
2026-06-18 17:00:00,Server Room,27.5,29.6,0.79,False
2026-06-18 17:00:00,Classrooms,19.48,29.6,0.79,False
2026-06-18 18:00:00,HVAC,86.22,29.1,0.67,False
2026-06-18 18:00:00,Lighting,20.65,29.1,0.67,False
2026-06-18 18:00:00,Labs,19.63,29.1,0.67,False
2026-06-18 18:00:00,Server Room,24.29,29.1,0.67,False
2026-06-18 18:00:00,Classrooms,16.62,29.1,0.67,False
2026-06-18 19:00:00,HVAC,53.88,26.2,0.01,False
2026-06-18 19:00:00,Lighting,10.51,26.2,0.01,False
2026-06-18 19:00:00,Labs,5.07,26.2,0.01,False
2026-06-18 19:00:00,Server Room,28.7,26.2,0.01,False
2026-06-18 19:00:00,Classrooms,7.67,26.2,0.01,False
2026-06-18 20:00:00,HVAC,65.78,27.7,0.26,False
2026-06-18 20:00:00,Lighting,16.36,27.7,0.26,False
2026-06-18 20:00:00,Labs,7.55,27.7,0.26,False
2026-06-18 20:00:00,Server Room,22.08,27.7,0.26,False
2026-06-18 20:00:00,Classrooms,10.92,27.7,0.26,False
2026-06-18 21:00:00,HVAC,57.25,26.6,0.13,False
2026-06-18 21:00:00,Lighting,9.39,26.6,0.13,False
2026-06-18 21:00:00,Labs,6.19,26.6,0.13,False
2026-06-18 21:00:00,Server Room,26.58,26.6,0.13,False
2026-06-18 21:00:00,Classrooms,5.5,26.6,0.13,False
2026-06-18 22:00:00,HVAC,45.67,24.6,0.04,False
2026-06-18 22:00:00,Lighting,11.44,24.6,0.04,False
2026-06-18 22:00:00,Labs,8.53,24.6,0.04,False
2026-06-18 22:00:00,Server Room,30.22,24.6,0.04,False
2026-06-18 22:00:00,Classrooms,5.96,24.6,0.04,False
2026-06-18 23:00:00,HVAC,40.13,22.3,0.08,False
2026-06-18 23:00:00,Lighting,6.55,22.3,0.08,False
2026-06-18 23:00:00,Labs,5.09,22.3,0.08,False
2026-06-18 23:00:00,Server Room,27.27,22.3,0.08,False
2026-06-18 23:00:00,Classrooms,10.86,22.3,0.08,False
2026-06-19 00:00:00,HVAC,22.74,21.4,0.01,False
2026-06-19 00:00:00,Lighting,7.64,21.4,0.01,False
2026-06-19 00:00:00,Labs,7.0,21.4,0.01,False
2026-06-19 00:00:00,Server Room,24.19,21.4,0.01,False
2026-06-19 00:00:00,Classrooms,2.6,21.4,0.01,False
2026-06-19 01:00:00,HVAC,27.11,19.6,0.16,False
2026-06-19 01:00:00,Lighting,18.75,19.6,0.16,False
2026-06-19 01:00:00,Labs,9.23,19.6,0.16,False
2026-06-19 01:00:00,Server Room,24.35,19.6,0.16,False
2026-06-19 01:00:00,Classrooms,7.06,19.6,0.16,False
2026-06-19 02:00:00,HVAC,32.07,19.9,0.25,False
2026-06-19 02:00:00,Lighting,16.26,19.9,0.25,False
2026-06-19 02:00:00,Labs,10.59,19.9,0.25,False
2026-06-19 02:00:00,Server Room,24.53,19.9,0.25,False
2026-06-19 02:00:00,Classrooms,5.14,19.9,0.25,False
2026-06-19 03:00:00,HVAC,25.78,19.8,0.15,False
2026-06-19 03:00:00,Lighting,14.57,19.8,0.15,False
2026-06-19 03:00:00,Labs,6.05,19.8,0.15,False
2026-06-19 03:00:00,Server Room,29.14,19.8,0.15,False
2026-06-19 03:00:00,Classrooms,11.24,19.8,0.15,False
2026-06-19 04:00:00,HVAC,48.42,23.9,0.23,False
2026-06-19 04:00:00,Lighting,13.99,23.9,0.23,False
2026-06-19 04:00:00,Labs,8.75,23.9,0.23,False
2026-06-19 04:00:00,Server Room,27.47,23.9,0.23,False
2026-06-19 04:00:00,Classrooms,11.92,23.9,0.23,False
2026-06-19 05:00:00,HVAC,32.35,23.0,0.13,False
2026-06-19 05:00:00,Lighting,12.95,23.0,0.13,False
2026-06-19 05:00:00,Labs,9.05,23.0,0.13,False
2026-06-19 05:00:00,Server Room,33.33,23.0,0.13,False
2026-06-19 05:00:00,Classrooms,5.32,23.0,0.13,False
2026-06-19 06:00:00,HVAC,45.5,23.7,0.12,False
2026-06-19 06:00:00,Lighting,10.96,23.7,0.12,False
2026-06-19 06:00:00,Labs,11.71,23.7,0.12,False
2026-06-19 06:00:00,Server Room,20.14,23.7,0.12,False
2026-06-19 06:00:00,Classrooms,3.18,23.7,0.12,False
2026-06-19 07:00:00,HVAC,45.24,23.3,0.19,False
2026-06-19 07:00:00,Lighting,13.11,23.3,0.19,False
2026-06-19 07:00:00,Labs,8.25,23.3,0.19,False
2026-06-19 07:00:00,Server Room,23.88,23.3,0.19,False
2026-06-19 07:00:00,Classrooms,7.39,23.3,0.19,False
2026-06-19 08:00:00,HVAC,80.05,26.2,0.99,False
2026-06-19 08:00:00,Lighting,28.75,26.2,0.99,False
2026-06-19 08:00:00,Labs,27.15,26.2,0.99,False
2026-06-19 08:00:00,Server Room,21.63,26.2,0.99,False
2026-06-19 08:00:00,Classrooms,21.14,26.2,0.99,False
2026-06-19 09:00:00,HVAC,97.8,29.3,0.97,False
2026-06-19 09:00:00,Lighting,28.52,29.3,0.97,False
2026-06-19 09:00:00,Labs,27.69,29.3,0.97,False
2026-06-19 09:00:00,Server Room,21.05,29.3,0.97,False
2026-06-19 09:00:00,Classrooms,20.59,29.3,0.97,False
2026-06-19 10:00:00,HVAC,83.19,29.7,0.59,False
2026-06-19 10:00:00,Lighting,16.21,29.7,0.59,False
2026-06-19 10:00:00,Labs,20.79,29.7,0.59,False
2026-06-19 10:00:00,Server Room,19.72,29.7,0.59,False
2026-06-19 10:00:00,Classrooms,19.6,29.7,0.59,False
2026-06-19 11:00:00,HVAC,84.32,28.5,0.72,False
2026-06-19 11:00:00,Lighting,18.56,28.5,0.72,False
2026-06-19 11:00:00,Labs,20.33,28.5,0.72,False
2026-06-19 11:00:00,Server Room,30.12,28.5,0.72,False
2026-06-19 11:00:00,Classrooms,16.49,28.5,0.72,False
2026-06-19 12:00:00,HVAC,95.59,30.9,0.78,False
2026-06-19 12:00:00,Lighting,23.46,30.9,0.78,False
2026-06-19 12:00:00,Labs,20.34,30.9,0.78,False
2026-06-19 12:00:00,Server Room,16.3,30.9,0.78,False
2026-06-19 12:00:00,Classrooms,19.38,30.9,0.78,False
2026-06-19 13:00:00,HVAC,107.18,33.6,0.57,False
2026-06-19 13:00:00,Lighting,17.67,33.6,0.57,False
2026-06-19 13:00:00,Labs,17.64,33.6,0.57,False
2026-06-19 13:00:00,Server Room,21.99,33.6,0.57,False
2026-06-19 13:00:00,Classrooms,15.97,33.6,0.57,False
2026-06-19 14:00:00,HVAC,105.95,31.8,0.96,False
2026-06-19 14:00:00,Lighting,25.58,31.8,0.96,False
2026-06-19 14:00:00,Labs,23.92,31.8,0.96,False
2026-06-19 14:00:00,Server Room,27.75,31.8,0.96,False
2026-06-19 14:00:00,Classrooms,22.62,31.8,0.96,False
2026-06-19 15:00:00,HVAC,100.41,32.2,0.62,False
2026-06-19 15:00:00,Lighting,15.52,32.2,0.62,False
2026-06-19 15:00:00,Labs,20.07,32.2,0.62,False
2026-06-19 15:00:00,Server Room,25.59,32.2,0.62,False
2026-06-19 15:00:00,Classrooms,15.91,32.2,0.62,False
2026-06-19 16:00:00,HVAC,98.02,31.4,0.7,False
2026-06-19 16:00:00,Lighting,17.68,31.4,0.7,False
2026-06-19 16:00:00,Labs,21.82,31.4,0.7,False
2026-06-19 16:00:00,Server Room,24.22,31.4,0.7,False
2026-06-19 16:00:00,Classrooms,16.81,31.4,0.7,False
2026-06-19 17:00:00,HVAC,85.8,29.8,0.6,False
2026-06-19 17:00:00,Lighting,14.35,29.8,0.6,False
2026-06-19 17:00:00,Labs,17.75,29.8,0.6,False
2026-06-19 17:00:00,Server Room,34.9,29.8,0.6,False
2026-06-19 17:00:00,Classrooms,20.87,29.8,0.6,False
2026-06-19 18:00:00,HVAC,89.71,27.3,0.97,False
2026-06-19 18:00:00,Lighting,24.84,27.3,0.97,False
2026-06-19 18:00:00,Labs,28.25,27.3,0.97,False
2026-06-19 18:00:00,Server Room,22.14,27.3,0.97,False
2026-06-19 18:00:00,Classrooms,17.61,27.3,0.97,False
2026-06-19 19:00:00,HVAC,48.24,25.6,0.12,False
2026-06-19 19:00:00,Lighting,12.15,25.6,0.12,False
2026-06-19 19:00:00,Labs,5.93,25.6,0.12,False
2026-06-19 19:00:00,Server Room,18.75,25.6,0.12,False
2026-06-19 19:00:00,Classrooms,3.67,25.6,0.12,False
2026-06-19 20:00:00,HVAC,54.77,27.0,0.12,False
2026-06-19 20:00:00,Lighting,7.77,27.0,0.12,False
2026-06-19 20:00:00,Labs,8.43,27.0,0.12,False
2026-06-19 20:00:00,Server Room,23.47,27.0,0.12,False
2026-06-19 20:00:00,Classrooms,6.25,27.0,0.12,False
2026-06-19 21:00:00,HVAC,54.45,25.4,0.27,False
2026-06-19 21:00:00,Lighting,9.01,25.4,0.27,False
2026-06-19 21:00:00,Labs,17.57,25.4,0.27,False
2026-06-19 21:00:00,Server Room,29.39,25.4,0.27,False
2026-06-19 21:00:00,Classrooms,9.01,25.4,0.27,False
2026-06-19 22:00:00,HVAC,40.37,22.0,0.24,False
2026-06-19 22:00:00,Lighting,16.48,22.0,0.24,False
2026-06-19 22:00:00,Labs,13.75,22.0,0.24,False
2026-06-19 22:00:00,Server Room,17.85,22.0,0.24,False
2026-06-19 22:00:00,Classrooms,10.33,22.0,0.24,False
2026-06-19 23:00:00,HVAC,29.71,21.6,0.09,False
2026-06-19 23:00:00,Lighting,12.93,21.6,0.09,False
2026-06-19 23:00:00,Labs,4.39,21.6,0.09,False
2026-06-19 23:00:00,Server Room,23.74,21.6,0.09,False
2026-06-19 23:00:00,Classrooms,10.5,21.6,0.09,False
2026-06-20 00:00:00,HVAC,22.78,21.1,0.05,True
2026-06-20 00:00:00,Lighting,16.43,21.1,0.05,True
2026-06-20 00:00:00,Labs,4.26,21.1,0.05,True
2026-06-20 00:00:00,Server Room,18.63,21.1,0.05,True
2026-06-20 00:00:00,Classrooms,4.7,21.1,0.05,True
2026-06-20 01:00:00,HVAC,30.3,21.3,0.17,True
2026-06-20 01:00:00,Lighting,11.2,21.3,0.17,True
2026-06-20 01:00:00,Labs,3.0,21.3,0.17,True
2026-06-20 01:00:00,Server Room,26.62,21.3,0.17,True
2026-06-20 01:00:00,Classrooms,7.32,21.3,0.17,True
2026-06-20 02:00:00,HVAC,25.41,20.1,0.04,True
2026-06-20 02:00:00,Lighting,13.59,20.1,0.04,True
2026-06-20 02:00:00,Labs,3.71,20.1,0.04,True
2026-06-20 02:00:00,Server Room,27.06,20.1,0.04,True
2026-06-20 02:00:00,Classrooms,3.64,20.1,0.04,True
2026-06-20 03:00:00,HVAC,16.76,17.2,0.19,True
2026-06-20 03:00:00,Lighting,10.97,17.2,0.19,True
2026-06-20 03:00:00,Labs,5.26,17.2,0.19,True
2026-06-20 03:00:00,Server Room,23.27,17.2,0.19,True
2026-06-20 03:00:00,Classrooms,4.37,17.2,0.19,True
2026-06-20 04:00:00,HVAC,40.95,22.9,0.17,True
2026-06-20 04:00:00,Lighting,9.07,22.9,0.17,True
2026-06-20 04:00:00,Labs,1.32,22.9,0.17,True
2026-06-20 04:00:00,Server Room,21.47,22.9,0.17,True
2026-06-20 04:00:00,Classrooms,9.02,22.9,0.17,True
2026-06-20 05:00:00,HVAC,52.22,25.9,0.15,True
2026-06-20 05:00:00,Lighting,11.83,25.9,0.15,True
2026-06-20 05:00:00,Labs,9.47,25.9,0.15,True
2026-06-20 05:00:00,Server Room,25.95,25.9,0.15,True
2026-06-20 05:00:00,Classrooms,0.0,25.9,0.15,True
2026-06-20 06:00:00,HVAC,32.8,22.1,0.01,True
2026-06-20 06:00:00,Lighting,8.15,22.1,0.01,True
2026-06-20 06:00:00,Labs,6.26,22.1,0.01,True
2026-06-20 06:00:00,Server Room,28.32,22.1,0.01,True
2026-06-20 06:00:00,Classrooms,6.5,22.1,0.01,True
2026-06-20 07:00:00,HVAC,39.97,23.4,0.16,True
2026-06-20 07:00:00,Lighting,10.59,23.4,0.16,True
2026-06-20 07:00:00,Labs,2.35,23.4,0.16,True
2026-06-20 07:00:00,Server Room,24.95,23.4,0.16,True
2026-06-20 07:00:00,Classrooms,3.29,23.4,0.16,True
2026-06-20 08:00:00,HVAC,42.26,24.3,0.02,True
2026-06-20 08:00:00,Lighting,13.01,24.3,0.02,True
2026-06-20 08:00:00,Labs,3.66,24.3,0.02,True
2026-06-20 08:00:00,Server Room,24.09,24.3,0.02,True
2026-06-20 08:00:00,Classrooms,2.73,24.3,0.02,True
2026-06-20 09:00:00,HVAC,59.97,27.4,0.14,True
2026-06-20 09:00:00,Lighting,16.59,27.4,0.14,True
2026-06-20 09:00:00,Labs,7.72,27.4,0.14,True
2026-06-20 09:00:00,Server Room,25.88,27.4,0.14,True
2026-06-20 09:00:00,Classrooms,12.92,27.4,0.14,True
2026-06-20 10:00:00,HVAC,61.43,28.0,0.14,True
2026-06-20 10:00:00,Lighting,11.53,28.0,0.14,True
2026-06-20 10:00:00,Labs,3.43,28.0,0.14,True
2026-06-20 10:00:00,Server Room,32.76,28.0,0.14,True
2026-06-20 10:00:00,Classrooms,6.55,28.0,0.14,True
2026-06-20 11:00:00,HVAC,90.65,33.7,0.2,True
2026-06-20 11:00:00,Lighting,15.37,33.7,0.2,True
2026-06-20 11:00:00,Labs,0.0,33.7,0.2,True
2026-06-20 11:00:00,Server Room,31.25,33.7,0.2,True
2026-06-20 11:00:00,Classrooms,2.7,33.7,0.2,True
2026-06-20 12:00:00,HVAC,80.09,31.8,0.13,True
2026-06-20 12:00:00,Lighting,19.05,31.8,0.13,True
2026-06-20 12:00:00,Labs,8.39,31.8,0.13,True
2026-06-20 12:00:00,Server Room,23.13,31.8,0.13,True
2026-06-20 12:00:00,Classrooms,7.05,31.8,0.13,True
2026-06-20 13:00:00,HVAC,81.19,31.0,0.08,True
2026-06-20 13:00:00,Lighting,7.87,31.0,0.08,True
2026-06-20 13:00:00,Labs,5.52,31.0,0.08,True
2026-06-20 13:00:00,Server Room,26.74,31.0,0.08,True
2026-06-20 13:00:00,Classrooms,5.96,31.0,0.08,True
2026-06-20 14:00:00,HVAC,73.99,29.3,0.19,True
2026-06-20 14:00:00,Lighting,10.5,29.3,0.19,True
2026-06-20 14:00:00,Labs,0.82,29.3,0.19,True
2026-06-20 14:00:00,Server Room,23.56,29.3,0.19,True
2026-06-20 14:00:00,Classrooms,9.26,29.3,0.19,True
2026-06-20 15:00:00,HVAC,85.03,32.3,0.1,True
2026-06-20 15:00:00,Lighting,10.02,32.3,0.1,True
2026-06-20 15:00:00,Labs,7.66,32.3,0.1,True
2026-06-20 15:00:00,Server Room,31.01,32.3,0.1,True
2026-06-20 15:00:00,Classrooms,9.5,32.3,0.1,True
2026-06-20 16:00:00,HVAC,85.12,31.8,0.17,True
2026-06-20 16:00:00,Lighting,7.07,31.8,0.17,True
2026-06-20 16:00:00,Labs,0.0,31.8,0.17,True
2026-06-20 16:00:00,Server Room,21.95,31.8,0.17,True
2026-06-20 16:00:00,Classrooms,12.86,31.8,0.17,True
2026-06-20 17:00:00,HVAC,82.68,31.6,0.1,True
2026-06-20 17:00:00,Lighting,8.91,31.6,0.1,True
2026-06-20 17:00:00,Labs,8.46,31.6,0.1,True
2026-06-20 17:00:00,Server Room,25.68,31.6,0.1,True
2026-06-20 17:00:00,Classrooms,8.36,31.6,0.1,True
2026-06-20 18:00:00,HVAC,66.13,28.2,0.18,True
2026-06-20 18:00:00,Lighting,18.99,28.2,0.18,True
2026-06-20 18:00:00,Labs,5.24,28.2,0.18,True
2026-06-20 18:00:00,Server Room,21.59,28.2,0.18,True
2026-06-20 18:00:00,Classrooms,4.55,28.2,0.18,True
2026-06-20 19:00:00,HVAC,57.62,26.9,0.15,True
2026-06-20 19:00:00,Lighting,8.92,26.9,0.15,True
2026-06-20 19:00:00,Labs,3.98,26.9,0.15,True
2026-06-20 19:00:00,Server Room,17.78,26.9,0.15,True
2026-06-20 19:00:00,Classrooms,7.19,26.9,0.15,True
2026-06-20 20:00:00,HVAC,56.55,26.3,0.09,True
2026-06-20 20:00:00,Lighting,11.91,26.3,0.09,True
2026-06-20 20:00:00,Labs,6.02,26.3,0.09,True
2026-06-20 20:00:00,Server Room,26.65,26.3,0.09,True
2026-06-20 20:00:00,Classrooms,6.7,26.3,0.09,True
2026-06-20 21:00:00,HVAC,35.9,23.9,0.11,True
2026-06-20 21:00:00,Lighting,12.82,23.9,0.11,True
2026-06-20 21:00:00,Labs,7.17,23.9,0.11,True
2026-06-20 21:00:00,Server Room,22.49,23.9,0.11,True
2026-06-20 21:00:00,Classrooms,6.65,23.9,0.11,True
2026-06-20 22:00:00,HVAC,44.95,23.7,0.12,True
2026-06-20 22:00:00,Lighting,14.13,23.7,0.12,True
2026-06-20 22:00:00,Labs,0.45,23.7,0.12,True
2026-06-20 22:00:00,Server Room,24.37,23.7,0.12,True
2026-06-20 22:00:00,Classrooms,4.34,23.7,0.12,True
2026-06-20 23:00:00,HVAC,43.09,23.7,0.19,True
2026-06-20 23:00:00,Lighting,13.91,23.7,0.19,True
2026-06-20 23:00:00,Labs,10.44,23.7,0.19,True
2026-06-20 23:00:00,Server Room,23.37,23.7,0.19,True
2026-06-20 23:00:00,Classrooms,6.92,23.7,0.19,True
2026-06-21 00:00:00,HVAC,26.12,20.4,0.04,True
2026-06-21 00:00:00,Lighting,11.99,20.4,0.04,True
2026-06-21 00:00:00,Labs,5.22,20.4,0.04,True
2026-06-21 00:00:00,Server Room,25.35,20.4,0.04,True
2026-06-21 00:00:00,Classrooms,9.71,20.4,0.04,True
2026-06-21 01:00:00,HVAC,19.47,19.8,0.07,True
2026-06-21 01:00:00,Lighting,14.43,19.8,0.07,True
2026-06-21 01:00:00,Labs,3.55,19.8,0.07,True
2026-06-21 01:00:00,Server Room,28.87,19.8,0.07,True
2026-06-21 01:00:00,Classrooms,6.5,19.8,0.07,True
2026-06-21 02:00:00,HVAC,9.5,17.9,0.11,True
2026-06-21 02:00:00,Lighting,11.23,17.9,0.11,True
2026-06-21 02:00:00,Labs,1.55,17.9,0.11,True
2026-06-21 02:00:00,Server Room,26.49,17.9,0.11,True
2026-06-21 02:00:00,Classrooms,5.69,17.9,0.11,True
2026-06-21 03:00:00,HVAC,27.84,20.3,0.2,True
2026-06-21 03:00:00,Lighting,16.62,20.3,0.2,True
2026-06-21 03:00:00,Labs,6.36,20.3,0.2,True
2026-06-21 03:00:00,Server Room,24.1,20.3,0.2,True
2026-06-21 03:00:00,Classrooms,1.1,20.3,0.2,True
2026-06-21 04:00:00,HVAC,15.38,18.1,0.07,True
2026-06-21 04:00:00,Lighting,14.51,18.1,0.07,True
2026-06-21 04:00:00,Labs,3.13,18.1,0.07,True
2026-06-21 04:00:00,Server Room,23.21,18.1,0.07,True
2026-06-21 04:00:00,Classrooms,2.56,18.1,0.07,True
2026-06-21 05:00:00,HVAC,32.55,21.4,0.14,True
2026-06-21 05:00:00,Lighting,12.78,21.4,0.14,True
2026-06-21 05:00:00,Labs,3.46,21.4,0.14,True
2026-06-21 05:00:00,Server Room,24.1,21.4,0.14,True
2026-06-21 05:00:00,Classrooms,11.14,21.4,0.14,True
2026-06-21 06:00:00,HVAC,34.34,23.0,0.04,True
2026-06-21 06:00:00,Lighting,13.46,23.0,0.04,True
2026-06-21 06:00:00,Labs,4.34,23.0,0.04,True
2026-06-21 06:00:00,Server Room,21.3,23.0,0.04,True
2026-06-21 06:00:00,Classrooms,3.93,23.0,0.04,True
2026-06-21 07:00:00,HVAC,48.36,24.9,0.18,True
2026-06-21 07:00:00,Lighting,9.41,24.9,0.18,True
2026-06-21 07:00:00,Labs,6.05,24.9,0.18,True
2026-06-21 07:00:00,Server Room,25.5,24.9,0.18,True
2026-06-21 07:00:00,Classrooms,2.1,24.9,0.18,True
2026-06-21 08:00:00,HVAC,59.47,26.1,0.19,True
2026-06-21 08:00:00,Lighting,13.87,26.1,0.19,True
2026-06-21 08:00:00,Labs,2.31,26.1,0.19,True
2026-06-21 08:00:00,Server Room,27.32,26.1,0.19,True
2026-06-21 08:00:00,Classrooms,15.13,26.1,0.19,True
2026-06-21 09:00:00,HVAC,49.54,25.9,0.19,True
2026-06-21 09:00:00,Lighting,8.25,25.9,0.19,True
2026-06-21 09:00:00,Labs,5.34,25.9,0.19,True
2026-06-21 09:00:00,Server Room,21.26,25.9,0.19,True
2026-06-21 09:00:00,Classrooms,4.41,25.9,0.19,True
2026-06-21 10:00:00,HVAC,58.72,26.7,0.03,True
2026-06-21 10:00:00,Lighting,12.43,26.7,0.03,True
2026-06-21 10:00:00,Labs,8.22,26.7,0.03,True
2026-06-21 10:00:00,Server Room,28.87,26.7,0.03,True
2026-06-21 10:00:00,Classrooms,7.93,26.7,0.03,True
2026-06-21 11:00:00,HVAC,75.18,31.3,0.1,True
2026-06-21 11:00:00,Lighting,8.59,31.3,0.1,True
2026-06-21 11:00:00,Labs,1.56,31.3,0.1,True
2026-06-21 11:00:00,Server Room,32.23,31.3,0.1,True
2026-06-21 11:00:00,Classrooms,4.62,31.3,0.1,True
2026-06-21 12:00:00,HVAC,91.64,33.0,0.12,True
2026-06-21 12:00:00,Lighting,13.11,33.0,0.12,True
2026-06-21 12:00:00,Labs,7.75,33.0,0.12,True
2026-06-21 12:00:00,Server Room,30.81,33.0,0.12,True
2026-06-21 12:00:00,Classrooms,5.8,33.0,0.12,True
2026-06-21 13:00:00,HVAC,102.7,36.2,0.05,True
2026-06-21 13:00:00,Lighting,2.84,36.2,0.05,True
2026-06-21 13:00:00,Labs,3.91,36.2,0.05,True
2026-06-21 13:00:00,Server Room,18.37,36.2,0.05,True
2026-06-21 13:00:00,Classrooms,0.0,36.2,0.05,True
2026-06-21 14:00:00,HVAC,90.9,32.6,0.18,True
2026-06-21 14:00:00,Lighting,12.99,32.6,0.18,True
2026-06-21 14:00:00,Labs,2.34,32.6,0.18,True
2026-06-21 14:00:00,Server Room,23.43,32.6,0.18,True
2026-06-21 14:00:00,Classrooms,5.52,32.6,0.18,True
2026-06-21 15:00:00,HVAC,79.42,31.0,0.06,True
2026-06-21 15:00:00,Lighting,5.53,31.0,0.06,True
2026-06-21 15:00:00,Labs,9.72,31.0,0.06,True
2026-06-21 15:00:00,Server Room,22.21,31.0,0.06,True
2026-06-21 15:00:00,Classrooms,8.27,31.0,0.06,True
2026-06-21 16:00:00,HVAC,84.17,31.4,0.1,True
2026-06-21 16:00:00,Lighting,17.84,31.4,0.1,True
2026-06-21 16:00:00,Labs,7.98,31.4,0.1,True
2026-06-21 16:00:00,Server Room,30.83,31.4,0.1,True
2026-06-21 16:00:00,Classrooms,8.38,31.4,0.1,True
2026-06-21 17:00:00,HVAC,77.59,29.9,0.2,True
2026-06-21 17:00:00,Lighting,8.21,29.9,0.2,True
2026-06-21 17:00:00,Labs,6.11,29.9,0.2,True
2026-06-21 17:00:00,Server Room,30.38,29.9,0.2,True
2026-06-21 17:00:00,Classrooms,4.35,29.9,0.2,True
2026-06-21 18:00:00,HVAC,59.73,27.4,0.03,True
2026-06-21 18:00:00,Lighting,9.78,27.4,0.03,True
2026-06-21 18:00:00,Labs,2.16,27.4,0.03,True
2026-06-21 18:00:00,Server Room,24.84,27.4,0.03,True
2026-06-21 18:00:00,Classrooms,3.08,27.4,0.03,True
2026-06-21 19:00:00,HVAC,53.55,25.8,0.18,True
2026-06-21 19:00:00,Lighting,11.21,25.8,0.18,True
2026-06-21 19:00:00,Labs,6.04,25.8,0.18,True
2026-06-21 19:00:00,Server Room,20.48,25.8,0.18,True
2026-06-21 19:00:00,Classrooms,4.78,25.8,0.18,True
2026-06-21 20:00:00,HVAC,44.52,24.4,0.16,True
2026-06-21 20:00:00,Lighting,10.01,24.4,0.16,True
2026-06-21 20:00:00,Labs,0.65,24.4,0.16,True
2026-06-21 20:00:00,Server Room,28.13,24.4,0.16,True
2026-06-21 20:00:00,Classrooms,3.07,24.4,0.16,True
2026-06-21 21:00:00,HVAC,62.34,27.0,0.13,True
2026-06-21 21:00:00,Lighting,10.95,27.0,0.13,True
2026-06-21 21:00:00,Labs,2.23,27.0,0.13,True
2026-06-21 21:00:00,Server Room,25.53,27.0,0.13,True
2026-06-21 21:00:00,Classrooms,3.62,27.0,0.13,True
2026-06-21 22:00:00,HVAC,45.97,24.1,0.09,True
2026-06-21 22:00:00,Lighting,7.96,24.1,0.09,True
2026-06-21 22:00:00,Labs,6.4,24.1,0.09,True
2026-06-21 22:00:00,Server Room,24.97,24.1,0.09,True
2026-06-21 22:00:00,Classrooms,6.29,24.1,0.09,True
2026-06-21 23:00:00,HVAC,37.17,23.0,0.18,True
2026-06-21 23:00:00,Lighting,9.24,23.0,0.18,True
2026-06-21 23:00:00,Labs,7.23,23.0,0.18,True
2026-06-21 23:00:00,Server Room,28.55,23.0,0.18,True
2026-06-21 23:00:00,Classrooms,3.24,23.0,0.18,True
2026-06-22 00:00:00,HVAC,37.76,23.5,0.02,False
2026-06-22 00:00:00,Lighting,9.75,23.5,0.02,False
2026-06-22 00:00:00,Labs,3.51,23.5,0.02,False
2026-06-22 00:00:00,Server Room,29.19,23.5,0.02,False
2026-06-22 00:00:00,Classrooms,8.79,23.5,0.02,False
2026-06-22 01:00:00,HVAC,31.13,20.9,0.25,False
2026-06-22 01:00:00,Lighting,17.15,20.9,0.25,False
2026-06-22 01:00:00,Labs,10.21,20.9,0.25,False
2026-06-22 01:00:00,Server Room,28.18,20.9,0.25,False
2026-06-22 01:00:00,Classrooms,11.66,20.9,0.25,False
2026-06-22 02:00:00,HVAC,22.93,20.7,0.03,False
2026-06-22 02:00:00,Lighting,12.9,20.7,0.03,False
2026-06-22 02:00:00,Labs,7.04,20.7,0.03,False
2026-06-22 02:00:00,Server Room,27.38,20.7,0.03,False
2026-06-22 02:00:00,Classrooms,5.83,20.7,0.03,False
2026-06-22 03:00:00,HVAC,13.74,19.0,0.03,False
2026-06-22 03:00:00,Lighting,8.66,19.0,0.03,False
2026-06-22 03:00:00,Labs,3.79,19.0,0.03,False
2026-06-22 03:00:00,Server Room,19.33,19.0,0.03,False
2026-06-22 03:00:00,Classrooms,7.69,19.0,0.03,False
2026-06-22 04:00:00,HVAC,24.78,20.1,0.24,False
2026-06-22 04:00:00,Lighting,17.55,20.1,0.24,False
2026-06-22 04:00:00,Labs,7.25,20.1,0.24,False
2026-06-22 04:00:00,Server Room,21.08,20.1,0.24,False
2026-06-22 04:00:00,Classrooms,13.83,20.1,0.24,False
2026-06-22 05:00:00,HVAC,22.03,19.6,0.13,False
2026-06-22 05:00:00,Lighting,14.5,19.6,0.13,False
2026-06-22 05:00:00,Labs,4.91,19.6,0.13,False
2026-06-22 05:00:00,Server Room,22.13,19.6,0.13,False
2026-06-22 05:00:00,Classrooms,5.75,19.6,0.13,False
2026-06-22 06:00:00,HVAC,38.6,23.0,0.07,False
2026-06-22 06:00:00,Lighting,11.63,23.0,0.07,False
2026-06-22 06:00:00,Labs,4.37,23.0,0.07,False
2026-06-22 06:00:00,Server Room,22.35,23.0,0.07,False
2026-06-22 06:00:00,Classrooms,5.99,23.0,0.07,False
2026-06-22 07:00:00,HVAC,51.95,25.1,0.22,False
2026-06-22 07:00:00,Lighting,14.85,25.1,0.22,False
2026-06-22 07:00:00,Labs,13.24,25.1,0.22,False
2026-06-22 07:00:00,Server Room,27.5,25.1,0.22,False
2026-06-22 07:00:00,Classrooms,9.15,25.1,0.22,False
2026-06-22 08:00:00,HVAC,65.19,24.1,0.61,False
2026-06-22 08:00:00,Lighting,19.31,24.1,0.61,False
2026-06-22 08:00:00,Labs,19.35,24.1,0.61,False
2026-06-22 08:00:00,Server Room,31.81,24.1,0.61,False
2026-06-22 08:00:00,Classrooms,8.92,24.1,0.61,False
2026-06-22 09:00:00,HVAC,79.77,26.3,0.87,False
2026-06-22 09:00:00,Lighting,26.64,26.3,0.87,False
2026-06-22 09:00:00,Labs,29.14,26.3,0.87,False
2026-06-22 09:00:00,Server Room,25.42,26.3,0.87,False
2026-06-22 09:00:00,Classrooms,21.83,26.3,0.87,False
2026-06-22 10:00:00,HVAC,78.02,27.7,0.71,False
2026-06-22 10:00:00,Lighting,17.37,27.7,0.71,False
2026-06-22 10:00:00,Labs,16.74,27.7,0.71,False
2026-06-22 10:00:00,Server Room,25.92,27.7,0.71,False
2026-06-22 10:00:00,Classrooms,16.83,27.7,0.71,False
2026-06-22 11:00:00,HVAC,93.9,30.5,0.64,False
2026-06-22 11:00:00,Lighting,17.99,30.5,0.64,False
2026-06-22 11:00:00,Labs,14.79,30.5,0.64,False
2026-06-22 11:00:00,Server Room,32.64,30.5,0.64,False
2026-06-22 11:00:00,Classrooms,14.05,30.5,0.64,False
2026-06-22 12:00:00,HVAC,93.82,30.6,0.79,False
2026-06-22 12:00:00,Lighting,19.49,30.6,0.79,False
2026-06-22 12:00:00,Labs,22.5,30.6,0.79,False
2026-06-22 12:00:00,Server Room,22.88,30.6,0.79,False
2026-06-22 12:00:00,Classrooms,20.8,30.6,0.79,False
2026-06-22 13:00:00,HVAC,90.32,29.5,0.88,False
2026-06-22 13:00:00,Lighting,24.26,29.5,0.88,False
2026-06-22 13:00:00,Labs,23.56,29.5,0.88,False
2026-06-22 13:00:00,Server Room,29.17,29.5,0.88,False
2026-06-22 13:00:00,Classrooms,24.22,29.5,0.88,False
2026-06-22 14:00:00,HVAC,100.28,30.5,0.88,False
2026-06-22 14:00:00,Lighting,15.91,30.5,0.88,False
2026-06-22 14:00:00,Labs,21.15,30.5,0.88,False
2026-06-22 14:00:00,Server Room,23.89,30.5,0.88,False
2026-06-22 14:00:00,Classrooms,24.9,30.5,0.88,False
2026-06-22 15:00:00,HVAC,90.05,30.1,0.56,False
2026-06-22 15:00:00,Lighting,19.59,30.1,0.56,False
2026-06-22 15:00:00,Labs,20.75,30.1,0.56,False
2026-06-22 15:00:00,Server Room,27.57,30.1,0.56,False
2026-06-22 15:00:00,Classrooms,12.57,30.1,0.56,False
2026-06-22 16:00:00,HVAC,98.29,32.0,0.66,False
2026-06-22 16:00:00,Lighting,17.4,32.0,0.66,False
2026-06-22 16:00:00,Labs,21.56,32.0,0.66,False
2026-06-22 16:00:00,Server Room,24.38,32.0,0.66,False
2026-06-22 16:00:00,Classrooms,19.99,32.0,0.66,False
2026-06-22 17:00:00,HVAC,102.32,32.0,0.6,False
2026-06-22 17:00:00,Lighting,20.15,32.0,0.6,False
2026-06-22 17:00:00,Labs,14.4,32.0,0.6,False
2026-06-22 17:00:00,Server Room,26.84,32.0,0.6,False
2026-06-22 17:00:00,Classrooms,9.25,32.0,0.6,False
2026-06-22 18:00:00,HVAC,75.8,27.6,0.68,False
2026-06-22 18:00:00,Lighting,24.35,27.6,0.68,False
2026-06-22 18:00:00,Labs,17.1,27.6,0.68,False
2026-06-22 18:00:00,Server Room,26.22,27.6,0.68,False
2026-06-22 18:00:00,Classrooms,20.0,27.6,0.68,False
2026-06-22 19:00:00,HVAC,73.52,29.1,0.27,False
2026-06-22 19:00:00,Lighting,7.9,29.1,0.27,False
2026-06-22 19:00:00,Labs,9.39,29.1,0.27,False
2026-06-22 19:00:00,Server Room,25.32,29.1,0.27,False
2026-06-22 19:00:00,Classrooms,14.62,29.1,0.27,False
2026-06-22 20:00:00,HVAC,47.16,24.1,0.28,False
2026-06-22 20:00:00,Lighting,6.98,24.1,0.28,False
2026-06-22 20:00:00,Labs,14.16,24.1,0.28,False
2026-06-22 20:00:00,Server Room,22.99,24.1,0.28,False
2026-06-22 20:00:00,Classrooms,11.3,24.1,0.28,False
2026-06-22 21:00:00,HVAC,38.04,22.5,0.09,False
2026-06-22 21:00:00,Lighting,15.47,22.5,0.09,False
2026-06-22 21:00:00,Labs,10.43,22.5,0.09,False
2026-06-22 21:00:00,Server Room,23.65,22.5,0.09,False
2026-06-22 21:00:00,Classrooms,11.05,22.5,0.09,False
2026-06-22 22:00:00,HVAC,35.03,22.5,0.22,False
2026-06-22 22:00:00,Lighting,13.89,22.5,0.22,False
2026-06-22 22:00:00,Labs,9.72,22.5,0.22,False
2026-06-22 22:00:00,Server Room,23.0,22.5,0.22,False
2026-06-22 22:00:00,Classrooms,10.97,22.5,0.22,False
2026-06-22 23:00:00,HVAC,35.12,22.4,0.1,False
2026-06-22 23:00:00,Lighting,12.93,22.4,0.1,False
2026-06-22 23:00:00,Labs,3.58,22.4,0.1,False
2026-06-22 23:00:00,Server Room,30.38,22.4,0.1,False
2026-06-22 23:00:00,Classrooms,5.4,22.4,0.1,False
2026-06-23 00:00:00,HVAC,29.0,20.2,0.13,False
2026-06-23 00:00:00,Lighting,16.93,20.2,0.13,False
2026-06-23 00:00:00,Labs,6.25,20.2,0.13,False
2026-06-23 00:00:00,Server Room,30.44,20.2,0.13,False
2026-06-23 00:00:00,Classrooms,6.4,20.2,0.13,False
2026-06-23 01:00:00,HVAC,21.05,20.5,0.08,False
2026-06-23 01:00:00,Lighting,14.9,20.5,0.08,False
2026-06-23 01:00:00,Labs,9.4,20.5,0.08,False
2026-06-23 01:00:00,Server Room,22.42,20.5,0.08,False
2026-06-23 01:00:00,Classrooms,1.49,20.5,0.08,False
2026-06-23 02:00:00,HVAC,34.75,22.2,0.02,False
2026-06-23 02:00:00,Lighting,8.0,22.2,0.02,False
2026-06-23 02:00:00,Labs,8.58,22.2,0.02,False
2026-06-23 02:00:00,Server Room,25.34,22.2,0.02,False
2026-06-23 02:00:00,Classrooms,11.13,22.2,0.02,False
2026-06-23 03:00:00,HVAC,18.01,19.5,0.03,False
2026-06-23 03:00:00,Lighting,7.92,19.5,0.03,False
2026-06-23 03:00:00,Labs,3.43,19.5,0.03,False
2026-06-23 03:00:00,Server Room,26.98,19.5,0.03,False
2026-06-23 03:00:00,Classrooms,2.31,19.5,0.03,False
2026-06-23 04:00:00,HVAC,26.87,19.8,0.23,False
2026-06-23 04:00:00,Lighting,14.9,19.8,0.23,False
2026-06-23 04:00:00,Labs,4.05,19.8,0.23,False
2026-06-23 04:00:00,Server Room,21.51,19.8,0.23,False
2026-06-23 04:00:00,Classrooms,11.34,19.8,0.23,False
2026-06-23 05:00:00,HVAC,31.1,22.9,0.07,False
2026-06-23 05:00:00,Lighting,7.47,22.9,0.07,False
2026-06-23 05:00:00,Labs,3.57,22.9,0.07,False
2026-06-23 05:00:00,Server Room,18.52,22.9,0.07,False
2026-06-23 05:00:00,Classrooms,10.74,22.9,0.07,False
2026-06-23 06:00:00,HVAC,45.34,23.6,0.24,False
2026-06-23 06:00:00,Lighting,12.81,23.6,0.24,False
2026-06-23 06:00:00,Labs,5.99,23.6,0.24,False
2026-06-23 06:00:00,Server Room,21.35,23.6,0.24,False
2026-06-23 06:00:00,Classrooms,13.92,23.6,0.24,False
2026-06-23 07:00:00,HVAC,42.6,24.5,0.02,False
2026-06-23 07:00:00,Lighting,8.72,24.5,0.02,False
2026-06-23 07:00:00,Labs,9.07,24.5,0.02,False
2026-06-23 07:00:00,Server Room,30.28,24.5,0.02,False
2026-06-23 07:00:00,Classrooms,7.77,24.5,0.02,False
2026-06-23 08:00:00,HVAC,64.89,23.1,0.92,False
2026-06-23 08:00:00,Lighting,23.3,23.1,0.92,False
2026-06-23 08:00:00,Labs,27.6,23.1,0.92,False
2026-06-23 08:00:00,Server Room,17.81,23.1,0.92,False
2026-06-23 08:00:00,Classrooms,23.04,23.1,0.92,False
2026-06-23 09:00:00,HVAC,84.08,29.3,0.62,False
2026-06-23 09:00:00,Lighting,21.75,29.3,0.62,False
2026-06-23 09:00:00,Labs,17.26,29.3,0.62,False
2026-06-23 09:00:00,Server Room,29.22,29.3,0.62,False
2026-06-23 09:00:00,Classrooms,17.62,29.3,0.62,False
2026-06-23 10:00:00,HVAC,79.81,27.4,0.59,False
2026-06-23 10:00:00,Lighting,17.43,27.4,0.59,False
2026-06-23 10:00:00,Labs,22.56,27.4,0.59,False
2026-06-23 10:00:00,Server Room,33.57,27.4,0.59,False
2026-06-23 10:00:00,Classrooms,18.96,27.4,0.59,False
2026-06-23 11:00:00,HVAC,91.88,28.6,0.85,False
2026-06-23 11:00:00,Lighting,23.66,28.6,0.85,False
2026-06-23 11:00:00,Labs,18.07,28.6,0.85,False
2026-06-23 11:00:00,Server Room,26.46,28.6,0.85,False
2026-06-23 11:00:00,Classrooms,18.65,28.6,0.85,False
2026-06-23 12:00:00,HVAC,102.01,31.0,0.97,False
2026-06-23 12:00:00,Lighting,25.31,31.0,0.97,False
2026-06-23 12:00:00,Labs,27.16,31.0,0.97,False
2026-06-23 12:00:00,Server Room,23.59,31.0,0.97,False
2026-06-23 12:00:00,Classrooms,22.44,31.0,0.97,False
2026-06-23 13:00:00,HVAC,95.88,30.3,0.8,False
2026-06-23 13:00:00,Lighting,19.46,30.3,0.8,False
2026-06-23 13:00:00,Labs,21.53,30.3,0.8,False
2026-06-23 13:00:00,Server Room,22.74,30.3,0.8,False
2026-06-23 13:00:00,Classrooms,19.58,30.3,0.8,False
2026-06-23 14:00:00,HVAC,91.54,30.2,0.84,False
2026-06-23 14:00:00,Lighting,22.58,30.2,0.84,False
2026-06-23 14:00:00,Labs,18.96,30.2,0.84,False
2026-06-23 14:00:00,Server Room,20.06,30.2,0.84,False
2026-06-23 14:00:00,Classrooms,20.74,30.2,0.84,False
2026-06-23 15:00:00,HVAC,87.58,28.8,0.77,False
2026-06-23 15:00:00,Lighting,23.21,28.8,0.77,False
2026-06-23 15:00:00,Labs,20.17,28.8,0.77,False
2026-06-23 15:00:00,Server Room,20.75,28.8,0.77,False
2026-06-23 15:00:00,Classrooms,20.71,28.8,0.77,False
2026-06-23 16:00:00,HVAC,93.85,31.6,0.68,False
2026-06-23 16:00:00,Lighting,24.18,31.6,0.68,False
2026-06-23 16:00:00,Labs,17.05,31.6,0.68,False
2026-06-23 16:00:00,Server Room,24.41,31.6,0.68,False
2026-06-23 16:00:00,Classrooms,11.4,31.6,0.68,False
2026-06-23 17:00:00,HVAC,89.47,30.5,0.54,False
2026-06-23 17:00:00,Lighting,15.96,30.5,0.54,False
2026-06-23 17:00:00,Labs,12.61,30.5,0.54,False
2026-06-23 17:00:00,Server Room,24.4,30.5,0.54,False
2026-06-23 17:00:00,Classrooms,15.79,30.5,0.54,False
2026-06-23 18:00:00,HVAC,94.56,30.5,0.86,False
2026-06-23 18:00:00,Lighting,17.33,30.5,0.86,False
2026-06-23 18:00:00,Labs,31.77,30.5,0.86,False
2026-06-23 18:00:00,Server Room,25.1,30.5,0.86,False
2026-06-23 18:00:00,Classrooms,20.89,30.5,0.86,False
2026-06-23 19:00:00,HVAC,62.95,28.5,0.15,False
2026-06-23 19:00:00,Lighting,12.1,28.5,0.15,False
2026-06-23 19:00:00,Labs,12.22,28.5,0.15,False
2026-06-23 19:00:00,Server Room,23.4,28.5,0.15,False
2026-06-23 19:00:00,Classrooms,5.24,28.5,0.15,False
2026-06-23 20:00:00,HVAC,61.88,26.5,0.21,False
2026-06-23 20:00:00,Lighting,15.35,26.5,0.21,False
2026-06-23 20:00:00,Labs,5.99,26.5,0.21,False
2026-06-23 20:00:00,Server Room,23.01,26.5,0.21,False
2026-06-23 20:00:00,Classrooms,10.41,26.5,0.21,False
2026-06-23 21:00:00,HVAC,49.56,23.9,0.28,False
2026-06-23 21:00:00,Lighting,13.51,23.9,0.28,False
2026-06-23 21:00:00,Labs,4.89,23.9,0.28,False
2026-06-23 21:00:00,Server Room,18.45,23.9,0.28,False
2026-06-23 21:00:00,Classrooms,10.29,23.9,0.28,False
2026-06-23 22:00:00,HVAC,38.96,22.8,0.21,False
2026-06-23 22:00:00,Lighting,11.65,22.8,0.21,False
2026-06-23 22:00:00,Labs,7.26,22.8,0.21,False
2026-06-23 22:00:00,Server Room,30.17,22.8,0.21,False
2026-06-23 22:00:00,Classrooms,6.66,22.8,0.21,False
2026-06-23 23:00:00,HVAC,29.75,21.1,0.11,False
2026-06-23 23:00:00,Lighting,7.85,21.1,0.11,False
2026-06-23 23:00:00,Labs,6.22,21.1,0.11,False
2026-06-23 23:00:00,Server Room,20.59,21.1,0.11,False
2026-06-23 23:00:00,Classrooms,3.92,21.1,0.11,False
2026-06-24 00:00:00,HVAC,33.67,22.0,0.22,False
2026-06-24 00:00:00,Lighting,17.53,22.0,0.22,False
2026-06-24 00:00:00,Labs,6.99,22.0,0.22,False
2026-06-24 00:00:00,Server Room,20.05,22.0,0.22,False
2026-06-24 00:00:00,Classrooms,11.93,22.0,0.22,False
2026-06-24 01:00:00,HVAC,23.21,19.9,0.07,False
2026-06-24 01:00:00,Lighting,8.32,19.9,0.07,False
2026-06-24 01:00:00,Labs,0.61,19.9,0.07,False
2026-06-24 01:00:00,Server Room,24.38,19.9,0.07,False
2026-06-24 01:00:00,Classrooms,9.14,19.9,0.07,False
2026-06-24 02:00:00,HVAC,29.03,21.5,0.13,False
2026-06-24 02:00:00,Lighting,6.76,21.5,0.13,False
2026-06-24 02:00:00,Labs,7.19,21.5,0.13,False
2026-06-24 02:00:00,Server Room,23.12,21.5,0.13,False
2026-06-24 02:00:00,Classrooms,12.95,21.5,0.13,False
2026-06-24 03:00:00,HVAC,40.24,22.3,0.15,False
2026-06-24 03:00:00,Lighting,10.61,22.3,0.15,False
2026-06-24 03:00:00,Labs,10.52,22.3,0.15,False
2026-06-24 03:00:00,Server Room,24.49,22.3,0.15,False
2026-06-24 03:00:00,Classrooms,12.3,22.3,0.15,False
2026-06-24 04:00:00,HVAC,46.18,24.9,0.17,False
2026-06-24 04:00:00,Lighting,13.02,24.9,0.17,False
2026-06-24 04:00:00,Labs,3.96,24.9,0.17,False
2026-06-24 04:00:00,Server Room,23.92,24.9,0.17,False
2026-06-24 04:00:00,Classrooms,7.68,24.9,0.17,False
2026-06-24 05:00:00,HVAC,31.74,22.1,0.07,False
2026-06-24 05:00:00,Lighting,13.42,22.1,0.07,False
2026-06-24 05:00:00,Labs,9.78,22.1,0.07,False
2026-06-24 05:00:00,Server Room,19.52,22.1,0.07,False
2026-06-24 05:00:00,Classrooms,6.96,22.1,0.07,False
2026-06-24 06:00:00,HVAC,43.0,23.8,0.24,False
2026-06-24 06:00:00,Lighting,13.86,23.8,0.24,False
2026-06-24 06:00:00,Labs,15.5,23.8,0.24,False
2026-06-24 06:00:00,Server Room,24.23,23.8,0.24,False
2026-06-24 06:00:00,Classrooms,7.37,23.8,0.24,False
2026-06-24 07:00:00,HVAC,43.85,24.4,0.02,False
2026-06-24 07:00:00,Lighting,11.59,24.4,0.02,False
2026-06-24 07:00:00,Labs,4.74,24.4,0.02,False
2026-06-24 07:00:00,Server Room,27.32,24.4,0.02,False
2026-06-24 07:00:00,Classrooms,9.05,24.4,0.02,False
2026-06-24 08:00:00,HVAC,76.63,26.0,0.96,False
2026-06-24 08:00:00,Lighting,25.41,26.0,0.96,False
2026-06-24 08:00:00,Labs,23.18,26.0,0.96,False
2026-06-24 08:00:00,Server Room,15.93,26.0,0.96,False
2026-06-24 08:00:00,Classrooms,22.81,26.0,0.96,False
2026-06-24 09:00:00,HVAC,82.29,27.5,0.83,False
2026-06-24 09:00:00,Lighting,19.77,27.5,0.83,False
2026-06-24 09:00:00,Labs,15.21,27.5,0.83,False
2026-06-24 09:00:00,Server Room,22.03,27.5,0.83,False
2026-06-24 09:00:00,Classrooms,20.14,27.5,0.83,False
2026-06-24 10:00:00,HVAC,86.7,28.7,0.82,False
2026-06-24 10:00:00,Lighting,21.43,28.7,0.82,False
2026-06-24 10:00:00,Labs,17.41,28.7,0.82,False
2026-06-24 10:00:00,Server Room,21.04,28.7,0.82,False
2026-06-24 10:00:00,Classrooms,15.78,28.7,0.82,False
2026-06-24 11:00:00,HVAC,77.98,27.9,0.54,False
2026-06-24 11:00:00,Lighting,21.75,27.9,0.54,False
2026-06-24 11:00:00,Labs,16.41,27.9,0.54,False
2026-06-24 11:00:00,Server Room,21.66,27.9,0.54,False
2026-06-24 11:00:00,Classrooms,11.36,27.9,0.54,False
2026-06-24 12:00:00,HVAC,114.68,33.7,0.91,False
2026-06-24 12:00:00,Lighting,20.93,33.7,0.91,False
2026-06-24 12:00:00,Labs,27.98,33.7,0.91,False
2026-06-24 12:00:00,Server Room,22.95,33.7,0.91,False
2026-06-24 12:00:00,Classrooms,22.43,33.7,0.91,False
2026-06-24 13:00:00,HVAC,98.63,30.4,0.98,False
2026-06-24 13:00:00,Lighting,23.02,30.4,0.98,False
2026-06-24 13:00:00,Labs,29.32,30.4,0.98,False
2026-06-24 13:00:00,Server Room,29.57,30.4,0.98,False
2026-06-24 13:00:00,Classrooms,29.89,30.4,0.98,False
2026-06-24 14:00:00,HVAC,82.41,28.6,0.61,False
2026-06-24 14:00:00,Lighting,19.71,28.6,0.61,False
2026-06-24 14:00:00,Labs,16.36,28.6,0.61,False
2026-06-24 14:00:00,Server Room,19.99,28.6,0.61,False
2026-06-24 14:00:00,Classrooms,11.07,28.6,0.61,False
2026-06-24 15:00:00,HVAC,103.88,32.9,0.75,False
2026-06-24 15:00:00,Lighting,23.61,32.9,0.75,False
2026-06-24 15:00:00,Labs,20.33,32.9,0.75,False
2026-06-24 15:00:00,Server Room,24.32,32.9,0.75,False
2026-06-24 15:00:00,Classrooms,18.2,32.9,0.75,False
2026-06-24 16:00:00,HVAC,103.01,31.3,0.99,False
2026-06-24 16:00:00,Lighting,22.34,31.3,0.99,False
2026-06-24 16:00:00,Labs,23.85,31.3,0.99,False
2026-06-24 16:00:00,Server Room,18.58,31.3,0.99,False
2026-06-24 16:00:00,Classrooms,21.36,31.3,0.99,False
2026-06-24 17:00:00,HVAC,95.77,29.0,0.95,False
2026-06-24 17:00:00,Lighting,23.85,29.0,0.95,False
2026-06-24 17:00:00,Labs,20.73,29.0,0.95,False
2026-06-24 17:00:00,Server Room,19.36,29.0,0.95,False
2026-06-24 17:00:00,Classrooms,23.32,29.0,0.95,False
2026-06-24 18:00:00,HVAC,65.58,26.3,0.55,False
2026-06-24 18:00:00,Lighting,19.29,26.3,0.55,False
2026-06-24 18:00:00,Labs,21.42,26.3,0.55,False
2026-06-24 18:00:00,Server Room,26.73,26.3,0.55,False
2026-06-24 18:00:00,Classrooms,20.1,26.3,0.55,False
2026-06-24 19:00:00,HVAC,59.03,25.5,0.16,False
2026-06-24 19:00:00,Lighting,8.91,25.5,0.16,False
2026-06-24 19:00:00,Labs,9.09,25.5,0.16,False
2026-06-24 19:00:00,Server Room,21.09,25.5,0.16,False
2026-06-24 19:00:00,Classrooms,9.71,25.5,0.16,False
2026-06-24 20:00:00,HVAC,51.64,26.0,0.12,False
2026-06-24 20:00:00,Lighting,12.3,26.0,0.12,False
2026-06-24 20:00:00,Labs,5.9,26.0,0.12,False
2026-06-24 20:00:00,Server Room,26.16,26.0,0.12,False
2026-06-24 20:00:00,Classrooms,6.79,26.0,0.12,False
2026-06-24 21:00:00,HVAC,51.61,24.0,0.26,False
2026-06-24 21:00:00,Lighting,14.91,24.0,0.26,False
2026-06-24 21:00:00,Labs,10.01,24.0,0.26,False
2026-06-24 21:00:00,Server Room,24.25,24.0,0.26,False
2026-06-24 21:00:00,Classrooms,14.06,24.0,0.26,False
2026-06-24 22:00:00,HVAC,30.09,21.7,0.12,False
2026-06-24 22:00:00,Lighting,11.95,21.7,0.12,False
2026-06-24 22:00:00,Labs,6.49,21.7,0.12,False
2026-06-24 22:00:00,Server Room,18.18,21.7,0.12,False
2026-06-24 22:00:00,Classrooms,6.8,21.7,0.12,False
2026-06-24 23:00:00,HVAC,47.74,23.3,0.26,False
2026-06-24 23:00:00,Lighting,11.64,23.3,0.26,False
2026-06-24 23:00:00,Labs,8.28,23.3,0.26,False
2026-06-24 23:00:00,Server Room,24.77,23.3,0.26,False
2026-06-24 23:00:00,Classrooms,13.26,23.3,0.26,False
2026-06-25 00:00:00,HVAC,36.46,20.8,0.21,False
2026-06-25 00:00:00,Lighting,10.84,20.8,0.21,False
2026-06-25 00:00:00,Labs,11.1,20.8,0.21,False
2026-06-25 00:00:00,Server Room,25.59,20.8,0.21,False
2026-06-25 00:00:00,Classrooms,7.65,20.8,0.21,False
2026-06-25 01:00:00,HVAC,28.25,19.6,0.27,False
2026-06-25 01:00:00,Lighting,11.8,19.6,0.27,False
2026-06-25 01:00:00,Labs,7.86,19.6,0.27,False
2026-06-25 01:00:00,Server Room,18.44,19.6,0.27,False
2026-06-25 01:00:00,Classrooms,6.16,19.6,0.27,False
2026-06-25 02:00:00,HVAC,21.02,19.0,0.2,False
2026-06-25 02:00:00,Lighting,16.01,19.0,0.2,False
2026-06-25 02:00:00,Labs,10.88,19.0,0.2,False
2026-06-25 02:00:00,Server Room,22.7,19.0,0.2,False
2026-06-25 02:00:00,Classrooms,7.27,19.0,0.2,False
2026-06-25 03:00:00,HVAC,17.17,19.2,0.08,False
2026-06-25 03:00:00,Lighting,14.67,19.2,0.08,False
2026-06-25 03:00:00,Labs,6.67,19.2,0.08,False
2026-06-25 03:00:00,Server Room,27.01,19.2,0.08,False
2026-06-25 03:00:00,Classrooms,4.66,19.2,0.08,False
2026-06-25 04:00:00,HVAC,23.88,19.7,0.22,False
2026-06-25 04:00:00,Lighting,13.07,19.7,0.22,False
2026-06-25 04:00:00,Labs,7.74,19.7,0.22,False
2026-06-25 04:00:00,Server Room,23.88,19.7,0.22,False
2026-06-25 04:00:00,Classrooms,13.35,19.7,0.22,False
2026-06-25 05:00:00,HVAC,38.0,22.9,0.15,False
2026-06-25 05:00:00,Lighting,17.52,22.9,0.15,False
2026-06-25 05:00:00,Labs,10.19,22.9,0.15,False
2026-06-25 05:00:00,Server Room,24.28,22.9,0.15,False
2026-06-25 05:00:00,Classrooms,8.23,22.9,0.15,False
2026-06-25 06:00:00,HVAC,28.76,20.4,0.08,False
2026-06-25 06:00:00,Lighting,15.23,20.4,0.08,False
2026-06-25 06:00:00,Labs,5.59,20.4,0.08,False
2026-06-25 06:00:00,Server Room,22.92,20.4,0.08,False
2026-06-25 06:00:00,Classrooms,7.97,20.4,0.08,False
2026-06-25 07:00:00,HVAC,51.85,26.2,0.02,False
2026-06-25 07:00:00,Lighting,5.52,26.2,0.02,False
2026-06-25 07:00:00,Labs,3.21,26.2,0.02,False
2026-06-25 07:00:00,Server Room,30.72,26.2,0.02,False
2026-06-25 07:00:00,Classrooms,9.66,26.2,0.02,False
2026-06-25 08:00:00,HVAC,77.29,28.1,0.53,False
2026-06-25 08:00:00,Lighting,12.4,28.1,0.53,False
2026-06-25 08:00:00,Labs,18.37,28.1,0.53,False
2026-06-25 08:00:00,Server Room,26.03,28.1,0.53,False
2026-06-25 08:00:00,Classrooms,21.09,28.1,0.53,False
2026-06-25 09:00:00,HVAC,68.25,23.9,0.96,False
2026-06-25 09:00:00,Lighting,21.74,23.9,0.96,False
2026-06-25 09:00:00,Labs,21.04,23.9,0.96,False
2026-06-25 09:00:00,Server Room,28.61,23.9,0.96,False
2026-06-25 09:00:00,Classrooms,23.9,23.9,0.96,False
2026-06-25 10:00:00,HVAC,107.64,30.4,0.87,False
2026-06-25 10:00:00,Lighting,21.22,30.4,0.87,False
2026-06-25 10:00:00,Labs,22.08,30.4,0.87,False
2026-06-25 10:00:00,Server Room,29.29,30.4,0.87,False
2026-06-25 10:00:00,Classrooms,24.8,30.4,0.87,False
2026-06-25 11:00:00,HVAC,88.54,30.9,0.51,False
2026-06-25 11:00:00,Lighting,15.05,30.9,0.51,False
2026-06-25 11:00:00,Labs,7.42,30.9,0.51,False
2026-06-25 11:00:00,Server Room,23.82,30.9,0.51,False
2026-06-25 11:00:00,Classrooms,18.82,30.9,0.51,False
2026-06-25 12:00:00,HVAC,96.82,31.7,0.66,False
2026-06-25 12:00:00,Lighting,22.5,31.7,0.66,False
2026-06-25 12:00:00,Labs,16.77,31.7,0.66,False
2026-06-25 12:00:00,Server Room,21.63,31.7,0.66,False
2026-06-25 12:00:00,Classrooms,13.06,31.7,0.66,False
2026-06-25 13:00:00,HVAC,100.42,32.2,0.7,False
2026-06-25 13:00:00,Lighting,25.17,32.2,0.7,False
2026-06-25 13:00:00,Labs,20.57,32.2,0.7,False
2026-06-25 13:00:00,Server Room,24.82,32.2,0.7,False
2026-06-25 13:00:00,Classrooms,19.96,32.2,0.7,False
2026-06-25 14:00:00,HVAC,97.89,31.4,0.76,False
2026-06-25 14:00:00,Lighting,21.09,31.4,0.76,False
2026-06-25 14:00:00,Labs,22.08,31.4,0.76,False
2026-06-25 14:00:00,Server Room,25.44,31.4,0.76,False
2026-06-25 14:00:00,Classrooms,19.99,31.4,0.76,False
2026-06-25 15:00:00,HVAC,105.87,33.0,0.84,False
2026-06-25 15:00:00,Lighting,24.36,33.0,0.84,False
2026-06-25 15:00:00,Labs,19.97,33.0,0.84,False
2026-06-25 15:00:00,Server Room,28.84,33.0,0.84,False
2026-06-25 15:00:00,Classrooms,21.21,33.0,0.84,False
2026-06-25 16:00:00,HVAC,94.8,29.1,0.81,False
2026-06-25 16:00:00,Lighting,28.03,29.1,0.81,False
2026-06-25 16:00:00,Labs,19.54,29.1,0.81,False
2026-06-25 16:00:00,Server Room,24.27,29.1,0.81,False
2026-06-25 16:00:00,Classrooms,15.61,29.1,0.81,False
2026-06-25 17:00:00,HVAC,86.25,29.6,0.67,False
2026-06-25 17:00:00,Lighting,21.42,29.6,0.67,False
2026-06-25 17:00:00,Labs,21.11,29.6,0.67,False
2026-06-25 17:00:00,Server Room,27.68,29.6,0.67,False
2026-06-25 17:00:00,Classrooms,17.72,29.6,0.67,False
2026-06-25 18:00:00,HVAC,85.02,29.6,0.73,False
2026-06-25 18:00:00,Lighting,22.28,29.6,0.73,False
2026-06-25 18:00:00,Labs,18.3,29.6,0.73,False
2026-06-25 18:00:00,Server Room,32.68,29.6,0.73,False
2026-06-25 18:00:00,Classrooms,20.49,29.6,0.73,False
2026-06-25 19:00:00,HVAC,67.87,27.4,0.18,False
2026-06-25 19:00:00,Lighting,11.08,27.4,0.18,False
2026-06-25 19:00:00,Labs,10.47,27.4,0.18,False
2026-06-25 19:00:00,Server Room,30.07,27.4,0.18,False
2026-06-25 19:00:00,Classrooms,10.17,27.4,0.18,False
2026-06-25 20:00:00,HVAC,53.84,26.1,0.14,False
2026-06-25 20:00:00,Lighting,13.44,26.1,0.14,False
2026-06-25 20:00:00,Labs,7.08,26.1,0.14,False
2026-06-25 20:00:00,Server Room,22.2,26.1,0.14,False
2026-06-25 20:00:00,Classrooms,0.0,26.1,0.14,False
2026-06-25 21:00:00,HVAC,40.96,24.6,0.03,False
2026-06-25 21:00:00,Lighting,8.5,24.6,0.03,False
2026-06-25 21:00:00,Labs,0.0,24.6,0.03,False
2026-06-25 21:00:00,Server Room,27.97,24.6,0.03,False
2026-06-25 21:00:00,Classrooms,6.6,24.6,0.03,False
2026-06-25 22:00:00,HVAC,32.72,22.8,0.08,False
2026-06-25 22:00:00,Lighting,9.69,22.8,0.08,False
2026-06-25 22:00:00,Labs,3.31,22.8,0.08,False
2026-06-25 22:00:00,Server Room,22.6,22.8,0.08,False
2026-06-25 22:00:00,Classrooms,6.71,22.8,0.08,False
2026-06-25 23:00:00,HVAC,25.65,20.9,0.07,False
2026-06-25 23:00:00,Lighting,12.42,20.9,0.07,False
2026-06-25 23:00:00,Labs,2.19,20.9,0.07,False
2026-06-25 23:00:00,Server Room,21.64,20.9,0.07,False
2026-06-25 23:00:00,Classrooms,7.74,20.9,0.07,False
2026-06-26 00:00:00,HVAC,44.82,22.9,0.22,False
2026-06-26 00:00:00,Lighting,8.64,22.9,0.22,False
2026-06-26 00:00:00,Labs,2.0,22.9,0.22,False
2026-06-26 00:00:00,Server Room,27.75,22.9,0.22,False
2026-06-26 00:00:00,Classrooms,9.38,22.9,0.22,False
2026-06-26 01:00:00,HVAC,32.05,20.2,0.27,False
2026-06-26 01:00:00,Lighting,14.77,20.2,0.27,False
2026-06-26 01:00:00,Labs,11.52,20.2,0.27,False
2026-06-26 01:00:00,Server Room,19.53,20.2,0.27,False
2026-06-26 01:00:00,Classrooms,16.35,20.2,0.27,False
2026-06-26 02:00:00,HVAC,37.23,22.1,0.29,False
2026-06-26 02:00:00,Lighting,17.69,22.1,0.29,False
2026-06-26 02:00:00,Labs,6.51,22.1,0.29,False
2026-06-26 02:00:00,Server Room,27.86,22.1,0.29,False
2026-06-26 02:00:00,Classrooms,12.36,22.1,0.29,False
2026-06-26 03:00:00,HVAC,33.09,20.8,0.26,False
2026-06-26 03:00:00,Lighting,13.13,20.8,0.26,False
2026-06-26 03:00:00,Labs,8.92,20.8,0.26,False
2026-06-26 03:00:00,Server Room,25.62,20.8,0.26,False
2026-06-26 03:00:00,Classrooms,7.5,20.8,0.26,False
2026-06-26 04:00:00,HVAC,30.27,21.7,0.26,False
2026-06-26 04:00:00,Lighting,15.08,21.7,0.26,False
2026-06-26 04:00:00,Labs,14.47,21.7,0.26,False
2026-06-26 04:00:00,Server Room,21.65,21.7,0.26,False
2026-06-26 04:00:00,Classrooms,12.29,21.7,0.26,False
2026-06-26 05:00:00,HVAC,27.25,21.3,0.08,False
2026-06-26 05:00:00,Lighting,8.15,21.3,0.08,False
2026-06-26 05:00:00,Labs,1.07,21.3,0.08,False
2026-06-26 05:00:00,Server Room,29.15,21.3,0.08,False
2026-06-26 05:00:00,Classrooms,7.5,21.3,0.08,False
2026-06-26 06:00:00,HVAC,40.46,22.0,0.2,False
2026-06-26 06:00:00,Lighting,16.16,22.0,0.2,False
2026-06-26 06:00:00,Labs,11.64,22.0,0.2,False
2026-06-26 06:00:00,Server Room,29.22,22.0,0.2,False
2026-06-26 06:00:00,Classrooms,7.35,22.0,0.2,False
2026-06-26 07:00:00,HVAC,46.28,24.7,0.08,False
2026-06-26 07:00:00,Lighting,15.32,24.7,0.08,False
2026-06-26 07:00:00,Labs,6.05,24.7,0.08,False
2026-06-26 07:00:00,Server Room,26.43,24.7,0.08,False
2026-06-26 07:00:00,Classrooms,5.06,24.7,0.08,False
2026-06-26 08:00:00,HVAC,65.73,25.5,0.68,False
2026-06-26 08:00:00,Lighting,23.46,25.5,0.68,False
2026-06-26 08:00:00,Labs,16.8,25.5,0.68,False
2026-06-26 08:00:00,Server Room,22.51,25.5,0.68,False
2026-06-26 08:00:00,Classrooms,17.77,25.5,0.68,False
2026-06-26 09:00:00,HVAC,89.26,29.5,0.7,False
2026-06-26 09:00:00,Lighting,23.69,29.5,0.7,False
2026-06-26 09:00:00,Labs,18.62,29.5,0.7,False
2026-06-26 09:00:00,Server Room,24.94,29.5,0.7,False
2026-06-26 09:00:00,Classrooms,16.41,29.5,0.7,False
2026-06-26 10:00:00,HVAC,86.32,30.4,0.55,False
2026-06-26 10:00:00,Lighting,15.33,30.4,0.55,False
2026-06-26 10:00:00,Labs,14.82,30.4,0.55,False
2026-06-26 10:00:00,Server Room,23.49,30.4,0.55,False
2026-06-26 10:00:00,Classrooms,16.29,30.4,0.55,False
2026-06-26 11:00:00,HVAC,114.19,34.4,0.75,False
2026-06-26 11:00:00,Lighting,20.26,34.4,0.75,False
2026-06-26 11:00:00,Labs,19.08,34.4,0.75,False
2026-06-26 11:00:00,Server Room,28.21,34.4,0.75,False
2026-06-26 11:00:00,Classrooms,23.5,34.4,0.75,False
2026-06-26 12:00:00,HVAC,94.36,31.7,0.61,False
2026-06-26 12:00:00,Lighting,16.36,31.7,0.61,False
2026-06-26 12:00:00,Labs,19.62,31.7,0.61,False
2026-06-26 12:00:00,Server Room,30.47,31.7,0.61,False
2026-06-26 12:00:00,Classrooms,14.6,31.7,0.61,False
2026-06-26 13:00:00,HVAC,92.78,29.3,0.78,False
2026-06-26 13:00:00,Lighting,26.69,29.3,0.78,False
2026-06-26 13:00:00,Labs,25.05,29.3,0.78,False
2026-06-26 13:00:00,Server Room,22.41,29.3,0.78,False
2026-06-26 13:00:00,Classrooms,18.03,29.3,0.78,False
2026-06-26 14:00:00,HVAC,87.8,30.1,0.59,False
2026-06-26 14:00:00,Lighting,18.27,30.1,0.59,False
2026-06-26 14:00:00,Labs,16.4,30.1,0.59,False
2026-06-26 14:00:00,Server Room,25.08,30.1,0.59,False
2026-06-26 14:00:00,Classrooms,15.06,30.1,0.59,False
2026-06-26 15:00:00,HVAC,81.73,28.8,0.61,False
2026-06-26 15:00:00,Lighting,18.36,28.8,0.61,False
2026-06-26 15:00:00,Labs,20.21,28.8,0.61,False
2026-06-26 15:00:00,Server Room,28.19,28.8,0.61,False
2026-06-26 15:00:00,Classrooms,13.27,28.8,0.61,False
2026-06-26 16:00:00,HVAC,104.0,32.1,0.62,False
2026-06-26 16:00:00,Lighting,15.22,32.1,0.62,False
2026-06-26 16:00:00,Labs,15.74,32.1,0.62,False
2026-06-26 16:00:00,Server Room,25.44,32.1,0.62,False
2026-06-26 16:00:00,Classrooms,15.02,32.1,0.62,False
2026-06-26 17:00:00,HVAC,87.42,27.7,0.88,False
2026-06-26 17:00:00,Lighting,23.89,27.7,0.88,False
2026-06-26 17:00:00,Labs,17.13,27.7,0.88,False
2026-06-26 17:00:00,Server Room,26.43,27.7,0.88,False
2026-06-26 17:00:00,Classrooms,25.37,27.7,0.88,False
2026-06-26 18:00:00,HVAC,98.61,30.2,0.97,False
2026-06-26 18:00:00,Lighting,28.05,30.2,0.97,False
2026-06-26 18:00:00,Labs,28.61,30.2,0.97,False
2026-06-26 18:00:00,Server Room,23.39,30.2,0.97,False
2026-06-26 18:00:00,Classrooms,21.99,30.2,0.97,False
2026-06-26 19:00:00,HVAC,58.1,27.4,0.19,False
2026-06-26 19:00:00,Lighting,9.73,27.4,0.19,False
2026-06-26 19:00:00,Labs,7.01,27.4,0.19,False
2026-06-26 19:00:00,Server Room,18.21,27.4,0.19,False
2026-06-26 19:00:00,Classrooms,8.28,27.4,0.19,False
2026-06-26 20:00:00,HVAC,57.28,25.7,0.19,False
2026-06-26 20:00:00,Lighting,14.69,25.7,0.19,False
2026-06-26 20:00:00,Labs,13.16,25.7,0.19,False
2026-06-26 20:00:00,Server Room,23.55,25.7,0.19,False
2026-06-26 20:00:00,Classrooms,3.06,25.7,0.19,False
2026-06-26 21:00:00,HVAC,51.45,26.0,0.01,False
2026-06-26 21:00:00,Lighting,5.72,26.0,0.01,False
2026-06-26 21:00:00,Labs,8.27,26.0,0.01,False
2026-06-26 21:00:00,Server Room,26.82,26.0,0.01,False
2026-06-26 21:00:00,Classrooms,3.6,26.0,0.01,False
2026-06-26 22:00:00,HVAC,48.44,25.3,0.04,False
2026-06-26 22:00:00,Lighting,10.95,25.3,0.04,False
2026-06-26 22:00:00,Labs,4.61,25.3,0.04,False
2026-06-26 22:00:00,Server Room,19.74,25.3,0.04,False
2026-06-26 22:00:00,Classrooms,11.03,25.3,0.04,False
2026-06-26 23:00:00,HVAC,28.2,21.6,0.05,False
2026-06-26 23:00:00,Lighting,13.29,21.6,0.05,False
2026-06-26 23:00:00,Labs,5.95,21.6,0.05,False
2026-06-26 23:00:00,Server Room,18.3,21.6,0.05,False
2026-06-26 23:00:00,Classrooms,5.18,21.6,0.05,False
2026-06-27 00:00:00,HVAC,30.59,21.5,0.12,True
2026-06-27 00:00:00,Lighting,12.61,21.5,0.12,True
2026-06-27 00:00:00,Labs,3.76,21.5,0.12,True
2026-06-27 00:00:00,Server Room,21.25,21.5,0.12,True
2026-06-27 00:00:00,Classrooms,11.01,21.5,0.12,True
2026-06-27 01:00:00,HVAC,30.84,21.8,0.0,True
2026-06-27 01:00:00,Lighting,8.08,21.8,0.0,True
2026-06-27 01:00:00,Labs,9.08,21.8,0.0,True
2026-06-27 01:00:00,Server Room,29.9,21.8,0.0,True
2026-06-27 01:00:00,Classrooms,3.08,21.8,0.0,True
2026-06-27 02:00:00,HVAC,23.58,19.5,0.12,True
2026-06-27 02:00:00,Lighting,14.81,19.5,0.12,True
2026-06-27 02:00:00,Labs,11.4,19.5,0.12,True
2026-06-27 02:00:00,Server Room,18.47,19.5,0.12,True
2026-06-27 02:00:00,Classrooms,5.39,19.5,0.12,True
2026-06-27 03:00:00,HVAC,24.27,20.5,0.12,True
2026-06-27 03:00:00,Lighting,8.81,20.5,0.12,True
2026-06-27 03:00:00,Labs,9.75,20.5,0.12,True
2026-06-27 03:00:00,Server Room,22.88,20.5,0.12,True
2026-06-27 03:00:00,Classrooms,6.98,20.5,0.12,True
2026-06-27 04:00:00,HVAC,30.12,22.2,0.16,True
2026-06-27 04:00:00,Lighting,12.04,22.2,0.16,True
2026-06-27 04:00:00,Labs,7.93,22.2,0.16,True
2026-06-27 04:00:00,Server Room,27.36,22.2,0.16,True
2026-06-27 04:00:00,Classrooms,6.67,22.2,0.16,True
2026-06-27 05:00:00,HVAC,31.33,21.5,0.2,True
2026-06-27 05:00:00,Lighting,13.35,21.5,0.2,True
2026-06-27 05:00:00,Labs,10.41,21.5,0.2,True
2026-06-27 05:00:00,Server Room,27.5,21.5,0.2,True
2026-06-27 05:00:00,Classrooms,1.22,21.5,0.2,True
2026-06-27 06:00:00,HVAC,35.72,23.0,0.0,True
2026-06-27 06:00:00,Lighting,10.14,23.0,0.0,True
2026-06-27 06:00:00,Labs,2.14,23.0,0.0,True
2026-06-27 06:00:00,Server Room,21.38,23.0,0.0,True
2026-06-27 06:00:00,Classrooms,2.28,23.0,0.0,True
2026-06-27 07:00:00,HVAC,47.38,24.7,0.09,True
2026-06-27 07:00:00,Lighting,9.47,24.7,0.09,True
2026-06-27 07:00:00,Labs,6.08,24.7,0.09,True
2026-06-27 07:00:00,Server Room,27.17,24.7,0.09,True
2026-06-27 07:00:00,Classrooms,0.87,24.7,0.09,True
2026-06-27 08:00:00,HVAC,55.94,26.0,0.12,True
2026-06-27 08:00:00,Lighting,14.57,26.0,0.12,True
2026-06-27 08:00:00,Labs,1.54,26.0,0.12,True
2026-06-27 08:00:00,Server Room,26.32,26.0,0.12,True
2026-06-27 08:00:00,Classrooms,2.47,26.0,0.12,True
2026-06-27 09:00:00,HVAC,59.04,26.8,0.12,True
2026-06-27 09:00:00,Lighting,5.57,26.8,0.12,True
2026-06-27 09:00:00,Labs,0.99,26.8,0.12,True
2026-06-27 09:00:00,Server Room,21.0,26.8,0.12,True
2026-06-27 09:00:00,Classrooms,5.71,26.8,0.12,True
2026-06-27 10:00:00,HVAC,59.38,27.8,0.1,True
2026-06-27 10:00:00,Lighting,16.64,27.8,0.1,True
2026-06-27 10:00:00,Labs,2.0,27.8,0.1,True
2026-06-27 10:00:00,Server Room,24.49,27.8,0.1,True
2026-06-27 10:00:00,Classrooms,6.95,27.8,0.1,True
2026-06-27 11:00:00,HVAC,58.69,28.5,0.02,True
2026-06-27 11:00:00,Lighting,10.83,28.5,0.02,True
2026-06-27 11:00:00,Labs,2.62,28.5,0.02,True
2026-06-27 11:00:00,Server Room,21.32,28.5,0.02,True
2026-06-27 11:00:00,Classrooms,6.47,28.5,0.02,True
2026-06-27 12:00:00,HVAC,73.59,31.4,0.01,True
2026-06-27 12:00:00,Lighting,10.25,31.4,0.01,True
2026-06-27 12:00:00,Labs,1.57,31.4,0.01,True
2026-06-27 12:00:00,Server Room,20.3,31.4,0.01,True
2026-06-27 12:00:00,Classrooms,8.27,31.4,0.01,True
2026-06-27 13:00:00,HVAC,94.53,33.4,0.1,True
2026-06-27 13:00:00,Lighting,12.09,33.4,0.1,True
2026-06-27 13:00:00,Labs,7.09,33.4,0.1,True
2026-06-27 13:00:00,Server Room,28.82,33.4,0.1,True
2026-06-27 13:00:00,Classrooms,3.2,33.4,0.1,True
2026-06-27 14:00:00,HVAC,70.84,30.2,0.13,True
2026-06-27 14:00:00,Lighting,10.07,30.2,0.13,True
2026-06-27 14:00:00,Labs,6.96,30.2,0.13,True
2026-06-27 14:00:00,Server Room,25.61,30.2,0.13,True
2026-06-27 14:00:00,Classrooms,9.3,30.2,0.13,True
2026-06-27 15:00:00,HVAC,80.43,31.9,0.0,True
2026-06-27 15:00:00,Lighting,13.17,31.9,0.0,True
2026-06-27 15:00:00,Labs,2.87,31.9,0.0,True
2026-06-27 15:00:00,Server Room,27.08,31.9,0.0,True
2026-06-27 15:00:00,Classrooms,0.0,31.9,0.0,True
2026-06-27 16:00:00,HVAC,80.52,31.7,0.15,True
2026-06-27 16:00:00,Lighting,9.24,31.7,0.15,True
2026-06-27 16:00:00,Labs,11.11,31.7,0.15,True
2026-06-27 16:00:00,Server Room,19.24,31.7,0.15,True
2026-06-27 16:00:00,Classrooms,0.0,31.7,0.15,True
2026-06-27 17:00:00,HVAC,75.17,30.5,0.09,True
2026-06-27 17:00:00,Lighting,10.06,30.5,0.09,True
2026-06-27 17:00:00,Labs,5.3,30.5,0.09,True
2026-06-27 17:00:00,Server Room,24.88,30.5,0.09,True
2026-06-27 17:00:00,Classrooms,2.0,30.5,0.09,True
2026-06-27 18:00:00,HVAC,75.73,30.1,0.2,True
2026-06-27 18:00:00,Lighting,11.04,30.1,0.2,True
2026-06-27 18:00:00,Labs,4.45,30.1,0.2,True
2026-06-27 18:00:00,Server Room,29.74,30.1,0.2,True
2026-06-27 18:00:00,Classrooms,0.91,30.1,0.2,True
2026-06-27 19:00:00,HVAC,59.71,27.1,0.1,True
2026-06-27 19:00:00,Lighting,13.01,27.1,0.1,True
2026-06-27 19:00:00,Labs,0.4,27.1,0.1,True
2026-06-27 19:00:00,Server Room,21.7,27.1,0.1,True
2026-06-27 19:00:00,Classrooms,3.04,27.1,0.1,True
2026-06-27 20:00:00,HVAC,43.71,23.2,0.15,True
2026-06-27 20:00:00,Lighting,11.53,23.2,0.15,True
2026-06-27 20:00:00,Labs,5.72,23.2,0.15,True
2026-06-27 20:00:00,Server Room,20.82,23.2,0.15,True
2026-06-27 20:00:00,Classrooms,5.12,23.2,0.15,True
2026-06-27 21:00:00,HVAC,60.82,26.6,0.15,True
2026-06-27 21:00:00,Lighting,9.11,26.6,0.15,True
2026-06-27 21:00:00,Labs,7.92,26.6,0.15,True
2026-06-27 21:00:00,Server Room,25.88,26.6,0.15,True
2026-06-27 21:00:00,Classrooms,5.34,26.6,0.15,True
2026-06-27 22:00:00,HVAC,43.25,23.9,0.09,True
2026-06-27 22:00:00,Lighting,13.18,23.9,0.09,True
2026-06-27 22:00:00,Labs,5.08,23.9,0.09,True
2026-06-27 22:00:00,Server Room,20.52,23.9,0.09,True
2026-06-27 22:00:00,Classrooms,6.05,23.9,0.09,True
2026-06-27 23:00:00,HVAC,29.56,21.8,0.05,True
2026-06-27 23:00:00,Lighting,10.27,21.8,0.05,True
2026-06-27 23:00:00,Labs,6.57,21.8,0.05,True
2026-06-27 23:00:00,Server Room,21.84,21.8,0.05,True
2026-06-27 23:00:00,Classrooms,4.65,21.8,0.05,True
2026-06-28 00:00:00,HVAC,40.06,22.5,0.14,True
2026-06-28 00:00:00,Lighting,10.46,22.5,0.14,True
2026-06-28 00:00:00,Labs,3.47,22.5,0.14,True
2026-06-28 00:00:00,Server Room,24.37,22.5,0.14,True
2026-06-28 00:00:00,Classrooms,7.88,22.5,0.14,True
2026-06-28 01:00:00,HVAC,32.34,21.3,0.16,True
2026-06-28 01:00:00,Lighting,14.27,21.3,0.16,True
2026-06-28 01:00:00,Labs,4.15,21.3,0.16,True
2026-06-28 01:00:00,Server Room,25.93,21.3,0.16,True
2026-06-28 01:00:00,Classrooms,6.17,21.3,0.16,True
2026-06-28 02:00:00,HVAC,13.54,19.2,0.02,True
2026-06-28 02:00:00,Lighting,10.41,19.2,0.02,True
2026-06-28 02:00:00,Labs,0.0,19.2,0.02,True
2026-06-28 02:00:00,Server Room,25.9,19.2,0.02,True
2026-06-28 02:00:00,Classrooms,4.54,19.2,0.02,True
2026-06-28 03:00:00,HVAC,34.84,23.2,0.07,True
2026-06-28 03:00:00,Lighting,13.78,23.2,0.07,True
2026-06-28 03:00:00,Labs,1.94,23.2,0.07,True
2026-06-28 03:00:00,Server Room,28.59,23.2,0.07,True
2026-06-28 03:00:00,Classrooms,2.38,23.2,0.07,True
2026-06-28 04:00:00,HVAC,35.87,23.3,0.1,True
2026-06-28 04:00:00,Lighting,12.04,23.3,0.1,True
2026-06-28 04:00:00,Labs,2.88,23.3,0.1,True
2026-06-28 04:00:00,Server Room,24.31,23.3,0.1,True
2026-06-28 04:00:00,Classrooms,11.52,23.3,0.1,True
2026-06-28 05:00:00,HVAC,45.76,22.4,0.2,True
2026-06-28 05:00:00,Lighting,12.18,22.4,0.2,True
2026-06-28 05:00:00,Labs,4.11,22.4,0.2,True
2026-06-28 05:00:00,Server Room,26.89,22.4,0.2,True
2026-06-28 05:00:00,Classrooms,4.02,22.4,0.2,True
2026-06-28 06:00:00,HVAC,54.42,25.4,0.18,True
2026-06-28 06:00:00,Lighting,13.16,25.4,0.18,True
2026-06-28 06:00:00,Labs,4.44,25.4,0.18,True
2026-06-28 06:00:00,Server Room,22.75,25.4,0.18,True
2026-06-28 06:00:00,Classrooms,8.42,25.4,0.18,True
2026-06-28 07:00:00,HVAC,46.62,24.4,0.01,True
2026-06-28 07:00:00,Lighting,16.38,24.4,0.01,True
2026-06-28 07:00:00,Labs,9.16,24.4,0.01,True
2026-06-28 07:00:00,Server Room,23.87,24.4,0.01,True
2026-06-28 07:00:00,Classrooms,3.14,24.4,0.01,True
2026-06-28 08:00:00,HVAC,51.57,26.7,0.02,True
2026-06-28 08:00:00,Lighting,7.93,26.7,0.02,True
2026-06-28 08:00:00,Labs,1.44,26.7,0.02,True
2026-06-28 08:00:00,Server Room,20.96,26.7,0.02,True
2026-06-28 08:00:00,Classrooms,8.6,26.7,0.02,True
2026-06-28 09:00:00,HVAC,55.67,26.3,0.03,True
2026-06-28 09:00:00,Lighting,9.19,26.3,0.03,True
2026-06-28 09:00:00,Labs,8.23,26.3,0.03,True
2026-06-28 09:00:00,Server Room,26.37,26.3,0.03,True
2026-06-28 09:00:00,Classrooms,3.77,26.3,0.03,True
2026-06-28 10:00:00,HVAC,72.99,29.6,0.04,True
2026-06-28 10:00:00,Lighting,14.22,29.6,0.04,True
2026-06-28 10:00:00,Labs,7.6,29.6,0.04,True
2026-06-28 10:00:00,Server Room,25.69,29.6,0.04,True
2026-06-28 10:00:00,Classrooms,4.4,29.6,0.04,True
2026-06-28 11:00:00,HVAC,66.2,29.8,0.04,True
2026-06-28 11:00:00,Lighting,11.62,29.8,0.04,True
2026-06-28 11:00:00,Labs,0.0,29.8,0.04,True
2026-06-28 11:00:00,Server Room,23.54,29.8,0.04,True
2026-06-28 11:00:00,Classrooms,4.06,29.8,0.04,True
2026-06-28 12:00:00,HVAC,62.54,29.0,0.03,True
2026-06-28 12:00:00,Lighting,13.2,29.0,0.03,True
2026-06-28 12:00:00,Labs,3.5,29.0,0.03,True
2026-06-28 12:00:00,Server Room,20.27,29.0,0.03,True
2026-06-28 12:00:00,Classrooms,6.4,29.0,0.03,True
2026-06-28 13:00:00,HVAC,82.98,31.8,0.07,True
2026-06-28 13:00:00,Lighting,11.54,31.8,0.07,True
2026-06-28 13:00:00,Labs,6.18,31.8,0.07,True
2026-06-28 13:00:00,Server Room,25.87,31.8,0.07,True
2026-06-28 13:00:00,Classrooms,9.13,31.8,0.07,True
2026-06-28 14:00:00,HVAC,82.09,32.6,0.0,True
2026-06-28 14:00:00,Lighting,8.98,32.6,0.0,True
2026-06-28 14:00:00,Labs,6.54,32.6,0.0,True
2026-06-28 14:00:00,Server Room,17.97,32.6,0.0,True
2026-06-28 14:00:00,Classrooms,3.68,32.6,0.0,True
2026-06-28 15:00:00,HVAC,90.61,32.8,0.2,True
2026-06-28 15:00:00,Lighting,12.9,32.8,0.2,True
2026-06-28 15:00:00,Labs,7.27,32.8,0.2,True
2026-06-28 15:00:00,Server Room,23.36,32.8,0.2,True
2026-06-28 15:00:00,Classrooms,1.95,32.8,0.2,True
2026-06-28 16:00:00,HVAC,79.8,29.8,0.19,True
2026-06-28 16:00:00,Lighting,6.91,29.8,0.19,True
2026-06-28 16:00:00,Labs,4.66,29.8,0.19,True
2026-06-28 16:00:00,Server Room,30.14,29.8,0.19,True
2026-06-28 16:00:00,Classrooms,6.27,29.8,0.19,True
2026-06-28 17:00:00,HVAC,79.33,31.3,0.17,True
2026-06-28 17:00:00,Lighting,17.42,31.3,0.17,True
2026-06-28 17:00:00,Labs,5.18,31.3,0.17,True
2026-06-28 17:00:00,Server Room,24.19,31.3,0.17,True
2026-06-28 17:00:00,Classrooms,6.0,31.3,0.17,True
2026-06-28 18:00:00,HVAC,82.46,31.6,0.17,True
2026-06-28 18:00:00,Lighting,7.94,31.6,0.17,True
2026-06-28 18:00:00,Labs,1.76,31.6,0.17,True
2026-06-28 18:00:00,Server Room,27.3,31.6,0.17,True
2026-06-28 18:00:00,Classrooms,3.14,31.6,0.17,True
2026-06-28 19:00:00,HVAC,62.17,26.9,0.13,True
2026-06-28 19:00:00,Lighting,9.72,26.9,0.13,True
2026-06-28 19:00:00,Labs,3.04,26.9,0.13,True
2026-06-28 19:00:00,Server Room,29.18,26.9,0.13,True
2026-06-28 19:00:00,Classrooms,6.47,26.9,0.13,True
2026-06-28 20:00:00,HVAC,51.49,26.3,0.13,True
2026-06-28 20:00:00,Lighting,10.76,26.3,0.13,True
2026-06-28 20:00:00,Labs,7.91,26.3,0.13,True
2026-06-28 20:00:00,Server Room,26.96,26.3,0.13,True
2026-06-28 20:00:00,Classrooms,8.93,26.3,0.13,True
2026-06-28 21:00:00,HVAC,39.61,23.4,0.13,True
2026-06-28 21:00:00,Lighting,11.48,23.4,0.13,True
2026-06-28 21:00:00,Labs,4.43,23.4,0.13,True
2026-06-28 21:00:00,Server Room,26.01,23.4,0.13,True
2026-06-28 21:00:00,Classrooms,3.28,23.4,0.13,True
2026-06-28 22:00:00,HVAC,41.92,24.2,0.19,True
2026-06-28 22:00:00,Lighting,15.45,24.2,0.19,True
2026-06-28 22:00:00,Labs,6.12,24.2,0.19,True
2026-06-28 22:00:00,Server Room,23.11,24.2,0.19,True
2026-06-28 22:00:00,Classrooms,6.11,24.2,0.19,True
2026-06-28 23:00:00,HVAC,34.24,21.4,0.18,True
2026-06-28 23:00:00,Lighting,12.02,21.4,0.18,True
2026-06-28 23:00:00,Labs,4.14,21.4,0.18,True
2026-06-28 23:00:00,Server Room,26.75,21.4,0.18,True
2026-06-28 23:00:00,Classrooms,8.94,21.4,0.18,True
2026-06-29 00:00:00,HVAC,25.23,18.6,0.29,False
2026-06-29 00:00:00,Lighting,21.77,18.6,0.29,False
2026-06-29 00:00:00,Labs,6.28,18.6,0.29,False
2026-06-29 00:00:00,Server Room,30.69,18.6,0.29,False
2026-06-29 00:00:00,Classrooms,4.71,18.6,0.29,False
2026-06-29 01:00:00,HVAC,28.26,20.7,0.12,False
2026-06-29 01:00:00,Lighting,9.65,20.7,0.12,False
2026-06-29 01:00:00,Labs,3.99,20.7,0.12,False
2026-06-29 01:00:00,Server Room,26.51,20.7,0.12,False
2026-06-29 01:00:00,Classrooms,7.17,20.7,0.12,False
2026-06-29 02:00:00,HVAC,19.94,19.6,0.22,False
2026-06-29 02:00:00,Lighting,14.12,19.6,0.22,False
2026-06-29 02:00:00,Labs,13.47,19.6,0.22,False
2026-06-29 02:00:00,Server Room,20.62,19.6,0.22,False
2026-06-29 02:00:00,Classrooms,9.22,19.6,0.22,False
2026-06-29 03:00:00,HVAC,25.13,21.1,0.07,False
2026-06-29 03:00:00,Lighting,9.79,21.1,0.07,False
2026-06-29 03:00:00,Labs,12.76,21.1,0.07,False
2026-06-29 03:00:00,Server Room,25.99,21.1,0.07,False
2026-06-29 03:00:00,Classrooms,8.06,21.1,0.07,False
2026-06-29 04:00:00,HVAC,28.44,21.7,0.08,False
2026-06-29 04:00:00,Lighting,7.94,21.7,0.08,False
2026-06-29 04:00:00,Labs,6.35,21.7,0.08,False
2026-06-29 04:00:00,Server Room,22.73,21.7,0.08,False
2026-06-29 04:00:00,Classrooms,7.65,21.7,0.08,False
2026-06-29 05:00:00,HVAC,31.24,21.6,0.03,False
2026-06-29 05:00:00,Lighting,7.13,21.6,0.03,False
2026-06-29 05:00:00,Labs,2.49,21.6,0.03,False
2026-06-29 05:00:00,Server Room,27.13,21.6,0.03,False
2026-06-29 05:00:00,Classrooms,10.33,21.6,0.03,False
2026-06-29 06:00:00,HVAC,37.77,23.2,0.08,False
2026-06-29 06:00:00,Lighting,10.3,23.2,0.08,False
2026-06-29 06:00:00,Labs,7.86,23.2,0.08,False
2026-06-29 06:00:00,Server Room,31.07,23.2,0.08,False
2026-06-29 06:00:00,Classrooms,10.13,23.2,0.08,False
2026-06-29 07:00:00,HVAC,29.23,21.3,0.01,False
2026-06-29 07:00:00,Lighting,6.32,21.3,0.01,False
2026-06-29 07:00:00,Labs,4.6,21.3,0.01,False
2026-06-29 07:00:00,Server Room,23.69,21.3,0.01,False
2026-06-29 07:00:00,Classrooms,6.39,21.3,0.01,False
2026-06-29 08:00:00,HVAC,83.9,26.1,0.98,False
2026-06-29 08:00:00,Lighting,20.75,26.1,0.98,False
2026-06-29 08:00:00,Labs,32.98,26.1,0.98,False
2026-06-29 08:00:00,Server Room,26.46,26.1,0.98,False
2026-06-29 08:00:00,Classrooms,19.7,26.1,0.98,False
2026-06-29 09:00:00,HVAC,85.24,29.4,0.52,False
2026-06-29 09:00:00,Lighting,28.64,29.4,0.52,False
2026-06-29 09:00:00,Labs,17.69,29.4,0.52,False
2026-06-29 09:00:00,Server Room,21.6,29.4,0.52,False
2026-06-29 09:00:00,Classrooms,10.08,29.4,0.52,False
2026-06-29 10:00:00,HVAC,84.89,29.9,0.68,False
2026-06-29 10:00:00,Lighting,18.36,29.9,0.68,False
2026-06-29 10:00:00,Labs,20.42,29.9,0.68,False
2026-06-29 10:00:00,Server Room,24.42,29.9,0.68,False
2026-06-29 10:00:00,Classrooms,11.85,29.9,0.68,False
2026-06-29 11:00:00,HVAC,84.43,29.1,0.78,False
2026-06-29 11:00:00,Lighting,24.84,29.1,0.78,False
2026-06-29 11:00:00,Labs,17.98,29.1,0.78,False
2026-06-29 11:00:00,Server Room,23.17,29.1,0.78,False
2026-06-29 11:00:00,Classrooms,21.02,29.1,0.78,False
2026-06-29 12:00:00,HVAC,107.3,33.7,0.7,False
2026-06-29 12:00:00,Lighting,21.24,33.7,0.7,False
2026-06-29 12:00:00,Labs,18.5,33.7,0.7,False
2026-06-29 12:00:00,Server Room,22.77,33.7,0.7,False
2026-06-29 12:00:00,Classrooms,14.89,33.7,0.7,False
2026-06-29 13:00:00,HVAC,120.68,34.1,0.95,False
2026-06-29 13:00:00,Lighting,22.71,34.1,0.95,False
2026-06-29 13:00:00,Labs,30.41,34.1,0.95,False
2026-06-29 13:00:00,Server Room,27.18,34.1,0.95,False
2026-06-29 13:00:00,Classrooms,20.43,34.1,0.95,False
2026-06-29 14:00:00,HVAC,85.77,29.4,0.65,False
2026-06-29 14:00:00,Lighting,18.97,29.4,0.65,False
2026-06-29 14:00:00,Labs,19.74,29.4,0.65,False
2026-06-29 14:00:00,Server Room,25.96,29.4,0.65,False
2026-06-29 14:00:00,Classrooms,18.61,29.4,0.65,False
2026-06-29 15:00:00,HVAC,90.6,31.1,0.62,False
2026-06-29 15:00:00,Lighting,20.1,31.1,0.62,False
2026-06-29 15:00:00,Labs,19.76,31.1,0.62,False
2026-06-29 15:00:00,Server Room,27.05,31.1,0.62,False
2026-06-29 15:00:00,Classrooms,16.2,31.1,0.62,False
2026-06-29 16:00:00,HVAC,88.84,27.9,0.86,False
2026-06-29 16:00:00,Lighting,21.54,27.9,0.86,False
2026-06-29 16:00:00,Labs,26.21,27.9,0.86,False
2026-06-29 16:00:00,Server Room,19.84,27.9,0.86,False
2026-06-29 16:00:00,Classrooms,20.29,27.9,0.86,False
2026-06-29 17:00:00,HVAC,83.94,29.7,0.52,False
2026-06-29 17:00:00,Lighting,20.22,29.7,0.52,False
2026-06-29 17:00:00,Labs,18.72,29.7,0.52,False
2026-06-29 17:00:00,Server Room,28.9,29.7,0.52,False
2026-06-29 17:00:00,Classrooms,18.32,29.7,0.52,False
2026-06-29 18:00:00,HVAC,113.81,33.5,0.86,False
2026-06-29 18:00:00,Lighting,23.04,33.5,0.86,False
2026-06-29 18:00:00,Labs,22.87,33.5,0.86,False
2026-06-29 18:00:00,Server Room,28.9,33.5,0.86,False
2026-06-29 18:00:00,Classrooms,19.07,33.5,0.86,False
2026-06-29 19:00:00,HVAC,70.11,28.9,0.15,False
2026-06-29 19:00:00,Lighting,14.83,28.9,0.15,False
2026-06-29 19:00:00,Labs,14.38,28.9,0.15,False
2026-06-29 19:00:00,Server Room,26.02,28.9,0.15,False
2026-06-29 19:00:00,Classrooms,5.43,28.9,0.15,False
2026-06-29 20:00:00,HVAC,47.03,25.4,0.08,False
2026-06-29 20:00:00,Lighting,12.64,25.4,0.08,False
2026-06-29 20:00:00,Labs,1.06,25.4,0.08,False
2026-06-29 20:00:00,Server Room,22.03,25.4,0.08,False
2026-06-29 20:00:00,Classrooms,8.15,25.4,0.08,False
2026-06-29 21:00:00,HVAC,47.1,25.0,0.16,False
2026-06-29 21:00:00,Lighting,14.07,25.0,0.16,False
2026-06-29 21:00:00,Labs,6.18,25.0,0.16,False
2026-06-29 21:00:00,Server Room,20.99,25.0,0.16,False
2026-06-29 21:00:00,Classrooms,7.48,25.0,0.16,False
2026-06-29 22:00:00,HVAC,36.65,22.6,0.19,False
2026-06-29 22:00:00,Lighting,18.91,22.6,0.19,False
2026-06-29 22:00:00,Labs,10.61,22.6,0.19,False
2026-06-29 22:00:00,Server Room,28.17,22.6,0.19,False
2026-06-29 22:00:00,Classrooms,3.87,22.6,0.19,False
2026-06-29 23:00:00,HVAC,35.51,22.4,0.11,False
2026-06-29 23:00:00,Lighting,11.89,22.4,0.11,False
2026-06-29 23:00:00,Labs,6.24,22.4,0.11,False
2026-06-29 23:00:00,Server Room,21.29,22.4,0.11,False
2026-06-29 23:00:00,Classrooms,6.77,22.4,0.11,False
2026-06-30 00:00:00,HVAC,13.72,18.0,0.14,False
2026-06-30 00:00:00,Lighting,8.75,18.0,0.14,False
2026-06-30 00:00:00,Labs,3.2,18.0,0.14,False
2026-06-30 00:00:00,Server Room,24.13,18.0,0.14,False
2026-06-30 00:00:00,Classrooms,8.66,18.0,0.14,False
2026-06-30 01:00:00,HVAC,28.38,20.6,0.11,False
2026-06-30 01:00:00,Lighting,10.88,20.6,0.11,False
2026-06-30 01:00:00,Labs,11.48,20.6,0.11,False
2026-06-30 01:00:00,Server Room,19.69,20.6,0.11,False
2026-06-30 01:00:00,Classrooms,4.11,20.6,0.11,False
2026-06-30 02:00:00,HVAC,22.83,20.1,0.27,False
2026-06-30 02:00:00,Lighting,13.22,20.1,0.27,False
2026-06-30 02:00:00,Labs,16.56,20.1,0.27,False
2026-06-30 02:00:00,Server Room,22.88,20.1,0.27,False
2026-06-30 02:00:00,Classrooms,15.38,20.1,0.27,False
2026-06-30 03:00:00,HVAC,23.27,20.5,0.05,False
2026-06-30 03:00:00,Lighting,8.19,20.5,0.05,False
2026-06-30 03:00:00,Labs,11.52,20.5,0.05,False
2026-06-30 03:00:00,Server Room,23.01,20.5,0.05,False
2026-06-30 03:00:00,Classrooms,6.84,20.5,0.05,False
2026-06-30 04:00:00,HVAC,31.45,20.7,0.1,False
2026-06-30 04:00:00,Lighting,11.82,20.7,0.1,False
2026-06-30 04:00:00,Labs,9.83,20.7,0.1,False
2026-06-30 04:00:00,Server Room,23.73,20.7,0.1,False
2026-06-30 04:00:00,Classrooms,6.82,20.7,0.1,False
2026-06-30 05:00:00,HVAC,41.44,24.6,0.06,False
2026-06-30 05:00:00,Lighting,7.39,24.6,0.06,False
2026-06-30 05:00:00,Labs,3.15,24.6,0.06,False
2026-06-30 05:00:00,Server Room,27.84,24.6,0.06,False
2026-06-30 05:00:00,Classrooms,8.56,24.6,0.06,False
2026-06-30 06:00:00,HVAC,34.57,22.5,0.08,False
2026-06-30 06:00:00,Lighting,11.29,22.5,0.08,False
2026-06-30 06:00:00,Labs,4.07,22.5,0.08,False
2026-06-30 06:00:00,Server Room,27.05,22.5,0.08,False
2026-06-30 06:00:00,Classrooms,3.64,22.5,0.08,False
2026-06-30 07:00:00,HVAC,41.84,22.1,0.29,False
2026-06-30 07:00:00,Lighting,12.3,22.1,0.29,False
2026-06-30 07:00:00,Labs,13.52,22.1,0.29,False
2026-06-30 07:00:00,Server Room,34.26,22.1,0.29,False
2026-06-30 07:00:00,Classrooms,12.28,22.1,0.29,False
2026-06-30 08:00:00,HVAC,56.06,23.7,0.66,False
2026-06-30 08:00:00,Lighting,16.19,23.7,0.66,False
2026-06-30 08:00:00,Labs,21.18,23.7,0.66,False
2026-06-30 08:00:00,Server Room,26.88,23.7,0.66,False
2026-06-30 08:00:00,Classrooms,19.27,23.7,0.66,False
2026-06-30 09:00:00,HVAC,87.4,28.3,0.77,False
2026-06-30 09:00:00,Lighting,21.34,28.3,0.77,False
2026-06-30 09:00:00,Labs,21.29,28.3,0.77,False
2026-06-30 09:00:00,Server Room,25.55,28.3,0.77,False
2026-06-30 09:00:00,Classrooms,23.66,28.3,0.77,False
2026-06-30 10:00:00,HVAC,78.86,27.6,0.83,False
2026-06-30 10:00:00,Lighting,21.32,27.6,0.83,False
2026-06-30 10:00:00,Labs,27.05,27.6,0.83,False
2026-06-30 10:00:00,Server Room,30.48,27.6,0.83,False
2026-06-30 10:00:00,Classrooms,18.38,27.6,0.83,False
2026-06-30 11:00:00,HVAC,84.1,28.3,0.67,False
2026-06-30 11:00:00,Lighting,18.79,28.3,0.67,False
2026-06-30 11:00:00,Labs,19.15,28.3,0.67,False
2026-06-30 11:00:00,Server Room,26.1,28.3,0.67,False
2026-06-30 11:00:00,Classrooms,9.72,28.3,0.67,False
2026-06-30 12:00:00,HVAC,97.4,30.8,0.8,False
2026-06-30 12:00:00,Lighting,21.41,30.8,0.8,False
2026-06-30 12:00:00,Labs,16.09,30.8,0.8,False
2026-06-30 12:00:00,Server Room,25.27,30.8,0.8,False
2026-06-30 12:00:00,Classrooms,17.34,30.8,0.8,False
2026-06-30 13:00:00,HVAC,101.98,32.4,0.7,False
2026-06-30 13:00:00,Lighting,24.34,32.4,0.7,False
2026-06-30 13:00:00,Labs,18.2,32.4,0.7,False
2026-06-30 13:00:00,Server Room,20.42,32.4,0.7,False
2026-06-30 13:00:00,Classrooms,18.68,32.4,0.7,False
2026-06-30 14:00:00,HVAC,118.79,34.1,0.89,False
2026-06-30 14:00:00,Lighting,23.17,34.1,0.89,False
2026-06-30 14:00:00,Labs,22.39,34.1,0.89,False
2026-06-30 14:00:00,Server Room,27.92,34.1,0.89,False
2026-06-30 14:00:00,Classrooms,24.41,34.1,0.89,False
2026-06-30 15:00:00,HVAC,94.3,31.3,0.56,False
2026-06-30 15:00:00,Lighting,26.4,31.3,0.56,False
2026-06-30 15:00:00,Labs,12.15,31.3,0.56,False
2026-06-30 15:00:00,Server Room,25.42,31.3,0.56,False
2026-06-30 15:00:00,Classrooms,16.15,31.3,0.56,False
2026-06-30 16:00:00,HVAC,102.67,31.1,0.76,False
2026-06-30 16:00:00,Lighting,23.19,31.1,0.76,False
2026-06-30 16:00:00,Labs,24.04,31.1,0.76,False
2026-06-30 16:00:00,Server Room,34.37,31.1,0.76,False
2026-06-30 16:00:00,Classrooms,18.92,31.1,0.76,False
2026-06-30 17:00:00,HVAC,87.67,28.8,0.83,False
2026-06-30 17:00:00,Lighting,24.07,28.8,0.83,False
2026-06-30 17:00:00,Labs,21.11,28.8,0.83,False
2026-06-30 17:00:00,Server Room,23.87,28.8,0.83,False
2026-06-30 17:00:00,Classrooms,20.83,28.8,0.83,False
2026-06-30 18:00:00,HVAC,101.23,30.8,0.69,False
2026-06-30 18:00:00,Lighting,24.98,30.8,0.69,False
2026-06-30 18:00:00,Labs,20.53,30.8,0.69,False
2026-06-30 18:00:00,Server Room,28.81,30.8,0.69,False
2026-06-30 18:00:00,Classrooms,15.51,30.8,0.69,False
2026-06-30 19:00:00,HVAC,59.12,27.2,0.02,False
2026-06-30 19:00:00,Lighting,7.82,27.2,0.02,False
2026-06-30 19:00:00,Labs,8.31,27.2,0.02,False
2026-06-30 19:00:00,Server Room,29.25,27.2,0.02,False
2026-06-30 19:00:00,Classrooms,3.06,27.2,0.02,False
2026-06-30 20:00:00,HVAC,53.83,25.6,0.25,False
2026-06-30 20:00:00,Lighting,15.14,25.6,0.25,False
2026-06-30 20:00:00,Labs,12.95,25.6,0.25,False
2026-06-30 20:00:00,Server Room,23.84,25.6,0.25,False
2026-06-30 20:00:00,Classrooms,9.93,25.6,0.25,False
2026-06-30 21:00:00,HVAC,46.23,25.0,0.11,False
2026-06-30 21:00:00,Lighting,13.06,25.0,0.11,False
2026-06-30 21:00:00,Labs,8.15,25.0,0.11,False
2026-06-30 21:00:00,Server Room,25.94,25.0,0.11,False
2026-06-30 21:00:00,Classrooms,5.18,25.0,0.11,False
2026-06-30 22:00:00,HVAC,41.04,23.5,0.12,False
2026-06-30 22:00:00,Lighting,18.19,23.5,0.12,False
2026-06-30 22:00:00,Labs,7.81,23.5,0.12,False
2026-06-30 22:00:00,Server Room,32.82,23.5,0.12,False
2026-06-30 22:00:00,Classrooms,8.23,23.5,0.12,False
2026-06-30 23:00:00,HVAC,24.11,19.6,0.22,False
2026-06-30 23:00:00,Lighting,15.56,19.6,0.22,False
2026-06-30 23:00:00,Labs,10.09,19.6,0.22,False
2026-06-30 23:00:00,Server Room,29.92,19.6,0.22,False
2026-06-30 23:00:00,Classrooms,9.12,19.6,0.22,False
2026-07-01 00:00:00,HVAC,27.08,20.8,0.21,False
2026-07-01 00:00:00,Lighting,15.37,20.8,0.21,False
2026-07-01 00:00:00,Labs,6.14,20.8,0.21,False
2026-07-01 00:00:00,Server Room,24.22,20.8,0.21,False
2026-07-01 00:00:00,Classrooms,4.08,20.8,0.21,False
2026-07-01 01:00:00,HVAC,23.27,19.5,0.13,False
2026-07-01 01:00:00,Lighting,15.01,19.5,0.13,False
2026-07-01 01:00:00,Labs,8.61,19.5,0.13,False
2026-07-01 01:00:00,Server Room,23.81,19.5,0.13,False
2026-07-01 01:00:00,Classrooms,8.96,19.5,0.13,False
2026-07-01 02:00:00,HVAC,29.63,21.0,0.15,False
2026-07-01 02:00:00,Lighting,17.22,21.0,0.15,False
2026-07-01 02:00:00,Labs,10.01,21.0,0.15,False
2026-07-01 02:00:00,Server Room,24.3,21.0,0.15,False
2026-07-01 02:00:00,Classrooms,11.09,21.0,0.15,False
2026-07-01 03:00:00,HVAC,26.21,20.0,0.09,False
2026-07-01 03:00:00,Lighting,14.29,20.0,0.09,False
2026-07-01 03:00:00,Labs,9.71,20.0,0.09,False
2026-07-01 03:00:00,Server Room,28.53,20.0,0.09,False
2026-07-01 03:00:00,Classrooms,1.67,20.0,0.09,False
2026-07-01 04:00:00,HVAC,28.83,20.0,0.03,False
2026-07-01 04:00:00,Lighting,11.75,20.0,0.03,False
2026-07-01 04:00:00,Labs,5.81,20.0,0.03,False
2026-07-01 04:00:00,Server Room,25.3,20.0,0.03,False
2026-07-01 04:00:00,Classrooms,10.42,20.0,0.03,False
2026-07-01 05:00:00,HVAC,40.45,23.8,0.28,False
2026-07-01 05:00:00,Lighting,14.5,23.8,0.28,False
2026-07-01 05:00:00,Labs,13.1,23.8,0.28,False
2026-07-01 05:00:00,Server Room,24.53,23.8,0.28,False
2026-07-01 05:00:00,Classrooms,9.28,23.8,0.28,False
2026-07-01 06:00:00,HVAC,33.65,21.2,0.14,False
2026-07-01 06:00:00,Lighting,11.57,21.2,0.14,False
2026-07-01 06:00:00,Labs,6.28,21.2,0.14,False
2026-07-01 06:00:00,Server Room,22.25,21.2,0.14,False
2026-07-01 06:00:00,Classrooms,4.11,21.2,0.14,False
2026-07-01 07:00:00,HVAC,39.49,22.3,0.13,False
2026-07-01 07:00:00,Lighting,12.49,22.3,0.13,False
2026-07-01 07:00:00,Labs,7.68,22.3,0.13,False
2026-07-01 07:00:00,Server Room,25.18,22.3,0.13,False
2026-07-01 07:00:00,Classrooms,11.36,22.3,0.13,False
2026-07-01 08:00:00,HVAC,59.77,24.9,0.69,False
2026-07-01 08:00:00,Lighting,17.36,24.9,0.69,False
2026-07-01 08:00:00,Labs,19.42,24.9,0.69,False
2026-07-01 08:00:00,Server Room,24.85,24.9,0.69,False
2026-07-01 08:00:00,Classrooms,20.96,24.9,0.69,False
2026-07-01 09:00:00,HVAC,80.65,28.6,0.64,False
2026-07-01 09:00:00,Lighting,21.19,28.6,0.64,False
2026-07-01 09:00:00,Labs,18.04,28.6,0.64,False
2026-07-01 09:00:00,Server Room,20.9,28.6,0.64,False
2026-07-01 09:00:00,Classrooms,21.1,28.6,0.64,False
2026-07-01 10:00:00,HVAC,85.37,30.4,0.54,False
2026-07-01 10:00:00,Lighting,17.89,30.4,0.54,False
2026-07-01 10:00:00,Labs,7.17,30.4,0.54,False
2026-07-01 10:00:00,Server Room,23.52,30.4,0.54,False
2026-07-01 10:00:00,Classrooms,16.29,30.4,0.54,False
2026-07-01 11:00:00,HVAC,85.01,29.3,0.89,False
2026-07-01 11:00:00,Lighting,27.12,29.3,0.89,False
2026-07-01 11:00:00,Labs,24.15,29.3,0.89,False
2026-07-01 11:00:00,Server Room,27.52,29.3,0.89,False
2026-07-01 11:00:00,Classrooms,17.3,29.3,0.89,False
2026-07-01 12:00:00,HVAC,95.28,30.7,0.91,False
2026-07-01 12:00:00,Lighting,17.77,30.7,0.91,False
2026-07-01 12:00:00,Labs,24.19,30.7,0.91,False
2026-07-01 12:00:00,Server Room,23.45,30.7,0.91,False
2026-07-01 12:00:00,Classrooms,24.26,30.7,0.91,False
2026-07-01 13:00:00,HVAC,120.75,33.9,0.93,False
2026-07-01 13:00:00,Lighting,30.29,33.9,0.93,False
2026-07-01 13:00:00,Labs,21.81,33.9,0.93,False
2026-07-01 13:00:00,Server Room,29.04,33.9,0.93,False
2026-07-01 13:00:00,Classrooms,21.29,33.9,0.93,False
2026-07-01 14:00:00,HVAC,110.6,33.7,0.72,False
2026-07-01 14:00:00,Lighting,24.75,33.7,0.72,False
2026-07-01 14:00:00,Labs,19.92,33.7,0.72,False
2026-07-01 14:00:00,Server Room,25.63,33.7,0.72,False
2026-07-01 14:00:00,Classrooms,22.32,33.7,0.72,False
2026-07-01 15:00:00,HVAC,96.81,31.1,0.68,False
2026-07-01 15:00:00,Lighting,18.79,31.1,0.68,False
2026-07-01 15:00:00,Labs,12.37,31.1,0.68,False
2026-07-01 15:00:00,Server Room,13.29,31.1,0.68,False
2026-07-01 15:00:00,Classrooms,19.83,31.1,0.68,False
2026-07-01 16:00:00,HVAC,93.14,30.6,0.84,False
2026-07-01 16:00:00,Lighting,22.59,30.6,0.84,False
2026-07-01 16:00:00,Labs,23.36,30.6,0.84,False
2026-07-01 16:00:00,Server Room,18.95,30.6,0.84,False
2026-07-01 16:00:00,Classrooms,16.37,30.6,0.84,False
2026-07-01 17:00:00,HVAC,109.61,31.9,0.93,False
2026-07-01 17:00:00,Lighting,24.3,31.9,0.93,False
2026-07-01 17:00:00,Labs,24.35,31.9,0.93,False
2026-07-01 17:00:00,Server Room,23.27,31.9,0.93,False
2026-07-01 17:00:00,Classrooms,19.45,31.9,0.93,False
2026-07-01 18:00:00,HVAC,102.39,30.3,0.96,False
2026-07-01 18:00:00,Lighting,27.41,30.3,0.96,False
2026-07-01 18:00:00,Labs,21.7,30.3,0.96,False
2026-07-01 18:00:00,Server Room,29.71,30.3,0.96,False
2026-07-01 18:00:00,Classrooms,22.91,30.3,0.96,False
2026-07-01 19:00:00,HVAC,70.09,28.5,0.14,False
2026-07-01 19:00:00,Lighting,4.64,28.5,0.14,False
2026-07-01 19:00:00,Labs,8.51,28.5,0.14,False
2026-07-01 19:00:00,Server Room,22.52,28.5,0.14,False
2026-07-01 19:00:00,Classrooms,3.63,28.5,0.14,False
2026-07-01 20:00:00,HVAC,44.35,24.4,0.04,False
2026-07-01 20:00:00,Lighting,11.83,24.4,0.04,False
2026-07-01 20:00:00,Labs,3.2,24.4,0.04,False
2026-07-01 20:00:00,Server Room,23.6,24.4,0.04,False
2026-07-01 20:00:00,Classrooms,5.2,24.4,0.04,False
2026-07-01 21:00:00,HVAC,37.08,22.3,0.25,False
2026-07-01 21:00:00,Lighting,15.84,22.3,0.25,False
2026-07-01 21:00:00,Labs,9.94,22.3,0.25,False
2026-07-01 21:00:00,Server Room,26.22,22.3,0.25,False
2026-07-01 21:00:00,Classrooms,13.03,22.3,0.25,False
2026-07-01 22:00:00,HVAC,36.79,23.5,0.07,False
2026-07-01 22:00:00,Lighting,7.93,23.5,0.07,False
2026-07-01 22:00:00,Labs,5.51,23.5,0.07,False
2026-07-01 22:00:00,Server Room,27.99,23.5,0.07,False
2026-07-01 22:00:00,Classrooms,4.59,23.5,0.07,False
2026-07-01 23:00:00,HVAC,43.63,23.5,0.14,False
2026-07-01 23:00:00,Lighting,14.9,23.5,0.14,False
2026-07-01 23:00:00,Labs,7.39,23.5,0.14,False
2026-07-01 23:00:00,Server Room,31.18,23.5,0.14,False
2026-07-01 23:00:00,Classrooms,9.12,23.5,0.14,False
2026-07-02 00:00:00,HVAC,36.74,22.5,0.28,False
2026-07-02 00:00:00,Lighting,13.43,22.5,0.28,False
2026-07-02 00:00:00,Labs,8.13,22.5,0.28,False
2026-07-02 00:00:00,Server Room,26.72,22.5,0.28,False
2026-07-02 00:00:00,Classrooms,9.59,22.5,0.28,False
2026-07-02 01:00:00,HVAC,32.82,21.7,0.27,False
2026-07-02 01:00:00,Lighting,17.48,21.7,0.27,False
2026-07-02 01:00:00,Labs,7.83,21.7,0.27,False
2026-07-02 01:00:00,Server Room,19.59,21.7,0.27,False
2026-07-02 01:00:00,Classrooms,5.18,21.7,0.27,False
2026-07-02 02:00:00,HVAC,26.1,21.2,0.15,False
2026-07-02 02:00:00,Lighting,9.15,21.2,0.15,False
2026-07-02 02:00:00,Labs,3.84,21.2,0.15,False
2026-07-02 02:00:00,Server Room,18.44,21.2,0.15,False
2026-07-02 02:00:00,Classrooms,9.52,21.2,0.15,False
2026-07-02 03:00:00,HVAC,16.78,17.6,0.29,False
2026-07-02 03:00:00,Lighting,19.75,17.6,0.29,False
2026-07-02 03:00:00,Labs,7.33,17.6,0.29,False
2026-07-02 03:00:00,Server Room,29.28,17.6,0.29,False
2026-07-02 03:00:00,Classrooms,11.48,17.6,0.29,False
2026-07-02 04:00:00,HVAC,16.86,18.2,0.13,False
2026-07-02 04:00:00,Lighting,12.3,18.2,0.13,False
2026-07-02 04:00:00,Labs,5.69,18.2,0.13,False
2026-07-02 04:00:00,Server Room,21.55,18.2,0.13,False
2026-07-02 04:00:00,Classrooms,8.72,18.2,0.13,False
2026-07-02 05:00:00,HVAC,33.75,22.5,0.14,False
2026-07-02 05:00:00,Lighting,3.82,22.5,0.14,False
2026-07-02 05:00:00,Labs,8.17,22.5,0.14,False
2026-07-02 05:00:00,Server Room,19.04,22.5,0.14,False
2026-07-02 05:00:00,Classrooms,8.26,22.5,0.14,False
2026-07-02 06:00:00,HVAC,46.32,25.0,0.08,False
2026-07-02 06:00:00,Lighting,8.98,25.0,0.08,False
2026-07-02 06:00:00,Labs,8.38,25.0,0.08,False
2026-07-02 06:00:00,Server Room,28.34,25.0,0.08,False
2026-07-02 06:00:00,Classrooms,8.94,25.0,0.08,False
2026-07-02 07:00:00,HVAC,46.23,25.3,0.18,False
2026-07-02 07:00:00,Lighting,9.95,25.3,0.18,False
2026-07-02 07:00:00,Labs,7.83,25.3,0.18,False
2026-07-02 07:00:00,Server Room,26.56,25.3,0.18,False
2026-07-02 07:00:00,Classrooms,9.92,25.3,0.18,False
2026-07-02 08:00:00,HVAC,76.77,25.7,0.88,False
2026-07-02 08:00:00,Lighting,14.98,25.7,0.88,False
2026-07-02 08:00:00,Labs,26.66,25.7,0.88,False
2026-07-02 08:00:00,Server Room,27.1,25.7,0.88,False
2026-07-02 08:00:00,Classrooms,18.81,25.7,0.88,False
2026-07-02 09:00:00,HVAC,65.55,26.2,0.55,False
2026-07-02 09:00:00,Lighting,19.3,26.2,0.55,False
2026-07-02 09:00:00,Labs,16.23,26.2,0.55,False
2026-07-02 09:00:00,Server Room,27.57,26.2,0.55,False
2026-07-02 09:00:00,Classrooms,18.56,26.2,0.55,False
2026-07-02 10:00:00,HVAC,55.29,24.9,0.56,False
2026-07-02 10:00:00,Lighting,24.36,24.9,0.56,False
2026-07-02 10:00:00,Labs,20.51,24.9,0.56,False
2026-07-02 10:00:00,Server Room,20.44,24.9,0.56,False
2026-07-02 10:00:00,Classrooms,15.06,24.9,0.56,False
2026-07-02 11:00:00,HVAC,86.37,28.6,0.67,False
2026-07-02 11:00:00,Lighting,14.25,28.6,0.67,False
2026-07-02 11:00:00,Labs,16.8,28.6,0.67,False
2026-07-02 11:00:00,Server Room,22.77,28.6,0.67,False
2026-07-02 11:00:00,Classrooms,15.87,28.6,0.67,False
2026-07-02 12:00:00,HVAC,86.38,29.2,0.62,False
2026-07-02 12:00:00,Lighting,13.65,29.2,0.62,False
2026-07-02 12:00:00,Labs,20.66,29.2,0.62,False
2026-07-02 12:00:00,Server Room,27.15,29.2,0.62,False
2026-07-02 12:00:00,Classrooms,14.85,29.2,0.62,False
2026-07-02 13:00:00,HVAC,104.19,30.6,1.0,False
2026-07-02 13:00:00,Lighting,23.01,30.6,1.0,False
2026-07-02 13:00:00,Labs,27.71,30.6,1.0,False
2026-07-02 13:00:00,Server Room,23.8,30.6,1.0,False
2026-07-02 13:00:00,Classrooms,22.61,30.6,1.0,False
2026-07-02 14:00:00,HVAC,98.2,31.5,0.87,False
2026-07-02 14:00:00,Lighting,20.94,31.5,0.87,False
2026-07-02 14:00:00,Labs,26.48,31.5,0.87,False
2026-07-02 14:00:00,Server Room,20.63,31.5,0.87,False
2026-07-02 14:00:00,Classrooms,20.9,31.5,0.87,False
2026-07-02 15:00:00,HVAC,111.78,32.9,0.96,False
2026-07-02 15:00:00,Lighting,15.7,32.9,0.96,False
2026-07-02 15:00:00,Labs,17.55,32.9,0.96,False
2026-07-02 15:00:00,Server Room,21.39,32.9,0.96,False
2026-07-02 15:00:00,Classrooms,24.25,32.9,0.96,False
2026-07-02 16:00:00,HVAC,103.64,31.3,0.88,False
2026-07-02 16:00:00,Lighting,25.69,31.3,0.88,False
2026-07-02 16:00:00,Labs,18.24,31.3,0.88,False
2026-07-02 16:00:00,Server Room,25.03,31.3,0.88,False
2026-07-02 16:00:00,Classrooms,14.65,31.3,0.88,False
2026-07-02 17:00:00,HVAC,106.16,31.7,0.91,False
2026-07-02 17:00:00,Lighting,19.69,31.7,0.91,False
2026-07-02 17:00:00,Labs,24.65,31.7,0.91,False
2026-07-02 17:00:00,Server Room,27.84,31.7,0.91,False
2026-07-02 17:00:00,Classrooms,22.86,31.7,0.91,False
2026-07-02 18:00:00,HVAC,73.86,26.8,0.69,False
2026-07-02 18:00:00,Lighting,20.69,26.8,0.69,False
2026-07-02 18:00:00,Labs,22.93,26.8,0.69,False
2026-07-02 18:00:00,Server Room,24.32,26.8,0.69,False
2026-07-02 18:00:00,Classrooms,22.92,26.8,0.69,False
2026-07-02 19:00:00,HVAC,65.64,27.9,0.06,False
2026-07-02 19:00:00,Lighting,9.14,27.9,0.06,False
2026-07-02 19:00:00,Labs,4.58,27.9,0.06,False
2026-07-02 19:00:00,Server Room,23.4,27.9,0.06,False
2026-07-02 19:00:00,Classrooms,12.1,27.9,0.06,False
2026-07-02 20:00:00,HVAC,58.39,26.6,0.26,False
2026-07-02 20:00:00,Lighting,18.13,26.6,0.26,False
2026-07-02 20:00:00,Labs,8.54,26.6,0.26,False
2026-07-02 20:00:00,Server Room,23.93,26.6,0.26,False
2026-07-02 20:00:00,Classrooms,10.96,26.6,0.26,False
2026-07-02 21:00:00,HVAC,47.24,25.3,0.1,False
2026-07-02 21:00:00,Lighting,13.21,25.3,0.1,False
2026-07-02 21:00:00,Labs,2.68,25.3,0.1,False
2026-07-02 21:00:00,Server Room,27.69,25.3,0.1,False
2026-07-02 21:00:00,Classrooms,6.04,25.3,0.1,False
2026-07-02 22:00:00,HVAC,49.84,24.0,0.25,False
2026-07-02 22:00:00,Lighting,8.49,24.0,0.25,False
2026-07-02 22:00:00,Labs,8.13,24.0,0.25,False
2026-07-02 22:00:00,Server Room,20.16,24.0,0.25,False
2026-07-02 22:00:00,Classrooms,8.72,24.0,0.25,False
2026-07-02 23:00:00,HVAC,27.96,21.0,0.18,False
2026-07-02 23:00:00,Lighting,17.42,21.0,0.18,False
2026-07-02 23:00:00,Labs,10.12,21.0,0.18,False
2026-07-02 23:00:00,Server Room,25.56,21.0,0.18,False
2026-07-02 23:00:00,Classrooms,7.36,21.0,0.18,False
2026-07-03 00:00:00,HVAC,36.4,21.6,0.28,False
2026-07-03 00:00:00,Lighting,14.76,21.6,0.28,False
2026-07-03 00:00:00,Labs,10.23,21.6,0.28,False
2026-07-03 00:00:00,Server Room,23.42,21.6,0.28,False
2026-07-03 00:00:00,Classrooms,6.7,21.6,0.28,False
2026-07-03 01:00:00,HVAC,24.73,18.4,0.28,False
2026-07-03 01:00:00,Lighting,17.42,18.4,0.28,False
2026-07-03 01:00:00,Labs,16.56,18.4,0.28,False
2026-07-03 01:00:00,Server Room,32.1,18.4,0.28,False
2026-07-03 01:00:00,Classrooms,4.57,18.4,0.28,False
2026-07-03 02:00:00,HVAC,18.07,19.9,0.11,False
2026-07-03 02:00:00,Lighting,9.22,19.9,0.11,False
2026-07-03 02:00:00,Labs,8.72,19.9,0.11,False
2026-07-03 02:00:00,Server Room,20.75,19.9,0.11,False
2026-07-03 02:00:00,Classrooms,11.09,19.9,0.11,False
2026-07-03 03:00:00,HVAC,25.76,20.6,0.06,False
2026-07-03 03:00:00,Lighting,18.39,20.6,0.06,False
2026-07-03 03:00:00,Labs,2.64,20.6,0.06,False
2026-07-03 03:00:00,Server Room,25.51,20.6,0.06,False
2026-07-03 03:00:00,Classrooms,4.99,20.6,0.06,False
2026-07-03 04:00:00,HVAC,33.48,21.3,0.3,False
2026-07-03 04:00:00,Lighting,16.32,21.3,0.3,False
2026-07-03 04:00:00,Labs,5.65,21.3,0.3,False
2026-07-03 04:00:00,Server Room,16.14,21.3,0.3,False
2026-07-03 04:00:00,Classrooms,9.61,21.3,0.3,False
2026-07-03 05:00:00,HVAC,20.29,20.4,0.04,False
2026-07-03 05:00:00,Lighting,9.15,20.4,0.04,False
2026-07-03 05:00:00,Labs,5.9,20.4,0.04,False
2026-07-03 05:00:00,Server Room,24.07,20.4,0.04,False
2026-07-03 05:00:00,Classrooms,2.58,20.4,0.04,False
2026-07-03 06:00:00,HVAC,34.39,23.3,0.01,False
2026-07-03 06:00:00,Lighting,5.58,23.3,0.01,False
2026-07-03 06:00:00,Labs,2.73,23.3,0.01,False
2026-07-03 06:00:00,Server Room,26.91,23.3,0.01,False
2026-07-03 06:00:00,Classrooms,8.5,23.3,0.01,False
2026-07-03 07:00:00,HVAC,47.71,25.0,0.13,False
2026-07-03 07:00:00,Lighting,13.13,25.0,0.13,False
2026-07-03 07:00:00,Labs,1.77,25.0,0.13,False
2026-07-03 07:00:00,Server Room,25.74,25.0,0.13,False
2026-07-03 07:00:00,Classrooms,7.15,25.0,0.13,False
2026-07-03 08:00:00,HVAC,63.51,24.5,0.74,False
2026-07-03 08:00:00,Lighting,22.76,24.5,0.74,False
2026-07-03 08:00:00,Labs,21.74,24.5,0.74,False
2026-07-03 08:00:00,Server Room,24.36,24.5,0.74,False
2026-07-03 08:00:00,Classrooms,20.01,24.5,0.74,False
2026-07-03 09:00:00,HVAC,69.96,26.7,0.57,False
2026-07-03 09:00:00,Lighting,19.97,26.7,0.57,False
2026-07-03 09:00:00,Labs,12.75,26.7,0.57,False
2026-07-03 09:00:00,Server Room,15.91,26.7,0.57,False
2026-07-03 09:00:00,Classrooms,22.51,26.7,0.57,False
2026-07-03 10:00:00,HVAC,89.14,28.5,0.77,False
2026-07-03 10:00:00,Lighting,25.94,28.5,0.77,False
2026-07-03 10:00:00,Labs,22.25,28.5,0.77,False
2026-07-03 10:00:00,Server Room,22.77,28.5,0.77,False
2026-07-03 10:00:00,Classrooms,22.52,28.5,0.77,False
2026-07-03 11:00:00,HVAC,89.69,30.6,0.55,False
2026-07-03 11:00:00,Lighting,18.16,30.6,0.55,False
2026-07-03 11:00:00,Labs,12.52,30.6,0.55,False
2026-07-03 11:00:00,Server Room,16.54,30.6,0.55,False
2026-07-03 11:00:00,Classrooms,10.02,30.6,0.55,False
2026-07-03 12:00:00,HVAC,99.91,32.3,0.69,False
2026-07-03 12:00:00,Lighting,20.22,32.3,0.69,False
2026-07-03 12:00:00,Labs,17.99,32.3,0.69,False
2026-07-03 12:00:00,Server Room,22.28,32.3,0.69,False
2026-07-03 12:00:00,Classrooms,22.85,32.3,0.69,False
2026-07-03 13:00:00,HVAC,102.79,32.9,0.6,False
2026-07-03 13:00:00,Lighting,16.53,32.9,0.6,False
2026-07-03 13:00:00,Labs,15.77,32.9,0.6,False
2026-07-03 13:00:00,Server Room,26.9,32.9,0.6,False
2026-07-03 13:00:00,Classrooms,19.69,32.9,0.6,False
2026-07-03 14:00:00,HVAC,89.77,30.7,0.64,False
2026-07-03 14:00:00,Lighting,15.29,30.7,0.64,False
2026-07-03 14:00:00,Labs,20.45,30.7,0.64,False
2026-07-03 14:00:00,Server Room,27.28,30.7,0.64,False
2026-07-03 14:00:00,Classrooms,18.07,30.7,0.64,False
2026-07-03 15:00:00,HVAC,106.08,34.2,0.51,False
2026-07-03 15:00:00,Lighting,18.6,34.2,0.51,False
2026-07-03 15:00:00,Labs,19.02,34.2,0.51,False
2026-07-03 15:00:00,Server Room,24.52,34.2,0.51,False
2026-07-03 15:00:00,Classrooms,16.48,34.2,0.51,False
2026-07-03 16:00:00,HVAC,75.88,29.4,0.51,False
2026-07-03 16:00:00,Lighting,21.77,29.4,0.51,False
2026-07-03 16:00:00,Labs,16.09,29.4,0.51,False
2026-07-03 16:00:00,Server Room,23.8,29.4,0.51,False
2026-07-03 16:00:00,Classrooms,12.56,29.4,0.51,False
2026-07-03 17:00:00,HVAC,95.49,31.1,0.72,False
2026-07-03 17:00:00,Lighting,22.53,31.1,0.72,False
2026-07-03 17:00:00,Labs,21.74,31.1,0.72,False
2026-07-03 17:00:00,Server Room,23.81,31.1,0.72,False
2026-07-03 17:00:00,Classrooms,21.96,31.1,0.72,False
2026-07-03 18:00:00,HVAC,73.27,27.2,0.7,False
2026-07-03 18:00:00,Lighting,23.81,27.2,0.7,False
2026-07-03 18:00:00,Labs,20.54,27.2,0.7,False
2026-07-03 18:00:00,Server Room,28.64,27.2,0.7,False
2026-07-03 18:00:00,Classrooms,17.63,27.2,0.7,False
2026-07-03 19:00:00,HVAC,67.89,26.4,0.21,False
2026-07-03 19:00:00,Lighting,11.02,26.4,0.21,False
2026-07-03 19:00:00,Labs,9.48,26.4,0.21,False
2026-07-03 19:00:00,Server Room,23.46,26.4,0.21,False
2026-07-03 19:00:00,Classrooms,8.81,26.4,0.21,False
2026-07-03 20:00:00,HVAC,37.68,23.7,0.01,False
2026-07-03 20:00:00,Lighting,11.3,23.7,0.01,False
2026-07-03 20:00:00,Labs,4.38,23.7,0.01,False
2026-07-03 20:00:00,Server Room,26.69,23.7,0.01,False
2026-07-03 20:00:00,Classrooms,5.75,23.7,0.01,False
2026-07-03 21:00:00,HVAC,45.45,22.8,0.26,False
2026-07-03 21:00:00,Lighting,12.83,22.8,0.26,False
2026-07-03 21:00:00,Labs,10.8,22.8,0.26,False
2026-07-03 21:00:00,Server Room,26.8,22.8,0.26,False
2026-07-03 21:00:00,Classrooms,15.55,22.8,0.26,False
2026-07-03 22:00:00,HVAC,38.71,22.5,0.1,False
2026-07-03 22:00:00,Lighting,19.93,22.5,0.1,False
2026-07-03 22:00:00,Labs,4.59,22.5,0.1,False
2026-07-03 22:00:00,Server Room,25.26,22.5,0.1,False
2026-07-03 22:00:00,Classrooms,7.32,22.5,0.1,False
2026-07-03 23:00:00,HVAC,37.2,22.2,0.25,False
2026-07-03 23:00:00,Lighting,13.27,22.2,0.25,False
2026-07-03 23:00:00,Labs,5.11,22.2,0.25,False
2026-07-03 23:00:00,Server Room,27.9,22.2,0.25,False
2026-07-03 23:00:00,Classrooms,9.09,22.2,0.25,False
2026-07-04 00:00:00,HVAC,20.61,19.5,0.1,True
2026-07-04 00:00:00,Lighting,16.87,19.5,0.1,True
2026-07-04 00:00:00,Labs,2.24,19.5,0.1,True
2026-07-04 00:00:00,Server Room,26.48,19.5,0.1,True
2026-07-04 00:00:00,Classrooms,1.49,19.5,0.1,True
2026-07-04 01:00:00,HVAC,25.84,20.7,0.02,True
2026-07-04 01:00:00,Lighting,13.27,20.7,0.02,True
2026-07-04 01:00:00,Labs,2.12,20.7,0.02,True
2026-07-04 01:00:00,Server Room,28.79,20.7,0.02,True
2026-07-04 01:00:00,Classrooms,8.6,20.7,0.02,True
2026-07-04 02:00:00,HVAC,33.56,21.6,0.02,True
2026-07-04 02:00:00,Lighting,8.68,21.6,0.02,True
2026-07-04 02:00:00,Labs,6.37,21.6,0.02,True
2026-07-04 02:00:00,Server Room,29.05,21.6,0.02,True
2026-07-04 02:00:00,Classrooms,5.05,21.6,0.02,True
2026-07-04 03:00:00,HVAC,24.62,20.4,0.17,True
2026-07-04 03:00:00,Lighting,9.26,20.4,0.17,True
2026-07-04 03:00:00,Labs,4.44,20.4,0.17,True
2026-07-04 03:00:00,Server Room,22.38,20.4,0.17,True
2026-07-04 03:00:00,Classrooms,5.09,20.4,0.17,True
2026-07-04 04:00:00,HVAC,14.03,20.1,0.05,True
2026-07-04 04:00:00,Lighting,8.23,20.1,0.05,True
2026-07-04 04:00:00,Labs,7.44,20.1,0.05,True
2026-07-04 04:00:00,Server Room,27.26,20.1,0.05,True
2026-07-04 04:00:00,Classrooms,6.71,20.1,0.05,True
2026-07-04 05:00:00,HVAC,37.01,22.1,0.19,True
2026-07-04 05:00:00,Lighting,17.36,22.1,0.19,True
2026-07-04 05:00:00,Labs,6.71,22.1,0.19,True
2026-07-04 05:00:00,Server Room,18.88,22.1,0.19,True
2026-07-04 05:00:00,Classrooms,2.46,22.1,0.19,True
2026-07-04 06:00:00,HVAC,32.35,21.4,0.17,True
2026-07-04 06:00:00,Lighting,11.75,21.4,0.17,True
2026-07-04 06:00:00,Labs,7.15,21.4,0.17,True
2026-07-04 06:00:00,Server Room,27.62,21.4,0.17,True
2026-07-04 06:00:00,Classrooms,4.48,21.4,0.17,True
2026-07-04 07:00:00,HVAC,59.48,26.7,0.09,True
2026-07-04 07:00:00,Lighting,11.25,26.7,0.09,True
2026-07-04 07:00:00,Labs,3.09,26.7,0.09,True
2026-07-04 07:00:00,Server Room,30.96,26.7,0.09,True
2026-07-04 07:00:00,Classrooms,5.59,26.7,0.09,True
2026-07-04 08:00:00,HVAC,59.12,26.8,0.04,True
2026-07-04 08:00:00,Lighting,9.44,26.8,0.04,True
2026-07-04 08:00:00,Labs,9.82,26.8,0.04,True
2026-07-04 08:00:00,Server Room,21.5,26.8,0.04,True
2026-07-04 08:00:00,Classrooms,9.87,26.8,0.04,True
2026-07-04 09:00:00,HVAC,67.59,28.6,0.1,True
2026-07-04 09:00:00,Lighting,13.06,28.6,0.1,True
2026-07-04 09:00:00,Labs,3.4,28.6,0.1,True
2026-07-04 09:00:00,Server Room,26.96,28.6,0.1,True
2026-07-04 09:00:00,Classrooms,3.05,28.6,0.1,True
2026-07-04 10:00:00,HVAC,58.14,26.8,0.02,True
2026-07-04 10:00:00,Lighting,7.68,26.8,0.02,True
2026-07-04 10:00:00,Labs,4.85,26.8,0.02,True
2026-07-04 10:00:00,Server Room,22.27,26.8,0.02,True
2026-07-04 10:00:00,Classrooms,5.05,26.8,0.02,True
2026-07-04 11:00:00,HVAC,64.77,29.3,0.13,True
2026-07-04 11:00:00,Lighting,12.49,29.3,0.13,True
2026-07-04 11:00:00,Labs,7.9,29.3,0.13,True
2026-07-04 11:00:00,Server Room,23.1,29.3,0.13,True
2026-07-04 11:00:00,Classrooms,8.33,29.3,0.13,True
2026-07-04 12:00:00,HVAC,79.37,30.8,0.08,True
2026-07-04 12:00:00,Lighting,12.38,30.8,0.08,True
2026-07-04 12:00:00,Labs,3.71,30.8,0.08,True
2026-07-04 12:00:00,Server Room,21.06,30.8,0.08,True
2026-07-04 12:00:00,Classrooms,5.88,30.8,0.08,True
2026-07-04 13:00:00,HVAC,93.59,33.5,0.17,True
2026-07-04 13:00:00,Lighting,16.05,33.5,0.17,True
2026-07-04 13:00:00,Labs,10.09,33.5,0.17,True
2026-07-04 13:00:00,Server Room,27.05,33.5,0.17,True
2026-07-04 13:00:00,Classrooms,6.76,33.5,0.17,True
2026-07-04 14:00:00,HVAC,70.91,31.4,0.02,True
2026-07-04 14:00:00,Lighting,12.41,31.4,0.02,True
2026-07-04 14:00:00,Labs,9.87,31.4,0.02,True
2026-07-04 14:00:00,Server Room,29.87,31.4,0.02,True
2026-07-04 14:00:00,Classrooms,7.21,31.4,0.02,True
2026-07-04 15:00:00,HVAC,87.54,33.3,0.08,True
2026-07-04 15:00:00,Lighting,9.07,33.3,0.08,True
2026-07-04 15:00:00,Labs,2.88,33.3,0.08,True
2026-07-04 15:00:00,Server Room,23.2,33.3,0.08,True
2026-07-04 15:00:00,Classrooms,3.91,33.3,0.08,True
2026-07-04 16:00:00,HVAC,71.99,30.6,0.01,True
2026-07-04 16:00:00,Lighting,16.14,30.6,0.01,True
2026-07-04 16:00:00,Labs,0.0,30.6,0.01,True
2026-07-04 16:00:00,Server Room,26.87,30.6,0.01,True
2026-07-04 16:00:00,Classrooms,7.61,30.6,0.01,True
2026-07-04 17:00:00,HVAC,68.65,30.4,0.06,True
2026-07-04 17:00:00,Lighting,12.93,30.4,0.06,True
2026-07-04 17:00:00,Labs,5.82,30.4,0.06,True
2026-07-04 17:00:00,Server Room,21.26,30.4,0.06,True
2026-07-04 17:00:00,Classrooms,8.1,30.4,0.06,True
2026-07-04 18:00:00,HVAC,60.43,27.4,0.02,True
2026-07-04 18:00:00,Lighting,8.78,27.4,0.02,True
2026-07-04 18:00:00,Labs,2.79,27.4,0.02,True
2026-07-04 18:00:00,Server Room,27.84,27.4,0.02,True
2026-07-04 18:00:00,Classrooms,6.94,27.4,0.02,True
2026-07-04 19:00:00,HVAC,59.11,27.3,0.09,True
2026-07-04 19:00:00,Lighting,12.16,27.3,0.09,True
2026-07-04 19:00:00,Labs,7.36,27.3,0.09,True
2026-07-04 19:00:00,Server Room,22.96,27.3,0.09,True
2026-07-04 19:00:00,Classrooms,6.03,27.3,0.09,True
2026-07-04 20:00:00,HVAC,48.67,25.5,0.04,True
2026-07-04 20:00:00,Lighting,10.93,25.5,0.04,True
2026-07-04 20:00:00,Labs,7.66,25.5,0.04,True
2026-07-04 20:00:00,Server Room,32.15,25.5,0.04,True
2026-07-04 20:00:00,Classrooms,2.68,25.5,0.04,True
2026-07-04 21:00:00,HVAC,41.5,23.6,0.01,True
2026-07-04 21:00:00,Lighting,11.65,23.6,0.01,True
2026-07-04 21:00:00,Labs,6.51,23.6,0.01,True
2026-07-04 21:00:00,Server Room,27.32,23.6,0.01,True
2026-07-04 21:00:00,Classrooms,0.0,23.6,0.01,True
2026-07-04 22:00:00,HVAC,55.85,26.8,0.03,True
2026-07-04 22:00:00,Lighting,15.51,26.8,0.03,True
2026-07-04 22:00:00,Labs,6.96,26.8,0.03,True
2026-07-04 22:00:00,Server Room,24.55,26.8,0.03,True
2026-07-04 22:00:00,Classrooms,0.0,26.8,0.03,True
2026-07-04 23:00:00,HVAC,29.51,20.8,0.11,True
2026-07-04 23:00:00,Lighting,11.9,20.8,0.11,True
2026-07-04 23:00:00,Labs,6.24,20.8,0.11,True
2026-07-04 23:00:00,Server Room,20.66,20.8,0.11,True
2026-07-04 23:00:00,Classrooms,4.65,20.8,0.11,True
2026-07-05 00:00:00,HVAC,22.47,20.5,0.05,True
2026-07-05 00:00:00,Lighting,10.99,20.5,0.05,True
2026-07-05 00:00:00,Labs,4.4,20.5,0.05,True
2026-07-05 00:00:00,Server Room,25.7,20.5,0.05,True
2026-07-05 00:00:00,Classrooms,1.42,20.5,0.05,True
2026-07-05 01:00:00,HVAC,31.01,22.4,0.06,True
2026-07-05 01:00:00,Lighting,4.22,22.4,0.06,True
2026-07-05 01:00:00,Labs,4.85,22.4,0.06,True
2026-07-05 01:00:00,Server Room,29.38,22.4,0.06,True
2026-07-05 01:00:00,Classrooms,4.96,22.4,0.06,True
2026-07-05 02:00:00,HVAC,13.87,17.3,0.05,True
2026-07-05 02:00:00,Lighting,16.04,17.3,0.05,True
2026-07-05 02:00:00,Labs,1.93,17.3,0.05,True
2026-07-05 02:00:00,Server Room,24.82,17.3,0.05,True
2026-07-05 02:00:00,Classrooms,7.3,17.3,0.05,True
2026-07-05 03:00:00,HVAC,30.85,22.0,0.11,True
2026-07-05 03:00:00,Lighting,16.94,22.0,0.11,True
2026-07-05 03:00:00,Labs,3.51,22.0,0.11,True
2026-07-05 03:00:00,Server Room,17.31,22.0,0.11,True
2026-07-05 03:00:00,Classrooms,6.24,22.0,0.11,True
2026-07-05 04:00:00,HVAC,8.35,16.9,0.06,True
2026-07-05 04:00:00,Lighting,5.37,16.9,0.06,True
2026-07-05 04:00:00,Labs,4.6,16.9,0.06,True
2026-07-05 04:00:00,Server Room,27.26,16.9,0.06,True
2026-07-05 04:00:00,Classrooms,2.91,16.9,0.06,True
2026-07-05 05:00:00,HVAC,23.65,20.1,0.05,True
2026-07-05 05:00:00,Lighting,8.91,20.1,0.05,True
2026-07-05 05:00:00,Labs,8.66,20.1,0.05,True
2026-07-05 05:00:00,Server Room,26.83,20.1,0.05,True
2026-07-05 05:00:00,Classrooms,5.61,20.1,0.05,True
2026-07-05 06:00:00,HVAC,31.84,22.1,0.1,True
2026-07-05 06:00:00,Lighting,11.56,22.1,0.1,True
2026-07-05 06:00:00,Labs,7.66,22.1,0.1,True
2026-07-05 06:00:00,Server Room,26.68,22.1,0.1,True
2026-07-05 06:00:00,Classrooms,6.87,22.1,0.1,True
2026-07-05 07:00:00,HVAC,45.81,25.3,0.1,True
2026-07-05 07:00:00,Lighting,7.32,25.3,0.1,True
2026-07-05 07:00:00,Labs,10.05,25.3,0.1,True
2026-07-05 07:00:00,Server Room,21.93,25.3,0.1,True
2026-07-05 07:00:00,Classrooms,1.75,25.3,0.1,True
2026-07-05 08:00:00,HVAC,42.8,24.9,0.1,True
2026-07-05 08:00:00,Lighting,6.97,24.9,0.1,True
2026-07-05 08:00:00,Labs,2.11,24.9,0.1,True
2026-07-05 08:00:00,Server Room,24.1,24.9,0.1,True
2026-07-05 08:00:00,Classrooms,3.37,24.9,0.1,True
2026-07-05 09:00:00,HVAC,54.87,26.3,0.01,True
2026-07-05 09:00:00,Lighting,10.63,26.3,0.01,True
2026-07-05 09:00:00,Labs,3.22,26.3,0.01,True
2026-07-05 09:00:00,Server Room,22.07,26.3,0.01,True
2026-07-05 09:00:00,Classrooms,4.3,26.3,0.01,True
2026-07-05 10:00:00,HVAC,71.36,29.8,0.0,True
2026-07-05 10:00:00,Lighting,9.98,29.8,0.0,True
2026-07-05 10:00:00,Labs,5.72,29.8,0.0,True
2026-07-05 10:00:00,Server Room,24.24,29.8,0.0,True
2026-07-05 10:00:00,Classrooms,14.76,29.8,0.0,True
2026-07-05 11:00:00,HVAC,64.6,28.9,0.03,True
2026-07-05 11:00:00,Lighting,11.91,28.9,0.03,True
2026-07-05 11:00:00,Labs,5.64,28.9,0.03,True
2026-07-05 11:00:00,Server Room,25.71,28.9,0.03,True
2026-07-05 11:00:00,Classrooms,6.28,28.9,0.03,True
2026-07-05 12:00:00,HVAC,92.72,33.0,0.16,True
2026-07-05 12:00:00,Lighting,6.66,33.0,0.16,True
2026-07-05 12:00:00,Labs,3.47,33.0,0.16,True
2026-07-05 12:00:00,Server Room,28.01,33.0,0.16,True
2026-07-05 12:00:00,Classrooms,1.33,33.0,0.16,True
2026-07-05 13:00:00,HVAC,86.69,33.1,0.01,True
2026-07-05 13:00:00,Lighting,11.85,33.1,0.01,True
2026-07-05 13:00:00,Labs,9.06,33.1,0.01,True
2026-07-05 13:00:00,Server Room,26.7,33.1,0.01,True
2026-07-05 13:00:00,Classrooms,4.52,33.1,0.01,True
2026-07-05 14:00:00,HVAC,80.69,33.0,0.03,True
2026-07-05 14:00:00,Lighting,15.41,33.0,0.03,True
2026-07-05 14:00:00,Labs,6.27,33.0,0.03,True
2026-07-05 14:00:00,Server Room,29.39,33.0,0.03,True
2026-07-05 14:00:00,Classrooms,10.49,33.0,0.03,True
2026-07-05 15:00:00,HVAC,90.79,33.6,0.1,True
2026-07-05 15:00:00,Lighting,11.81,33.6,0.1,True
2026-07-05 15:00:00,Labs,1.76,33.6,0.1,True
2026-07-05 15:00:00,Server Room,27.66,33.6,0.1,True
2026-07-05 15:00:00,Classrooms,4.48,33.6,0.1,True
2026-07-05 16:00:00,HVAC,69.88,30.5,0.02,True
2026-07-05 16:00:00,Lighting,10.42,30.5,0.02,True
2026-07-05 16:00:00,Labs,6.87,30.5,0.02,True
2026-07-05 16:00:00,Server Room,16.48,30.5,0.02,True
2026-07-05 16:00:00,Classrooms,1.71,30.5,0.02,True
2026-07-05 17:00:00,HVAC,68.13,30.3,0.17,True
2026-07-05 17:00:00,Lighting,16.28,30.3,0.17,True
2026-07-05 17:00:00,Labs,5.59,30.3,0.17,True
2026-07-05 17:00:00,Server Room,18.93,30.3,0.17,True
2026-07-05 17:00:00,Classrooms,2.23,30.3,0.17,True
2026-07-05 18:00:00,HVAC,49.55,26.1,0.08,True
2026-07-05 18:00:00,Lighting,6.96,26.1,0.08,True
2026-07-05 18:00:00,Labs,3.17,26.1,0.08,True
2026-07-05 18:00:00,Server Room,21.8,26.1,0.08,True
2026-07-05 18:00:00,Classrooms,9.83,26.1,0.08,True
2026-07-05 19:00:00,HVAC,71.0,29.6,0.04,True
2026-07-05 19:00:00,Lighting,10.08,29.6,0.04,True
2026-07-05 19:00:00,Labs,3.7,29.6,0.04,True
2026-07-05 19:00:00,Server Room,30.25,29.6,0.04,True
2026-07-05 19:00:00,Classrooms,5.83,29.6,0.04,True
2026-07-05 20:00:00,HVAC,52.49,26.3,0.04,True
2026-07-05 20:00:00,Lighting,13.62,26.3,0.04,True
2026-07-05 20:00:00,Labs,5.1,26.3,0.04,True
2026-07-05 20:00:00,Server Room,26.53,26.3,0.04,True
2026-07-05 20:00:00,Classrooms,5.53,26.3,0.04,True
2026-07-05 21:00:00,HVAC,61.67,27.0,0.19,True
2026-07-05 21:00:00,Lighting,11.83,27.0,0.19,True
2026-07-05 21:00:00,Labs,6.27,27.0,0.19,True
2026-07-05 21:00:00,Server Room,21.62,27.0,0.19,True
2026-07-05 21:00:00,Classrooms,4.84,27.0,0.19,True
2026-07-05 22:00:00,HVAC,31.34,21.4,0.01,True
2026-07-05 22:00:00,Lighting,7.29,21.4,0.01,True
2026-07-05 22:00:00,Labs,4.51,21.4,0.01,True
2026-07-05 22:00:00,Server Room,23.82,21.4,0.01,True
2026-07-05 22:00:00,Classrooms,5.4,21.4,0.01,True
2026-07-05 23:00:00,HVAC,20.96,19.2,0.09,True
2026-07-05 23:00:00,Lighting,14.97,19.2,0.09,True
2026-07-05 23:00:00,Labs,3.66,19.2,0.09,True
2026-07-05 23:00:00,Server Room,23.47,19.2,0.09,True
2026-07-05 23:00:00,Classrooms,5.78,19.2,0.09,True
2026-07-06 00:00:00,HVAC,30.17,20.2,0.17,False
2026-07-06 00:00:00,Lighting,13.3,20.2,0.17,False
2026-07-06 00:00:00,Labs,13.14,20.2,0.17,False
2026-07-06 00:00:00,Server Room,29.03,20.2,0.17,False
2026-07-06 00:00:00,Classrooms,7.64,20.2,0.17,False
2026-07-06 01:00:00,HVAC,32.7,20.7,0.24,False
2026-07-06 01:00:00,Lighting,12.86,20.7,0.24,False
2026-07-06 01:00:00,Labs,7.07,20.7,0.24,False
2026-07-06 01:00:00,Server Room,26.64,20.7,0.24,False
2026-07-06 01:00:00,Classrooms,10.84,20.7,0.24,False
2026-07-06 02:00:00,HVAC,29.21,21.3,0.12,False
2026-07-06 02:00:00,Lighting,13.81,21.3,0.12,False
2026-07-06 02:00:00,Labs,10.83,21.3,0.12,False
2026-07-06 02:00:00,Server Room,24.4,21.3,0.12,False
2026-07-06 02:00:00,Classrooms,13.99,21.3,0.12,False
2026-07-06 03:00:00,HVAC,16.9,18.5,0.15,False
2026-07-06 03:00:00,Lighting,12.07,18.5,0.15,False
2026-07-06 03:00:00,Labs,12.67,18.5,0.15,False
2026-07-06 03:00:00,Server Room,24.69,18.5,0.15,False
2026-07-06 03:00:00,Classrooms,9.82,18.5,0.15,False
2026-07-06 04:00:00,HVAC,27.45,20.5,0.13,False
2026-07-06 04:00:00,Lighting,13.55,20.5,0.13,False
2026-07-06 04:00:00,Labs,8.83,20.5,0.13,False
2026-07-06 04:00:00,Server Room,23.78,20.5,0.13,False
2026-07-06 04:00:00,Classrooms,8.31,20.5,0.13,False
2026-07-06 05:00:00,HVAC,32.84,21.1,0.24,False
2026-07-06 05:00:00,Lighting,18.08,21.1,0.24,False
2026-07-06 05:00:00,Labs,11.09,21.1,0.24,False
2026-07-06 05:00:00,Server Room,25.45,21.1,0.24,False
2026-07-06 05:00:00,Classrooms,3.93,21.1,0.24,False
2026-07-06 06:00:00,HVAC,26.58,21.4,0.08,False
2026-07-06 06:00:00,Lighting,12.32,21.4,0.08,False
2026-07-06 06:00:00,Labs,7.37,21.4,0.08,False
2026-07-06 06:00:00,Server Room,29.84,21.4,0.08,False
2026-07-06 06:00:00,Classrooms,5.54,21.4,0.08,False
2026-07-06 07:00:00,HVAC,46.34,24.4,0.17,False
2026-07-06 07:00:00,Lighting,14.5,24.4,0.17,False
2026-07-06 07:00:00,Labs,11.04,24.4,0.17,False
2026-07-06 07:00:00,Server Room,22.42,24.4,0.17,False
2026-07-06 07:00:00,Classrooms,14.19,24.4,0.17,False
2026-07-06 08:00:00,HVAC,74.69,26.6,0.66,False
2026-07-06 08:00:00,Lighting,18.3,26.6,0.66,False
2026-07-06 08:00:00,Labs,23.4,26.6,0.66,False
2026-07-06 08:00:00,Server Room,25.2,26.6,0.66,False
2026-07-06 08:00:00,Classrooms,12.44,26.6,0.66,False
2026-07-06 09:00:00,HVAC,90.89,28.6,0.96,False
2026-07-06 09:00:00,Lighting,26.98,28.6,0.96,False
2026-07-06 09:00:00,Labs,25.23,28.6,0.96,False
2026-07-06 09:00:00,Server Room,27.53,28.6,0.96,False
2026-07-06 09:00:00,Classrooms,23.36,28.6,0.96,False
2026-07-06 10:00:00,HVAC,108.06,31.6,0.95,False
2026-07-06 10:00:00,Lighting,24.53,31.6,0.95,False
2026-07-06 10:00:00,Labs,25.84,31.6,0.95,False
2026-07-06 10:00:00,Server Room,23.24,31.6,0.95,False
2026-07-06 10:00:00,Classrooms,18.6,31.6,0.95,False
2026-07-06 11:00:00,HVAC,107.09,33.5,0.53,False
2026-07-06 11:00:00,Lighting,15.07,33.5,0.53,False
2026-07-06 11:00:00,Labs,21.0,33.5,0.53,False
2026-07-06 11:00:00,Server Room,23.35,33.5,0.53,False
2026-07-06 11:00:00,Classrooms,11.83,33.5,0.53,False
2026-07-06 12:00:00,HVAC,96.1,30.2,0.82,False
2026-07-06 12:00:00,Lighting,19.92,30.2,0.82,False
2026-07-06 12:00:00,Labs,23.02,30.2,0.82,False
2026-07-06 12:00:00,Server Room,28.53,30.2,0.82,False
2026-07-06 12:00:00,Classrooms,15.41,30.2,0.82,False
2026-07-06 13:00:00,HVAC,111.89,32.9,0.96,False
2026-07-06 13:00:00,Lighting,23.4,32.9,0.96,False
2026-07-06 13:00:00,Labs,24.27,32.9,0.96,False
2026-07-06 13:00:00,Server Room,19.89,32.9,0.96,False
2026-07-06 13:00:00,Classrooms,25.6,32.9,0.96,False
2026-07-06 14:00:00,HVAC,95.22,31.5,0.66,False
2026-07-06 14:00:00,Lighting,27.43,31.5,0.66,False
2026-07-06 14:00:00,Labs,18.35,31.5,0.66,False
2026-07-06 14:00:00,Server Room,27.37,31.5,0.66,False
2026-07-06 14:00:00,Classrooms,20.15,31.5,0.66,False
2026-07-06 15:00:00,HVAC,106.67,32.4,0.88,False
2026-07-06 15:00:00,Lighting,21.45,32.4,0.88,False
2026-07-06 15:00:00,Labs,25.47,32.4,0.88,False
2026-07-06 15:00:00,Server Room,28.71,32.4,0.88,False
2026-07-06 15:00:00,Classrooms,22.25,32.4,0.88,False
2026-07-06 16:00:00,HVAC,87.11,30.0,0.55,False
2026-07-06 16:00:00,Lighting,22.7,30.0,0.55,False
2026-07-06 16:00:00,Labs,16.22,30.0,0.55,False
2026-07-06 16:00:00,Server Room,23.76,30.0,0.55,False
2026-07-06 16:00:00,Classrooms,10.96,30.0,0.55,False
2026-07-06 17:00:00,HVAC,92.01,30.0,0.72,False
2026-07-06 17:00:00,Lighting,14.9,30.0,0.72,False
2026-07-06 17:00:00,Labs,16.97,30.0,0.72,False
2026-07-06 17:00:00,Server Room,26.09,30.0,0.72,False
2026-07-06 17:00:00,Classrooms,21.01,30.0,0.72,False
2026-07-06 18:00:00,HVAC,81.8,26.8,0.91,False
2026-07-06 18:00:00,Lighting,24.76,26.8,0.91,False
2026-07-06 18:00:00,Labs,27.8,26.8,0.91,False
2026-07-06 18:00:00,Server Room,24.61,26.8,0.91,False
2026-07-06 18:00:00,Classrooms,24.82,26.8,0.91,False
2026-07-06 19:00:00,HVAC,55.26,26.5,0.11,False
2026-07-06 19:00:00,Lighting,8.74,26.5,0.11,False
2026-07-06 19:00:00,Labs,8.83,26.5,0.11,False
2026-07-06 19:00:00,Server Room,24.59,26.5,0.11,False
2026-07-06 19:00:00,Classrooms,7.94,26.5,0.11,False
2026-07-06 20:00:00,HVAC,60.63,27.6,0.03,False
2026-07-06 20:00:00,Lighting,9.51,27.6,0.03,False
2026-07-06 20:00:00,Labs,6.56,27.6,0.03,False
2026-07-06 20:00:00,Server Room,31.0,27.6,0.03,False
2026-07-06 20:00:00,Classrooms,6.23,27.6,0.03,False
2026-07-06 21:00:00,HVAC,37.66,23.5,0.01,False
2026-07-06 21:00:00,Lighting,6.11,23.5,0.01,False
2026-07-06 21:00:00,Labs,7.33,23.5,0.01,False
2026-07-06 21:00:00,Server Room,30.56,23.5,0.01,False
2026-07-06 21:00:00,Classrooms,5.05,23.5,0.01,False
2026-07-06 22:00:00,HVAC,50.44,25.2,0.02,False
2026-07-06 22:00:00,Lighting,9.11,25.2,0.02,False
2026-07-06 22:00:00,Labs,6.01,25.2,0.02,False
2026-07-06 22:00:00,Server Room,28.78,25.2,0.02,False
2026-07-06 22:00:00,Classrooms,7.91,25.2,0.02,False
2026-07-06 23:00:00,HVAC,44.84,24.2,0.02,False
2026-07-06 23:00:00,Lighting,7.05,24.2,0.02,False
2026-07-06 23:00:00,Labs,6.83,24.2,0.02,False
2026-07-06 23:00:00,Server Room,31.68,24.2,0.02,False
2026-07-06 23:00:00,Classrooms,0.33,24.2,0.02,False
2026-07-07 00:00:00,HVAC,22.81,19.9,0.17,False
2026-07-07 00:00:00,Lighting,16.95,19.9,0.17,False
2026-07-07 00:00:00,Labs,8.27,19.9,0.17,False
2026-07-07 00:00:00,Server Room,26.52,19.9,0.17,False
2026-07-07 00:00:00,Classrooms,9.36,19.9,0.17,False
2026-07-07 01:00:00,HVAC,31.98,22.4,0.15,False
2026-07-07 01:00:00,Lighting,14.64,22.4,0.15,False
2026-07-07 01:00:00,Labs,4.77,22.4,0.15,False
2026-07-07 01:00:00,Server Room,28.37,22.4,0.15,False
2026-07-07 01:00:00,Classrooms,0.21,22.4,0.15,False
2026-07-07 02:00:00,HVAC,34.26,20.8,0.28,False
2026-07-07 02:00:00,Lighting,12.59,20.8,0.28,False
2026-07-07 02:00:00,Labs,13.96,20.8,0.28,False
2026-07-07 02:00:00,Server Room,19.19,20.8,0.28,False
2026-07-07 02:00:00,Classrooms,6.77,20.8,0.28,False
2026-07-07 03:00:00,HVAC,19.87,19.1,0.28,False
2026-07-07 03:00:00,Lighting,15.54,19.1,0.28,False
2026-07-07 03:00:00,Labs,11.13,19.1,0.28,False
2026-07-07 03:00:00,Server Room,28.1,19.1,0.28,False
2026-07-07 03:00:00,Classrooms,11.34,19.1,0.28,False
2026-07-07 04:00:00,HVAC,42.34,22.5,0.24,False
2026-07-07 04:00:00,Lighting,9.46,22.5,0.24,False
2026-07-07 04:00:00,Labs,10.07,22.5,0.24,False
2026-07-07 04:00:00,Server Room,32.3,22.5,0.24,False
2026-07-07 04:00:00,Classrooms,6.31,22.5,0.24,False
2026-07-07 05:00:00,HVAC,44.47,25.1,0.06,False
2026-07-07 05:00:00,Lighting,10.29,25.1,0.06,False
2026-07-07 05:00:00,Labs,5.81,25.1,0.06,False
2026-07-07 05:00:00,Server Room,20.52,25.1,0.06,False
2026-07-07 05:00:00,Classrooms,6.8,25.1,0.06,False
2026-07-07 06:00:00,HVAC,67.55,27.5,0.26,False
2026-07-07 06:00:00,Lighting,14.12,27.5,0.26,False
2026-07-07 06:00:00,Labs,6.99,27.5,0.26,False
2026-07-07 06:00:00,Server Room,21.13,27.5,0.26,False
2026-07-07 06:00:00,Classrooms,8.55,27.5,0.26,False
2026-07-07 07:00:00,HVAC,46.56,24.6,0.15,False
2026-07-07 07:00:00,Lighting,11.59,24.6,0.15,False
2026-07-07 07:00:00,Labs,6.33,24.6,0.15,False
2026-07-07 07:00:00,Server Room,26.74,24.6,0.15,False
2026-07-07 07:00:00,Classrooms,9.7,24.6,0.15,False
2026-07-07 08:00:00,HVAC,62.26,24.6,0.81,False
2026-07-07 08:00:00,Lighting,23.07,24.6,0.81,False
2026-07-07 08:00:00,Labs,21.78,24.6,0.81,False
2026-07-07 08:00:00,Server Room,22.35,24.6,0.81,False
2026-07-07 08:00:00,Classrooms,24.24,24.6,0.81,False
2026-07-07 09:00:00,HVAC,83.06,26.7,1.0,False
2026-07-07 09:00:00,Lighting,23.42,26.7,1.0,False
2026-07-07 09:00:00,Labs,17.32,26.7,1.0,False
2026-07-07 09:00:00,Server Room,21.88,26.7,1.0,False
2026-07-07 09:00:00,Classrooms,25.64,26.7,1.0,False
2026-07-07 10:00:00,HVAC,95.77,31.5,0.74,False
2026-07-07 10:00:00,Lighting,25.24,31.5,0.74,False
2026-07-07 10:00:00,Labs,25.31,31.5,0.74,False
2026-07-07 10:00:00,Server Room,28.48,31.5,0.74,False
2026-07-07 10:00:00,Classrooms,16.35,31.5,0.74,False
2026-07-07 11:00:00,HVAC,85.38,30.0,0.58,False
2026-07-07 11:00:00,Lighting,19.07,30.0,0.58,False
2026-07-07 11:00:00,Labs,13.97,30.0,0.58,False
2026-07-07 11:00:00,Server Room,22.96,30.0,0.58,False
2026-07-07 11:00:00,Classrooms,8.33,30.0,0.58,False
2026-07-07 12:00:00,HVAC,97.65,30.6,0.95,False
2026-07-07 12:00:00,Lighting,27.46,30.6,0.95,False
2026-07-07 12:00:00,Labs,22.45,30.6,0.95,False
2026-07-07 12:00:00,Server Room,29.35,30.6,0.95,False
2026-07-07 12:00:00,Classrooms,19.62,30.6,0.95,False
2026-07-07 13:00:00,HVAC,98.76,32.4,0.55,False
2026-07-07 13:00:00,Lighting,19.65,32.4,0.55,False
2026-07-07 13:00:00,Labs,20.66,32.4,0.55,False
2026-07-07 13:00:00,Server Room,25.07,32.4,0.55,False
2026-07-07 13:00:00,Classrooms,12.15,32.4,0.55,False
2026-07-07 14:00:00,HVAC,121.92,33.9,0.98,False
2026-07-07 14:00:00,Lighting,19.74,33.9,0.98,False
2026-07-07 14:00:00,Labs,22.51,33.9,0.98,False
2026-07-07 14:00:00,Server Room,21.3,33.9,0.98,False
2026-07-07 14:00:00,Classrooms,23.03,33.9,0.98,False
2026-07-07 15:00:00,HVAC,113.14,34.0,0.67,False
2026-07-07 15:00:00,Lighting,19.83,34.0,0.67,False
2026-07-07 15:00:00,Labs,14.2,34.0,0.67,False
2026-07-07 15:00:00,Server Room,31.32,34.0,0.67,False
2026-07-07 15:00:00,Classrooms,19.96,34.0,0.67,False
2026-07-07 16:00:00,HVAC,91.84,30.3,0.72,False
2026-07-07 16:00:00,Lighting,18.53,30.3,0.72,False
2026-07-07 16:00:00,Labs,21.55,30.3,0.72,False
2026-07-07 16:00:00,Server Room,24.23,30.3,0.72,False
2026-07-07 16:00:00,Classrooms,16.37,30.3,0.72,False
2026-07-07 17:00:00,HVAC,93.93,30.9,0.63,False
2026-07-07 17:00:00,Lighting,19.1,30.9,0.63,False
2026-07-07 17:00:00,Labs,25.09,30.9,0.63,False
2026-07-07 17:00:00,Server Room,23.41,30.9,0.63,False
2026-07-07 17:00:00,Classrooms,16.24,30.9,0.63,False
2026-07-07 18:00:00,HVAC,81.96,29.0,0.59,False
2026-07-07 18:00:00,Lighting,17.69,29.0,0.59,False
2026-07-07 18:00:00,Labs,15.84,29.0,0.59,False
2026-07-07 18:00:00,Server Room,26.28,29.0,0.59,False
2026-07-07 18:00:00,Classrooms,14.55,29.0,0.59,False
2026-07-07 19:00:00,HVAC,69.45,28.4,0.29,False
2026-07-07 19:00:00,Lighting,8.79,28.4,0.29,False
2026-07-07 19:00:00,Labs,12.4,28.4,0.29,False
2026-07-07 19:00:00,Server Room,19.26,28.4,0.29,False
2026-07-07 19:00:00,Classrooms,8.93,28.4,0.29,False
2026-07-07 20:00:00,HVAC,64.66,28.3,0.08,False
2026-07-07 20:00:00,Lighting,8.94,28.3,0.08,False
2026-07-07 20:00:00,Labs,0.57,28.3,0.08,False
2026-07-07 20:00:00,Server Room,28.52,28.3,0.08,False
2026-07-07 20:00:00,Classrooms,10.49,28.3,0.08,False
2026-07-07 21:00:00,HVAC,63.8,28.6,0.01,False
2026-07-07 21:00:00,Lighting,7.94,28.6,0.01,False
2026-07-07 21:00:00,Labs,5.49,28.6,0.01,False
2026-07-07 21:00:00,Server Room,31.82,28.6,0.01,False
2026-07-07 21:00:00,Classrooms,6.91,28.6,0.01,False
2026-07-07 22:00:00,HVAC,30.59,21.3,0.04,False
2026-07-07 22:00:00,Lighting,13.01,21.3,0.04,False
2026-07-07 22:00:00,Labs,0.0,21.3,0.04,False
2026-07-07 22:00:00,Server Room,28.82,21.3,0.04,False
2026-07-07 22:00:00,Classrooms,0.0,21.3,0.04,False
2026-07-07 23:00:00,HVAC,22.1,19.7,0.1,False
2026-07-07 23:00:00,Lighting,4.97,19.7,0.1,False
2026-07-07 23:00:00,Labs,12.98,19.7,0.1,False
2026-07-07 23:00:00,Server Room,24.5,19.7,0.1,False
2026-07-07 23:00:00,Classrooms,4.48,19.7,0.1,False
2026-07-08 00:00:00,HVAC,24.43,20.1,0.13,False
2026-07-08 00:00:00,Lighting,6.15,20.1,0.13,False
2026-07-08 00:00:00,Labs,9.01,20.1,0.13,False
2026-07-08 00:00:00,Server Room,27.3,20.1,0.13,False
2026-07-08 00:00:00,Classrooms,4.78,20.1,0.13,False
2026-07-08 01:00:00,HVAC,33.98,22.1,0.17,False
2026-07-08 01:00:00,Lighting,14.98,22.1,0.17,False
2026-07-08 01:00:00,Labs,11.47,22.1,0.17,False
2026-07-08 01:00:00,Server Room,20.66,22.1,0.17,False
2026-07-08 01:00:00,Classrooms,4.47,22.1,0.17,False
2026-07-08 02:00:00,HVAC,22.03,20.2,0.01,False
2026-07-08 02:00:00,Lighting,5.1,20.2,0.01,False
2026-07-08 02:00:00,Labs,2.74,20.2,0.01,False
2026-07-08 02:00:00,Server Room,27.42,20.2,0.01,False
2026-07-08 02:00:00,Classrooms,1.65,20.2,0.01,False
2026-07-08 03:00:00,HVAC,13.83,18.2,0.15,False
2026-07-08 03:00:00,Lighting,16.36,18.2,0.15,False
2026-07-08 03:00:00,Labs,6.27,18.2,0.15,False
2026-07-08 03:00:00,Server Room,27.84,18.2,0.15,False
2026-07-08 03:00:00,Classrooms,5.1,18.2,0.15,False
2026-07-08 04:00:00,HVAC,33.92,21.7,0.21,False
2026-07-08 04:00:00,Lighting,14.86,21.7,0.21,False
2026-07-08 04:00:00,Labs,8.12,21.7,0.21,False
2026-07-08 04:00:00,Server Room,24.32,21.7,0.21,False
2026-07-08 04:00:00,Classrooms,7.56,21.7,0.21,False
2026-07-08 05:00:00,HVAC,32.88,22.7,0.04,False
2026-07-08 05:00:00,Lighting,8.12,22.7,0.04,False
2026-07-08 05:00:00,Labs,10.71,22.7,0.04,False
2026-07-08 05:00:00,Server Room,21.91,22.7,0.04,False
2026-07-08 05:00:00,Classrooms,0.0,22.7,0.04,False
2026-07-08 06:00:00,HVAC,44.8,23.7,0.1,False
2026-07-08 06:00:00,Lighting,12.43,23.7,0.1,False
2026-07-08 06:00:00,Labs,9.02,23.7,0.1,False
2026-07-08 06:00:00,Server Room,18.97,23.7,0.1,False
2026-07-08 06:00:00,Classrooms,11.67,23.7,0.1,False
2026-07-08 07:00:00,HVAC,43.1,24.3,0.08,False
2026-07-08 07:00:00,Lighting,17.04,24.3,0.08,False
2026-07-08 07:00:00,Labs,9.68,24.3,0.08,False
2026-07-08 07:00:00,Server Room,24.97,24.3,0.08,False
2026-07-08 07:00:00,Classrooms,10.64,24.3,0.08,False
2026-07-08 08:00:00,HVAC,57.23,24.8,0.58,False
2026-07-08 08:00:00,Lighting,17.15,24.8,0.58,False
2026-07-08 08:00:00,Labs,13.0,24.8,0.58,False
2026-07-08 08:00:00,Server Room,29.8,24.8,0.58,False
2026-07-08 08:00:00,Classrooms,12.07,24.8,0.58,False
2026-07-08 09:00:00,HVAC,92.33,30.5,0.67,False
2026-07-08 09:00:00,Lighting,20.4,30.5,0.67,False
2026-07-08 09:00:00,Labs,15.68,30.5,0.67,False
2026-07-08 09:00:00,Server Room,21.43,30.5,0.67,False
2026-07-08 09:00:00,Classrooms,17.7,30.5,0.67,False
2026-07-08 10:00:00,HVAC,73.09,27.7,0.65,False
2026-07-08 10:00:00,Lighting,20.62,27.7,0.65,False
2026-07-08 10:00:00,Labs,15.51,27.7,0.65,False
2026-07-08 10:00:00,Server Room,28.95,27.7,0.65,False
2026-07-08 10:00:00,Classrooms,19.39,27.7,0.65,False
2026-07-08 11:00:00,HVAC,96.05,29.8,0.9,False
2026-07-08 11:00:00,Lighting,19.88,29.8,0.9,False
2026-07-08 11:00:00,Labs,25.2,29.8,0.9,False
2026-07-08 11:00:00,Server Room,27.69,29.8,0.9,False
2026-07-08 11:00:00,Classrooms,21.88,29.8,0.9,False
2026-07-08 12:00:00,HVAC,87.07,29.6,0.6,False
2026-07-08 12:00:00,Lighting,21.88,29.6,0.6,False
2026-07-08 12:00:00,Labs,13.16,29.6,0.6,False
2026-07-08 12:00:00,Server Room,18.11,29.6,0.6,False
2026-07-08 12:00:00,Classrooms,14.66,29.6,0.6,False
2026-07-08 13:00:00,HVAC,101.31,34.2,0.54,False
2026-07-08 13:00:00,Lighting,12.6,34.2,0.54,False
2026-07-08 13:00:00,Labs,12.46,34.2,0.54,False
2026-07-08 13:00:00,Server Room,23.94,34.2,0.54,False
2026-07-08 13:00:00,Classrooms,14.49,34.2,0.54,False
2026-07-08 14:00:00,HVAC,103.55,33.5,0.8,False
2026-07-08 14:00:00,Lighting,17.72,33.5,0.8,False
2026-07-08 14:00:00,Labs,23.38,33.5,0.8,False
2026-07-08 14:00:00,Server Room,22.59,33.5,0.8,False
2026-07-08 14:00:00,Classrooms,25.03,33.5,0.8,False
2026-07-08 15:00:00,HVAC,97.56,31.2,0.87,False
2026-07-08 15:00:00,Lighting,21.11,31.2,0.87,False
2026-07-08 15:00:00,Labs,19.57,31.2,0.87,False
2026-07-08 15:00:00,Server Room,32.33,31.2,0.87,False
2026-07-08 15:00:00,Classrooms,17.17,31.2,0.87,False
2026-07-08 16:00:00,HVAC,92.77,30.9,0.6,False
2026-07-08 16:00:00,Lighting,20.0,30.9,0.6,False
2026-07-08 16:00:00,Labs,16.2,30.9,0.6,False
2026-07-08 16:00:00,Server Room,21.64,30.9,0.6,False
2026-07-08 16:00:00,Classrooms,9.61,30.9,0.6,False
2026-07-08 17:00:00,HVAC,81.63,30.1,0.52,False
2026-07-08 17:00:00,Lighting,22.4,30.1,0.52,False
2026-07-08 17:00:00,Labs,15.45,30.1,0.52,False
2026-07-08 17:00:00,Server Room,32.34,30.1,0.52,False
2026-07-08 17:00:00,Classrooms,14.37,30.1,0.52,False
2026-07-08 18:00:00,HVAC,74.5,26.5,0.78,False
2026-07-08 18:00:00,Lighting,18.63,26.5,0.78,False
2026-07-08 18:00:00,Labs,22.27,26.5,0.78,False
2026-07-08 18:00:00,Server Room,26.03,26.5,0.78,False
2026-07-08 18:00:00,Classrooms,17.58,26.5,0.78,False
2026-07-08 19:00:00,HVAC,58.61,24.5,0.29,False
2026-07-08 19:00:00,Lighting,14.89,24.5,0.29,False
2026-07-08 19:00:00,Labs,9.55,24.5,0.29,False
2026-07-08 19:00:00,Server Room,21.24,24.5,0.29,False
2026-07-08 19:00:00,Classrooms,8.63,24.5,0.29,False
2026-07-08 20:00:00,HVAC,53.51,25.1,0.13,False
2026-07-08 20:00:00,Lighting,15.95,25.1,0.13,False
2026-07-08 20:00:00,Labs,13.54,25.1,0.13,False
2026-07-08 20:00:00,Server Room,27.36,25.1,0.13,False
2026-07-08 20:00:00,Classrooms,3.76,25.1,0.13,False
2026-07-08 21:00:00,HVAC,38.55,22.2,0.2,False
2026-07-08 21:00:00,Lighting,12.8,22.2,0.2,False
2026-07-08 21:00:00,Labs,10.9,22.2,0.2,False
2026-07-08 21:00:00,Server Room,27.16,22.2,0.2,False
2026-07-08 21:00:00,Classrooms,8.7,22.2,0.2,False
2026-07-08 22:00:00,HVAC,27.09,21.2,0.21,False
2026-07-08 22:00:00,Lighting,13.26,21.2,0.21,False
2026-07-08 22:00:00,Labs,7.41,21.2,0.21,False
2026-07-08 22:00:00,Server Room,22.48,21.2,0.21,False
2026-07-08 22:00:00,Classrooms,12.19,21.2,0.21,False
2026-07-08 23:00:00,HVAC,34.32,22.6,0.06,False
2026-07-08 23:00:00,Lighting,11.87,22.6,0.06,False
2026-07-08 23:00:00,Labs,7.76,22.6,0.06,False
2026-07-08 23:00:00,Server Room,25.8,22.6,0.06,False
2026-07-08 23:00:00,Classrooms,9.58,22.6,0.06,False
2026-07-09 00:00:00,HVAC,35.01,22.5,0.02,False
2026-07-09 00:00:00,Lighting,10.85,22.5,0.02,False
2026-07-09 00:00:00,Labs,5.95,22.5,0.02,False
2026-07-09 00:00:00,Server Room,25.24,22.5,0.02,False
2026-07-09 00:00:00,Classrooms,7.61,22.5,0.02,False
2026-07-09 01:00:00,HVAC,27.62,20.6,0.18,False
2026-07-09 01:00:00,Lighting,15.9,20.6,0.18,False
2026-07-09 01:00:00,Labs,11.72,20.6,0.18,False
2026-07-09 01:00:00,Server Room,23.18,20.6,0.18,False
2026-07-09 01:00:00,Classrooms,8.03,20.6,0.18,False
2026-07-09 02:00:00,HVAC,24.47,21.0,0.03,False
2026-07-09 02:00:00,Lighting,9.13,21.0,0.03,False
2026-07-09 02:00:00,Labs,0.0,21.0,0.03,False
2026-07-09 02:00:00,Server Room,26.19,21.0,0.03,False
2026-07-09 02:00:00,Classrooms,5.09,21.0,0.03,False
2026-07-09 03:00:00,HVAC,27.82,19.7,0.21,False
2026-07-09 03:00:00,Lighting,14.2,19.7,0.21,False
2026-07-09 03:00:00,Labs,8.38,19.7,0.21,False
2026-07-09 03:00:00,Server Room,15.52,19.7,0.21,False
2026-07-09 03:00:00,Classrooms,10.27,19.7,0.21,False
2026-07-09 04:00:00,HVAC,24.33,21.2,0.04,False
2026-07-09 04:00:00,Lighting,12.39,21.2,0.04,False
2026-07-09 04:00:00,Labs,3.97,21.2,0.04,False
2026-07-09 04:00:00,Server Room,27.0,21.2,0.04,False
2026-07-09 04:00:00,Classrooms,8.08,21.2,0.04,False
2026-07-09 05:00:00,HVAC,43.28,24.0,0.07,False
2026-07-09 05:00:00,Lighting,6.23,24.0,0.07,False
2026-07-09 05:00:00,Labs,4.3,24.0,0.07,False
2026-07-09 05:00:00,Server Room,28.88,24.0,0.07,False
2026-07-09 05:00:00,Classrooms,3.48,24.0,0.07,False
2026-07-09 06:00:00,HVAC,43.2,23.5,0.1,False
2026-07-09 06:00:00,Lighting,16.51,23.5,0.1,False
2026-07-09 06:00:00,Labs,1.96,23.5,0.1,False
2026-07-09 06:00:00,Server Room,22.66,23.5,0.1,False
2026-07-09 06:00:00,Classrooms,8.04,23.5,0.1,False
2026-07-09 07:00:00,HVAC,50.06,24.5,0.2,False
2026-07-09 07:00:00,Lighting,8.51,24.5,0.2,False
2026-07-09 07:00:00,Labs,6.99,24.5,0.2,False
2026-07-09 07:00:00,Server Room,29.27,24.5,0.2,False
2026-07-09 07:00:00,Classrooms,13.08,24.5,0.2,False
2026-07-09 08:00:00,HVAC,91.69,28.6,0.97,False
2026-07-09 08:00:00,Lighting,26.95,28.6,0.97,False
2026-07-09 08:00:00,Labs,25.99,28.6,0.97,False
2026-07-09 08:00:00,Server Room,21.94,28.6,0.97,False
2026-07-09 08:00:00,Classrooms,22.41,28.6,0.97,False
2026-07-09 09:00:00,HVAC,61.72,23.9,0.63,False
2026-07-09 09:00:00,Lighting,19.42,23.9,0.63,False
2026-07-09 09:00:00,Labs,23.03,23.9,0.63,False
2026-07-09 09:00:00,Server Room,21.28,23.9,0.63,False
2026-07-09 09:00:00,Classrooms,12.78,23.9,0.63,False
2026-07-09 10:00:00,HVAC,87.86,28.2,0.87,False
2026-07-09 10:00:00,Lighting,24.22,28.2,0.87,False
2026-07-09 10:00:00,Labs,20.7,28.2,0.87,False
2026-07-09 10:00:00,Server Room,24.37,28.2,0.87,False
2026-07-09 10:00:00,Classrooms,21.02,28.2,0.87,False
2026-07-09 11:00:00,HVAC,105.78,31.7,0.85,False
2026-07-09 11:00:00,Lighting,19.14,31.7,0.85,False
2026-07-09 11:00:00,Labs,18.39,31.7,0.85,False
2026-07-09 11:00:00,Server Room,25.43,31.7,0.85,False
2026-07-09 11:00:00,Classrooms,16.39,31.7,0.85,False
2026-07-09 12:00:00,HVAC,111.07,32.3,0.98,False
2026-07-09 12:00:00,Lighting,26.94,32.3,0.98,False
2026-07-09 12:00:00,Labs,27.35,32.3,0.98,False
2026-07-09 12:00:00,Server Room,32.64,32.3,0.98,False
2026-07-09 12:00:00,Classrooms,23.8,32.3,0.98,False
2026-07-09 13:00:00,HVAC,101.52,31.2,0.85,False
2026-07-09 13:00:00,Lighting,20.24,31.2,0.85,False
2026-07-09 13:00:00,Labs,24.16,31.2,0.85,False
2026-07-09 13:00:00,Server Room,19.87,31.2,0.85,False
2026-07-09 13:00:00,Classrooms,20.4,31.2,0.85,False
2026-07-09 14:00:00,HVAC,109.81,32.4,0.91,False
2026-07-09 14:00:00,Lighting,23.65,32.4,0.91,False
2026-07-09 14:00:00,Labs,21.08,32.4,0.91,False
2026-07-09 14:00:00,Server Room,31.28,32.4,0.91,False
2026-07-09 14:00:00,Classrooms,20.63,32.4,0.91,False
2026-07-09 15:00:00,HVAC,107.43,31.6,0.9,False
2026-07-09 15:00:00,Lighting,25.37,31.6,0.9,False
2026-07-09 15:00:00,Labs,17.12,31.6,0.9,False
2026-07-09 15:00:00,Server Room,26.09,31.6,0.9,False
2026-07-09 15:00:00,Classrooms,21.95,31.6,0.9,False
2026-07-09 16:00:00,HVAC,86.01,30.4,0.5,False
2026-07-09 16:00:00,Lighting,16.54,30.4,0.5,False
2026-07-09 16:00:00,Labs,14.21,30.4,0.5,False
2026-07-09 16:00:00,Server Room,24.34,30.4,0.5,False
2026-07-09 16:00:00,Classrooms,14.31,30.4,0.5,False
2026-07-09 17:00:00,HVAC,78.39,28.1,0.56,False
2026-07-09 17:00:00,Lighting,16.05,28.1,0.56,False
2026-07-09 17:00:00,Labs,19.9,28.1,0.56,False
2026-07-09 17:00:00,Server Room,20.14,28.1,0.56,False
2026-07-09 17:00:00,Classrooms,12.72,28.1,0.56,False
2026-07-09 18:00:00,HVAC,74.43,27.1,0.59,False
2026-07-09 18:00:00,Lighting,13.44,27.1,0.59,False
2026-07-09 18:00:00,Labs,18.53,27.1,0.59,False
2026-07-09 18:00:00,Server Room,32.91,27.1,0.59,False
2026-07-09 18:00:00,Classrooms,11.98,27.1,0.59,False
2026-07-09 19:00:00,HVAC,47.66,26.0,0.02,False
2026-07-09 19:00:00,Lighting,9.47,26.0,0.02,False
2026-07-09 19:00:00,Labs,6.76,26.0,0.02,False
2026-07-09 19:00:00,Server Room,27.11,26.0,0.02,False
2026-07-09 19:00:00,Classrooms,3.07,26.0,0.02,False
2026-07-09 20:00:00,HVAC,54.67,25.9,0.12,False
2026-07-09 20:00:00,Lighting,15.37,25.9,0.12,False
2026-07-09 20:00:00,Labs,8.8,25.9,0.12,False
2026-07-09 20:00:00,Server Room,27.67,25.9,0.12,False
2026-07-09 20:00:00,Classrooms,3.92,25.9,0.12,False
2026-07-09 21:00:00,HVAC,39.22,22.4,0.13,False
2026-07-09 21:00:00,Lighting,12.16,22.4,0.13,False
2026-07-09 21:00:00,Labs,6.97,22.4,0.13,False
2026-07-09 21:00:00,Server Room,27.23,22.4,0.13,False
2026-07-09 21:00:00,Classrooms,4.79,22.4,0.13,False
2026-07-09 22:00:00,HVAC,38.64,23.3,0.03,False
2026-07-09 22:00:00,Lighting,15.78,23.3,0.03,False
2026-07-09 22:00:00,Labs,7.77,23.3,0.03,False
2026-07-09 22:00:00,Server Room,22.35,23.3,0.03,False
2026-07-09 22:00:00,Classrooms,4.75,23.3,0.03,False
2026-07-09 23:00:00,HVAC,7.79,17.4,0.01,False
2026-07-09 23:00:00,Lighting,7.9,17.4,0.01,False
2026-07-09 23:00:00,Labs,1.53,17.4,0.01,False
2026-07-09 23:00:00,Server Room,25.41,17.4,0.01,False
2026-07-09 23:00:00,Classrooms,7.83,17.4,0.01,False
2026-07-10 00:00:00,HVAC,18.56,19.5,0.02,False
2026-07-10 00:00:00,Lighting,11.91,19.5,0.02,False
2026-07-10 00:00:00,Labs,4.64,19.5,0.02,False
2026-07-10 00:00:00,Server Room,22.77,19.5,0.02,False
2026-07-10 00:00:00,Classrooms,11.74,19.5,0.02,False
2026-07-10 01:00:00,HVAC,41.94,23.2,0.26,False
2026-07-10 01:00:00,Lighting,11.69,23.2,0.26,False
2026-07-10 01:00:00,Labs,14.62,23.2,0.26,False
2026-07-10 01:00:00,Server Room,26.82,23.2,0.26,False
2026-07-10 01:00:00,Classrooms,5.57,23.2,0.26,False
2026-07-10 02:00:00,HVAC,18.21,18.2,0.15,False
2026-07-10 02:00:00,Lighting,14.1,18.2,0.15,False
2026-07-10 02:00:00,Labs,6.23,18.2,0.15,False
2026-07-10 02:00:00,Server Room,25.14,18.2,0.15,False
2026-07-10 02:00:00,Classrooms,7.54,18.2,0.15,False
2026-07-10 03:00:00,HVAC,33.09,20.7,0.18,False
2026-07-10 03:00:00,Lighting,13.86,20.7,0.18,False
2026-07-10 03:00:00,Labs,5.18,20.7,0.18,False
2026-07-10 03:00:00,Server Room,25.51,20.7,0.18,False
2026-07-10 03:00:00,Classrooms,9.69,20.7,0.18,False
2026-07-10 04:00:00,HVAC,20.31,19.9,0.02,False
2026-07-10 04:00:00,Lighting,8.03,19.9,0.02,False
2026-07-10 04:00:00,Labs,4.81,19.9,0.02,False
2026-07-10 04:00:00,Server Room,24.56,19.9,0.02,False
2026-07-10 04:00:00,Classrooms,7.73,19.9,0.02,False
2026-07-10 05:00:00,HVAC,42.39,24.3,0.09,False
2026-07-10 05:00:00,Lighting,9.88,24.3,0.09,False
2026-07-10 05:00:00,Labs,5.94,24.3,0.09,False
2026-07-10 05:00:00,Server Room,25.73,24.3,0.09,False
2026-07-10 05:00:00,Classrooms,7.79,24.3,0.09,False
2026-07-10 06:00:00,HVAC,50.75,25.2,0.17,False
2026-07-10 06:00:00,Lighting,16.23,25.2,0.17,False
2026-07-10 06:00:00,Labs,6.03,25.2,0.17,False
2026-07-10 06:00:00,Server Room,29.47,25.2,0.17,False
2026-07-10 06:00:00,Classrooms,4.26,25.2,0.17,False
2026-07-10 07:00:00,HVAC,45.42,23.0,0.22,False
2026-07-10 07:00:00,Lighting,17.86,23.0,0.22,False
2026-07-10 07:00:00,Labs,5.51,23.0,0.22,False
2026-07-10 07:00:00,Server Room,16.53,23.0,0.22,False
2026-07-10 07:00:00,Classrooms,7.04,23.0,0.22,False
2026-07-10 08:00:00,HVAC,71.14,26.3,0.76,False
2026-07-10 08:00:00,Lighting,18.65,26.3,0.76,False
2026-07-10 08:00:00,Labs,25.94,26.3,0.76,False
2026-07-10 08:00:00,Server Room,24.46,26.3,0.76,False
2026-07-10 08:00:00,Classrooms,14.91,26.3,0.76,False
2026-07-10 09:00:00,HVAC,84.53,27.0,0.89,False
2026-07-10 09:00:00,Lighting,15.89,27.0,0.89,False
2026-07-10 09:00:00,Labs,23.61,27.0,0.89,False
2026-07-10 09:00:00,Server Room,21.13,27.0,0.89,False
2026-07-10 09:00:00,Classrooms,21.19,27.0,0.89,False
2026-07-10 10:00:00,HVAC,83.52,27.4,0.88,False
2026-07-10 10:00:00,Lighting,25.34,27.4,0.88,False
2026-07-10 10:00:00,Labs,20.52,27.4,0.88,False
2026-07-10 10:00:00,Server Room,28.01,27.4,0.88,False
2026-07-10 10:00:00,Classrooms,14.48,27.4,0.88,False
2026-07-10 11:00:00,HVAC,93.9,30.2,0.85,False
2026-07-10 11:00:00,Lighting,29.67,30.2,0.85,False
2026-07-10 11:00:00,Labs,26.09,30.2,0.85,False
2026-07-10 11:00:00,Server Room,20.71,30.2,0.85,False
2026-07-10 11:00:00,Classrooms,13.33,30.2,0.85,False
2026-07-10 12:00:00,HVAC,97.45,32.9,0.68,False
2026-07-10 12:00:00,Lighting,22.52,32.9,0.68,False
2026-07-10 12:00:00,Labs,14.13,32.9,0.68,False
2026-07-10 12:00:00,Server Room,26.01,32.9,0.68,False
2026-07-10 12:00:00,Classrooms,21.24,32.9,0.68,False
2026-07-10 13:00:00,HVAC,118.56,35.4,0.72,False
2026-07-10 13:00:00,Lighting,19.12,35.4,0.72,False
2026-07-10 13:00:00,Labs,21.53,35.4,0.72,False
2026-07-10 13:00:00,Server Room,25.28,35.4,0.72,False
2026-07-10 13:00:00,Classrooms,14.25,35.4,0.72,False
2026-07-10 14:00:00,HVAC,102.08,32.0,0.67,False
2026-07-10 14:00:00,Lighting,22.3,32.0,0.67,False
2026-07-10 14:00:00,Labs,17.68,32.0,0.67,False
2026-07-10 14:00:00,Server Room,29.11,32.0,0.67,False
2026-07-10 14:00:00,Classrooms,16.49,32.0,0.67,False
2026-07-10 15:00:00,HVAC,102.87,34.1,0.55,False
2026-07-10 15:00:00,Lighting,14.68,34.1,0.55,False
2026-07-10 15:00:00,Labs,12.46,34.1,0.55,False
2026-07-10 15:00:00,Server Room,27.39,34.1,0.55,False
2026-07-10 15:00:00,Classrooms,13.69,34.1,0.55,False
2026-07-10 16:00:00,HVAC,82.18,28.2,0.71,False
2026-07-10 16:00:00,Lighting,19.95,28.2,0.71,False
2026-07-10 16:00:00,Labs,17.65,28.2,0.71,False
2026-07-10 16:00:00,Server Room,18.48,28.2,0.71,False
2026-07-10 16:00:00,Classrooms,17.25,28.2,0.71,False
2026-07-10 17:00:00,HVAC,75.56,27.9,0.56,False
2026-07-10 17:00:00,Lighting,21.54,27.9,0.56,False
2026-07-10 17:00:00,Labs,19.31,27.9,0.56,False
2026-07-10 17:00:00,Server Room,24.7,27.9,0.56,False
2026-07-10 17:00:00,Classrooms,17.81,27.9,0.56,False
2026-07-10 18:00:00,HVAC,84.71,28.7,0.73,False
2026-07-10 18:00:00,Lighting,16.89,28.7,0.73,False
2026-07-10 18:00:00,Labs,22.04,28.7,0.73,False
2026-07-10 18:00:00,Server Room,26.98,28.7,0.73,False
2026-07-10 18:00:00,Classrooms,22.41,28.7,0.73,False
2026-07-10 19:00:00,HVAC,66.35,27.9,0.28,False
2026-07-10 19:00:00,Lighting,13.72,27.9,0.28,False
2026-07-10 19:00:00,Labs,8.15,27.9,0.28,False
2026-07-10 19:00:00,Server Room,23.33,27.9,0.28,False
2026-07-10 19:00:00,Classrooms,11.46,27.9,0.28,False
2026-07-10 20:00:00,HVAC,68.19,28.4,0.25,False
2026-07-10 20:00:00,Lighting,13.17,28.4,0.25,False
2026-07-10 20:00:00,Labs,12.54,28.4,0.25,False
2026-07-10 20:00:00,Server Room,21.32,28.4,0.25,False
2026-07-10 20:00:00,Classrooms,15.24,28.4,0.25,False
2026-07-10 21:00:00,HVAC,55.52,25.2,0.3,False
2026-07-10 21:00:00,Lighting,14.17,25.2,0.3,False
2026-07-10 21:00:00,Labs,9.86,25.2,0.3,False
2026-07-10 21:00:00,Server Room,26.24,25.2,0.3,False
2026-07-10 21:00:00,Classrooms,10.66,25.2,0.3,False
2026-07-10 22:00:00,HVAC,46.66,24.3,0.08,False
2026-07-10 22:00:00,Lighting,11.12,24.3,0.08,False
2026-07-10 22:00:00,Labs,4.41,24.3,0.08,False
2026-07-10 22:00:00,Server Room,26.97,24.3,0.08,False
2026-07-10 22:00:00,Classrooms,9.83,24.3,0.08,False
2026-07-10 23:00:00,HVAC,29.32,21.1,0.11,False
2026-07-10 23:00:00,Lighting,13.46,21.1,0.11,False
2026-07-10 23:00:00,Labs,9.58,21.1,0.11,False
2026-07-10 23:00:00,Server Room,25.47,21.1,0.11,False
2026-07-10 23:00:00,Classrooms,0.0,21.1,0.11,False
2026-07-11 00:00:00,HVAC,31.74,22.1,0.12,True
2026-07-11 00:00:00,Lighting,12.86,22.1,0.12,True
2026-07-11 00:00:00,Labs,7.02,22.1,0.12,True
2026-07-11 00:00:00,Server Room,26.13,22.1,0.12,True
2026-07-11 00:00:00,Classrooms,7.2,22.1,0.12,True
2026-07-11 01:00:00,HVAC,20.18,20.4,0.02,True
2026-07-11 01:00:00,Lighting,6.47,20.4,0.02,True
2026-07-11 01:00:00,Labs,4.34,20.4,0.02,True
2026-07-11 01:00:00,Server Room,26.62,20.4,0.02,True
2026-07-11 01:00:00,Classrooms,0.55,20.4,0.02,True
2026-07-11 02:00:00,HVAC,27.61,20.8,0.06,True
2026-07-11 02:00:00,Lighting,12.14,20.8,0.06,True
2026-07-11 02:00:00,Labs,7.17,20.8,0.06,True
2026-07-11 02:00:00,Server Room,27.4,20.8,0.06,True
2026-07-11 02:00:00,Classrooms,10.83,20.8,0.06,True
2026-07-11 03:00:00,HVAC,23.11,21.0,0.09,True
2026-07-11 03:00:00,Lighting,12.01,21.0,0.09,True
2026-07-11 03:00:00,Labs,6.41,21.0,0.09,True
2026-07-11 03:00:00,Server Room,23.5,21.0,0.09,True
2026-07-11 03:00:00,Classrooms,1.5,21.0,0.09,True
2026-07-11 04:00:00,HVAC,25.4,20.0,0.17,True
2026-07-11 04:00:00,Lighting,8.47,20.0,0.17,True
2026-07-11 04:00:00,Labs,5.68,20.0,0.17,True
2026-07-11 04:00:00,Server Room,26.97,20.0,0.17,True
2026-07-11 04:00:00,Classrooms,5.71,20.0,0.17,True
2026-07-11 05:00:00,HVAC,23.75,20.7,0.08,True
2026-07-11 05:00:00,Lighting,6.49,20.7,0.08,True
2026-07-11 05:00:00,Labs,6.11,20.7,0.08,True
2026-07-11 05:00:00,Server Room,31.34,20.7,0.08,True
2026-07-11 05:00:00,Classrooms,8.47,20.7,0.08,True
2026-07-11 06:00:00,HVAC,46.76,23.8,0.15,True
2026-07-11 06:00:00,Lighting,11.46,23.8,0.15,True
2026-07-11 06:00:00,Labs,0.49,23.8,0.15,True
2026-07-11 06:00:00,Server Room,26.49,23.8,0.15,True
2026-07-11 06:00:00,Classrooms,7.21,23.8,0.15,True
2026-07-11 07:00:00,HVAC,47.65,24.6,0.17,True
2026-07-11 07:00:00,Lighting,11.82,24.6,0.17,True
2026-07-11 07:00:00,Labs,6.56,24.6,0.17,True
2026-07-11 07:00:00,Server Room,21.66,24.6,0.17,True
2026-07-11 07:00:00,Classrooms,1.81,24.6,0.17,True
2026-07-11 08:00:00,HVAC,52.48,26.2,0.09,True
2026-07-11 08:00:00,Lighting,8.74,26.2,0.09,True
2026-07-11 08:00:00,Labs,6.62,26.2,0.09,True
2026-07-11 08:00:00,Server Room,25.95,26.2,0.09,True
2026-07-11 08:00:00,Classrooms,5.69,26.2,0.09,True
2026-07-11 09:00:00,HVAC,60.23,27.9,0.07,True
2026-07-11 09:00:00,Lighting,15.8,27.9,0.07,True
2026-07-11 09:00:00,Labs,4.57,27.9,0.07,True
2026-07-11 09:00:00,Server Room,22.6,27.9,0.07,True
2026-07-11 09:00:00,Classrooms,3.7,27.9,0.07,True
2026-07-11 10:00:00,HVAC,59.5,27.4,0.12,True
2026-07-11 10:00:00,Lighting,14.71,27.4,0.12,True
2026-07-11 10:00:00,Labs,0.0,27.4,0.12,True
2026-07-11 10:00:00,Server Room,25.31,27.4,0.12,True
2026-07-11 10:00:00,Classrooms,3.36,27.4,0.12,True
2026-07-11 11:00:00,HVAC,60.68,28.0,0.07,True
2026-07-11 11:00:00,Lighting,11.81,28.0,0.07,True
2026-07-11 11:00:00,Labs,5.21,28.0,0.07,True
2026-07-11 11:00:00,Server Room,26.54,28.0,0.07,True
2026-07-11 11:00:00,Classrooms,5.39,28.0,0.07,True
2026-07-11 12:00:00,HVAC,73.65,30.8,0.12,True
2026-07-11 12:00:00,Lighting,12.02,30.8,0.12,True
2026-07-11 12:00:00,Labs,6.12,30.8,0.12,True
2026-07-11 12:00:00,Server Room,23.67,30.8,0.12,True
2026-07-11 12:00:00,Classrooms,4.43,30.8,0.12,True
2026-07-11 13:00:00,HVAC,86.6,32.6,0.15,True
2026-07-11 13:00:00,Lighting,11.24,32.6,0.15,True
2026-07-11 13:00:00,Labs,5.72,32.6,0.15,True
2026-07-11 13:00:00,Server Room,25.07,32.6,0.15,True
2026-07-11 13:00:00,Classrooms,4.8,32.6,0.15,True
2026-07-11 14:00:00,HVAC,95.43,34.4,0.13,True
2026-07-11 14:00:00,Lighting,11.12,34.4,0.13,True
2026-07-11 14:00:00,Labs,5.33,34.4,0.13,True
2026-07-11 14:00:00,Server Room,27.69,34.4,0.13,True
2026-07-11 14:00:00,Classrooms,3.52,34.4,0.13,True
2026-07-11 15:00:00,HVAC,100.7,34.5,0.11,True
2026-07-11 15:00:00,Lighting,10.69,34.5,0.11,True
2026-07-11 15:00:00,Labs,8.32,34.5,0.11,True
2026-07-11 15:00:00,Server Room,22.97,34.5,0.11,True
2026-07-11 15:00:00,Classrooms,2.26,34.5,0.11,True
2026-07-11 16:00:00,HVAC,85.09,32.2,0.16,True
2026-07-11 16:00:00,Lighting,13.82,32.2,0.16,True
2026-07-11 16:00:00,Labs,0.0,32.2,0.16,True
2026-07-11 16:00:00,Server Room,21.69,32.2,0.16,True
2026-07-11 16:00:00,Classrooms,4.67,32.2,0.16,True
2026-07-11 17:00:00,HVAC,64.69,28.0,0.04,True
2026-07-11 17:00:00,Lighting,8.85,28.0,0.04,True
2026-07-11 17:00:00,Labs,2.86,28.0,0.04,True
2026-07-11 17:00:00,Server Room,27.56,28.0,0.04,True
2026-07-11 17:00:00,Classrooms,4.95,28.0,0.04,True
2026-07-11 18:00:00,HVAC,50.27,25.9,0.08,True
2026-07-11 18:00:00,Lighting,12.38,25.9,0.08,True
2026-07-11 18:00:00,Labs,7.52,25.9,0.08,True
2026-07-11 18:00:00,Server Room,22.84,25.9,0.08,True
2026-07-11 18:00:00,Classrooms,6.16,25.9,0.08,True
2026-07-11 19:00:00,HVAC,81.37,29.8,0.14,True
2026-07-11 19:00:00,Lighting,12.98,29.8,0.14,True
2026-07-11 19:00:00,Labs,4.62,29.8,0.14,True
2026-07-11 19:00:00,Server Room,22.67,29.8,0.14,True
2026-07-11 19:00:00,Classrooms,5.08,29.8,0.14,True
2026-07-11 20:00:00,HVAC,50.28,25.2,0.18,True
2026-07-11 20:00:00,Lighting,14.7,25.2,0.18,True
2026-07-11 20:00:00,Labs,9.02,25.2,0.18,True
2026-07-11 20:00:00,Server Room,21.45,25.2,0.18,True
2026-07-11 20:00:00,Classrooms,4.75,25.2,0.18,True
2026-07-11 21:00:00,HVAC,49.82,25.7,0.13,True
2026-07-11 21:00:00,Lighting,12.23,25.7,0.13,True
2026-07-11 21:00:00,Labs,4.09,25.7,0.13,True
2026-07-11 21:00:00,Server Room,30.07,25.7,0.13,True
2026-07-11 21:00:00,Classrooms,3.52,25.7,0.13,True
2026-07-11 22:00:00,HVAC,34.02,23.2,0.06,True
2026-07-11 22:00:00,Lighting,14.21,23.2,0.06,True
2026-07-11 22:00:00,Labs,5.41,23.2,0.06,True
2026-07-11 22:00:00,Server Room,24.18,23.2,0.06,True
2026-07-11 22:00:00,Classrooms,4.22,23.2,0.06,True
2026-07-11 23:00:00,HVAC,18.74,19.5,0.11,True
2026-07-11 23:00:00,Lighting,15.6,19.5,0.11,True
2026-07-11 23:00:00,Labs,6.15,19.5,0.11,True
2026-07-11 23:00:00,Server Room,26.72,19.5,0.11,True
2026-07-11 23:00:00,Classrooms,0.75,19.5,0.11,True
2026-07-12 00:00:00,HVAC,12.72,18.1,0.08,True
2026-07-12 00:00:00,Lighting,14.34,18.1,0.08,True
2026-07-12 00:00:00,Labs,1.61,18.1,0.08,True
2026-07-12 00:00:00,Server Room,29.68,18.1,0.08,True
2026-07-12 00:00:00,Classrooms,5.92,18.1,0.08,True
2026-07-12 01:00:00,HVAC,10.58,16.4,0.2,True
2026-07-12 01:00:00,Lighting,16.75,16.4,0.2,True
2026-07-12 01:00:00,Labs,9.44,16.4,0.2,True
2026-07-12 01:00:00,Server Room,28.91,16.4,0.2,True
2026-07-12 01:00:00,Classrooms,1.77,16.4,0.2,True
2026-07-12 02:00:00,HVAC,26.41,21.6,0.06,True
2026-07-12 02:00:00,Lighting,11.31,21.6,0.06,True
2026-07-12 02:00:00,Labs,7.55,21.6,0.06,True
2026-07-12 02:00:00,Server Room,20.54,21.6,0.06,True
2026-07-12 02:00:00,Classrooms,3.93,21.6,0.06,True
2026-07-12 03:00:00,HVAC,41.29,21.9,0.12,True
2026-07-12 03:00:00,Lighting,14.4,21.9,0.12,True
2026-07-12 03:00:00,Labs,0.13,21.9,0.12,True
2026-07-12 03:00:00,Server Room,22.93,21.9,0.12,True
2026-07-12 03:00:00,Classrooms,7.14,21.9,0.12,True
2026-07-12 04:00:00,HVAC,30.59,21.0,0.14,True
2026-07-12 04:00:00,Lighting,10.62,21.0,0.14,True
2026-07-12 04:00:00,Labs,7.3,21.0,0.14,True
2026-07-12 04:00:00,Server Room,19.58,21.0,0.14,True
2026-07-12 04:00:00,Classrooms,1.57,21.0,0.14,True
2026-07-12 05:00:00,HVAC,23.53,20.0,0.13,True
2026-07-12 05:00:00,Lighting,10.23,20.0,0.13,True
2026-07-12 05:00:00,Labs,8.88,20.0,0.13,True
2026-07-12 05:00:00,Server Room,24.3,20.0,0.13,True
2026-07-12 05:00:00,Classrooms,6.38,20.0,0.13,True
2026-07-12 06:00:00,HVAC,43.41,24.0,0.03,True
2026-07-12 06:00:00,Lighting,7.47,24.0,0.03,True
2026-07-12 06:00:00,Labs,6.09,24.0,0.03,True
2026-07-12 06:00:00,Server Room,21.68,24.0,0.03,True
2026-07-12 06:00:00,Classrooms,7.16,24.0,0.03,True
2026-07-12 07:00:00,HVAC,40.13,22.9,0.14,True
2026-07-12 07:00:00,Lighting,14.63,22.9,0.14,True
2026-07-12 07:00:00,Labs,3.46,22.9,0.14,True
2026-07-12 07:00:00,Server Room,22.17,22.9,0.14,True
2026-07-12 07:00:00,Classrooms,2.39,22.9,0.14,True
2026-07-12 08:00:00,HVAC,58.58,26.7,0.04,True
2026-07-12 08:00:00,Lighting,9.43,26.7,0.04,True
2026-07-12 08:00:00,Labs,3.52,26.7,0.04,True
2026-07-12 08:00:00,Server Room,26.51,26.7,0.04,True
2026-07-12 08:00:00,Classrooms,5.34,26.7,0.04,True
2026-07-12 09:00:00,HVAC,57.13,27.6,0.09,True
2026-07-12 09:00:00,Lighting,5.15,27.6,0.09,True
2026-07-12 09:00:00,Labs,5.13,27.6,0.09,True
2026-07-12 09:00:00,Server Room,28.0,27.6,0.09,True
2026-07-12 09:00:00,Classrooms,5.95,27.6,0.09,True
2026-07-12 10:00:00,HVAC,77.25,31.0,0.06,True
2026-07-12 10:00:00,Lighting,9.5,31.0,0.06,True
2026-07-12 10:00:00,Labs,5.3,31.0,0.06,True
2026-07-12 10:00:00,Server Room,23.16,31.0,0.06,True
2026-07-12 10:00:00,Classrooms,6.01,31.0,0.06,True
2026-07-12 11:00:00,HVAC,81.25,32.4,0.06,True
2026-07-12 11:00:00,Lighting,9.94,32.4,0.06,True
2026-07-12 11:00:00,Labs,8.81,32.4,0.06,True
2026-07-12 11:00:00,Server Room,24.4,32.4,0.06,True
2026-07-12 11:00:00,Classrooms,4.66,32.4,0.06,True
2026-07-12 12:00:00,HVAC,89.84,33.0,0.17,True
2026-07-12 12:00:00,Lighting,15.62,33.0,0.17,True
2026-07-12 12:00:00,Labs,8.6,33.0,0.17,True
2026-07-12 12:00:00,Server Room,28.58,33.0,0.17,True
2026-07-12 12:00:00,Classrooms,5.38,33.0,0.17,True
2026-07-12 13:00:00,HVAC,71.17,29.6,0.2,True
2026-07-12 13:00:00,Lighting,12.88,29.6,0.2,True
2026-07-12 13:00:00,Labs,2.43,29.6,0.2,True
2026-07-12 13:00:00,Server Room,24.76,29.6,0.2,True
2026-07-12 13:00:00,Classrooms,4.31,29.6,0.2,True
2026-07-12 14:00:00,HVAC,88.31,34.4,0.1,True
2026-07-12 14:00:00,Lighting,7.28,34.4,0.1,True
2026-07-12 14:00:00,Labs,6.01,34.4,0.1,True
2026-07-12 14:00:00,Server Room,27.6,34.4,0.1,True
2026-07-12 14:00:00,Classrooms,6.11,34.4,0.1,True
2026-07-12 15:00:00,HVAC,74.09,29.7,0.08,True
2026-07-12 15:00:00,Lighting,1.82,29.7,0.08,True
2026-07-12 15:00:00,Labs,7.43,29.7,0.08,True
2026-07-12 15:00:00,Server Room,23.21,29.7,0.08,True
2026-07-12 15:00:00,Classrooms,0.0,29.7,0.08,True
2026-07-12 16:00:00,HVAC,86.54,32.8,0.09,True
2026-07-12 16:00:00,Lighting,12.47,32.8,0.09,True
2026-07-12 16:00:00,Labs,4.41,32.8,0.09,True
2026-07-12 16:00:00,Server Room,25.65,32.8,0.09,True
2026-07-12 16:00:00,Classrooms,2.43,32.8,0.09,True
2026-07-12 17:00:00,HVAC,85.68,32.6,0.12,True
2026-07-12 17:00:00,Lighting,9.7,32.6,0.12,True
2026-07-12 17:00:00,Labs,8.81,32.6,0.12,True
2026-07-12 17:00:00,Server Room,23.19,32.6,0.12,True
2026-07-12 17:00:00,Classrooms,7.7,32.6,0.12,True
2026-07-12 18:00:00,HVAC,60.46,27.4,0.1,True
2026-07-12 18:00:00,Lighting,10.59,27.4,0.1,True
2026-07-12 18:00:00,Labs,8.01,27.4,0.1,True
2026-07-12 18:00:00,Server Room,25.65,27.4,0.1,True
2026-07-12 18:00:00,Classrooms,5.97,27.4,0.1,True
2026-07-12 19:00:00,HVAC,57.73,27.1,0.08,True
2026-07-12 19:00:00,Lighting,13.37,27.1,0.08,True
2026-07-12 19:00:00,Labs,3.41,27.1,0.08,True
2026-07-12 19:00:00,Server Room,26.37,27.1,0.08,True
2026-07-12 19:00:00,Classrooms,6.27,27.1,0.08,True
2026-07-12 20:00:00,HVAC,51.38,26.4,0.07,True
2026-07-12 20:00:00,Lighting,9.39,26.4,0.07,True
2026-07-12 20:00:00,Labs,3.17,26.4,0.07,True
2026-07-12 20:00:00,Server Room,26.58,26.4,0.07,True
2026-07-12 20:00:00,Classrooms,9.15,26.4,0.07,True
2026-07-12 21:00:00,HVAC,50.19,24.7,0.2,True
2026-07-12 21:00:00,Lighting,11.89,24.7,0.2,True
2026-07-12 21:00:00,Labs,1.61,24.7,0.2,True
2026-07-12 21:00:00,Server Room,27.39,24.7,0.2,True
2026-07-12 21:00:00,Classrooms,4.24,24.7,0.2,True
2026-07-12 22:00:00,HVAC,43.55,23.8,0.07,True
2026-07-12 22:00:00,Lighting,13.11,23.8,0.07,True
2026-07-12 22:00:00,Labs,0.42,23.8,0.07,True
2026-07-12 22:00:00,Server Room,22.04,23.8,0.07,True
2026-07-12 22:00:00,Classrooms,0.0,23.8,0.07,True
2026-07-12 23:00:00,HVAC,14.21,19.1,0.01,True
2026-07-12 23:00:00,Lighting,11.55,19.1,0.01,True
2026-07-12 23:00:00,Labs,5.98,19.1,0.01,True
2026-07-12 23:00:00,Server Room,21.27,19.1,0.01,True
2026-07-12 23:00:00,Classrooms,5.23,19.1,0.01,True
2026-07-13 00:00:00,HVAC,30.55,20.4,0.26,False
2026-07-13 00:00:00,Lighting,8.59,20.4,0.26,False
2026-07-13 00:00:00,Labs,9.64,20.4,0.26,False
2026-07-13 00:00:00,Server Room,23.58,20.4,0.26,False
2026-07-13 00:00:00,Classrooms,10.15,20.4,0.26,False
2026-07-13 01:00:00,HVAC,27.59,20.9,0.05,False
2026-07-13 01:00:00,Lighting,9.04,20.9,0.05,False
2026-07-13 01:00:00,Labs,6.21,20.9,0.05,False
2026-07-13 01:00:00,Server Room,25.01,20.9,0.05,False
2026-07-13 01:00:00,Classrooms,7.06,20.9,0.05,False
2026-07-13 02:00:00,HVAC,20.31,19.3,0.19,False
2026-07-13 02:00:00,Lighting,7.53,19.3,0.19,False
2026-07-13 02:00:00,Labs,6.74,19.3,0.19,False
2026-07-13 02:00:00,Server Room,23.54,19.3,0.19,False
2026-07-13 02:00:00,Classrooms,12.51,19.3,0.19,False
2026-07-13 03:00:00,HVAC,22.86,19.2,0.22,False
2026-07-13 03:00:00,Lighting,8.06,19.2,0.22,False
2026-07-13 03:00:00,Labs,5.93,19.2,0.22,False
2026-07-13 03:00:00,Server Room,19.8,19.2,0.22,False
2026-07-13 03:00:00,Classrooms,7.22,19.2,0.22,False
2026-07-13 04:00:00,HVAC,29.45,20.4,0.26,False
2026-07-13 04:00:00,Lighting,16.76,20.4,0.26,False
2026-07-13 04:00:00,Labs,12.62,20.4,0.26,False
2026-07-13 04:00:00,Server Room,33.13,20.4,0.26,False
2026-07-13 04:00:00,Classrooms,7.33,20.4,0.26,False
2026-07-13 05:00:00,HVAC,31.45,20.7,0.28,False
2026-07-13 05:00:00,Lighting,19.26,20.7,0.28,False
2026-07-13 05:00:00,Labs,6.24,20.7,0.28,False
2026-07-13 05:00:00,Server Room,28.51,20.7,0.28,False
2026-07-13 05:00:00,Classrooms,9.15,20.7,0.28,False
2026-07-13 06:00:00,HVAC,33.94,22.3,0.07,False
2026-07-13 06:00:00,Lighting,8.15,22.3,0.07,False
2026-07-13 06:00:00,Labs,3.73,22.3,0.07,False
2026-07-13 06:00:00,Server Room,22.46,22.3,0.07,False
2026-07-13 06:00:00,Classrooms,5.36,22.3,0.07,False
2026-07-13 07:00:00,HVAC,45.55,24.8,0.03,False
2026-07-13 07:00:00,Lighting,8.33,24.8,0.03,False
2026-07-13 07:00:00,Labs,2.01,24.8,0.03,False
2026-07-13 07:00:00,Server Room,24.68,24.8,0.03,False
2026-07-13 07:00:00,Classrooms,8.97,24.8,0.03,False
2026-07-13 08:00:00,HVAC,67.42,24.9,0.74,False
2026-07-13 08:00:00,Lighting,23.59,24.9,0.74,False
2026-07-13 08:00:00,Labs,21.34,24.9,0.74,False
2026-07-13 08:00:00,Server Room,32.71,24.9,0.74,False
2026-07-13 08:00:00,Classrooms,20.66,24.9,0.74,False
2026-07-13 09:00:00,HVAC,91.87,29.5,0.86,False
2026-07-13 09:00:00,Lighting,21.05,29.5,0.86,False
2026-07-13 09:00:00,Labs,23.54,29.5,0.86,False
2026-07-13 09:00:00,Server Room,24.62,29.5,0.86,False
2026-07-13 09:00:00,Classrooms,17.17,29.5,0.86,False
2026-07-13 10:00:00,HVAC,82.94,27.8,0.69,False
2026-07-13 10:00:00,Lighting,24.43,27.8,0.69,False
2026-07-13 10:00:00,Labs,21.68,27.8,0.69,False
2026-07-13 10:00:00,Server Room,27.51,27.8,0.69,False
2026-07-13 10:00:00,Classrooms,21.15,27.8,0.69,False
2026-07-13 11:00:00,HVAC,95.39,32.1,0.52,False
2026-07-13 11:00:00,Lighting,16.98,32.1,0.52,False
2026-07-13 11:00:00,Labs,16.53,32.1,0.52,False
2026-07-13 11:00:00,Server Room,27.95,32.1,0.52,False
2026-07-13 11:00:00,Classrooms,13.27,32.1,0.52,False
2026-07-13 12:00:00,HVAC,106.46,33.5,0.57,False
2026-07-13 12:00:00,Lighting,24.02,33.5,0.57,False
2026-07-13 12:00:00,Labs,16.43,33.5,0.57,False
2026-07-13 12:00:00,Server Room,28.95,33.5,0.57,False
2026-07-13 12:00:00,Classrooms,12.69,33.5,0.57,False
2026-07-13 13:00:00,HVAC,108.93,33.2,0.75,False
2026-07-13 13:00:00,Lighting,19.48,33.2,0.75,False
2026-07-13 13:00:00,Labs,24.19,33.2,0.75,False
2026-07-13 13:00:00,Server Room,25.8,33.2,0.75,False
2026-07-13 13:00:00,Classrooms,21.03,33.2,0.75,False
2026-07-13 14:00:00,HVAC,110.68,33.1,0.87,False
2026-07-13 14:00:00,Lighting,21.87,33.1,0.87,False
2026-07-13 14:00:00,Labs,21.25,33.1,0.87,False
2026-07-13 14:00:00,Server Room,15.8,33.1,0.87,False
2026-07-13 14:00:00,Classrooms,20.97,33.1,0.87,False
2026-07-13 15:00:00,HVAC,103.11,32.3,0.89,False
2026-07-13 15:00:00,Lighting,20.86,32.3,0.89,False
2026-07-13 15:00:00,Labs,19.36,32.3,0.89,False
2026-07-13 15:00:00,Server Room,32.73,32.3,0.89,False
2026-07-13 15:00:00,Classrooms,22.63,32.3,0.89,False
2026-07-13 16:00:00,HVAC,96.62,31.6,0.63,False
2026-07-13 16:00:00,Lighting,19.53,31.6,0.63,False
2026-07-13 16:00:00,Labs,15.16,31.6,0.63,False
2026-07-13 16:00:00,Server Room,32.63,31.6,0.63,False
2026-07-13 16:00:00,Classrooms,16.79,31.6,0.63,False
2026-07-13 17:00:00,HVAC,102.57,30.9,0.58,False
2026-07-13 17:00:00,Lighting,21.69,30.9,0.58,False
2026-07-13 17:00:00,Labs,17.32,30.9,0.58,False
2026-07-13 17:00:00,Server Room,17.89,30.9,0.58,False
2026-07-13 17:00:00,Classrooms,18.19,30.9,0.58,False
2026-07-13 18:00:00,HVAC,88.36,28.4,0.81,False
2026-07-13 18:00:00,Lighting,21.14,28.4,0.81,False
2026-07-13 18:00:00,Labs,22.38,28.4,0.81,False
2026-07-13 18:00:00,Server Room,30.12,28.4,0.81,False
2026-07-13 18:00:00,Classrooms,18.39,28.4,0.81,False
2026-07-13 19:00:00,HVAC,64.31,28.0,0.07,False
2026-07-13 19:00:00,Lighting,10.53,28.0,0.07,False
2026-07-13 19:00:00,Labs,8.42,28.0,0.07,False
2026-07-13 19:00:00,Server Room,23.5,28.0,0.07,False
2026-07-13 19:00:00,Classrooms,5.45,28.0,0.07,False
2026-07-13 20:00:00,HVAC,44.79,24.2,0.15,False
2026-07-13 20:00:00,Lighting,8.42,24.2,0.15,False
2026-07-13 20:00:00,Labs,7.6,24.2,0.15,False
2026-07-13 20:00:00,Server Room,22.04,24.2,0.15,False
2026-07-13 20:00:00,Classrooms,11.67,24.2,0.15,False
2026-07-13 21:00:00,HVAC,37.93,23.7,0.08,False
2026-07-13 21:00:00,Lighting,9.42,23.7,0.08,False
2026-07-13 21:00:00,Labs,4.13,23.7,0.08,False
2026-07-13 21:00:00,Server Room,19.59,23.7,0.08,False
2026-07-13 21:00:00,Classrooms,2.61,23.7,0.08,False
2026-07-13 22:00:00,HVAC,40.15,24.1,0.04,False
2026-07-13 22:00:00,Lighting,12.84,24.1,0.04,False
2026-07-13 22:00:00,Labs,10.33,24.1,0.04,False
2026-07-13 22:00:00,Server Room,27.77,24.1,0.04,False
2026-07-13 22:00:00,Classrooms,3.55,24.1,0.04,False
2026-07-13 23:00:00,HVAC,42.71,22.4,0.28,False
2026-07-13 23:00:00,Lighting,14.57,22.4,0.28,False
2026-07-13 23:00:00,Labs,11.81,22.4,0.28,False
2026-07-13 23:00:00,Server Room,19.56,22.4,0.28,False
2026-07-13 23:00:00,Classrooms,4.16,22.4,0.28,False
2026-07-14 00:00:00,HVAC,21.38,20.2,0.09,False
2026-07-14 00:00:00,Lighting,11.07,20.2,0.09,False
2026-07-14 00:00:00,Labs,5.85,20.2,0.09,False
2026-07-14 00:00:00,Server Room,21.48,20.2,0.09,False
2026-07-14 00:00:00,Classrooms,2.84,20.2,0.09,False
2026-07-14 01:00:00,HVAC,30.61,20.9,0.08,False
2026-07-14 01:00:00,Lighting,6.42,20.9,0.08,False
2026-07-14 01:00:00,Labs,7.63,20.9,0.08,False
2026-07-14 01:00:00,Server Room,29.51,20.9,0.08,False
2026-07-14 01:00:00,Classrooms,7.18,20.9,0.08,False
2026-07-14 02:00:00,HVAC,3.8,16.2,0.14,False
2026-07-14 02:00:00,Lighting,14.02,16.2,0.14,False
2026-07-14 02:00:00,Labs,7.53,16.2,0.14,False
2026-07-14 02:00:00,Server Room,25.81,16.2,0.14,False
2026-07-14 02:00:00,Classrooms,9.11,16.2,0.14,False
2026-07-14 03:00:00,HVAC,26.64,20.1,0.07,False
2026-07-14 03:00:00,Lighting,12.55,20.1,0.07,False
2026-07-14 03:00:00,Labs,6.16,20.1,0.07,False
2026-07-14 03:00:00,Server Room,27.75,20.1,0.07,False
2026-07-14 03:00:00,Classrooms,14.6,20.1,0.07,False
2026-07-14 04:00:00,HVAC,37.75,20.2,0.3,False
2026-07-14 04:00:00,Lighting,18.29,20.2,0.3,False
2026-07-14 04:00:00,Labs,7.93,20.2,0.3,False
2026-07-14 04:00:00,Server Room,23.73,20.2,0.3,False
2026-07-14 04:00:00,Classrooms,12.7,20.2,0.3,False
2026-07-14 05:00:00,HVAC,26.84,20.3,0.28,False
2026-07-14 05:00:00,Lighting,17.06,20.3,0.28,False
2026-07-14 05:00:00,Labs,9.99,20.3,0.28,False
2026-07-14 05:00:00,Server Room,24.46,20.3,0.28,False
2026-07-14 05:00:00,Classrooms,11.3,20.3,0.28,False
2026-07-14 06:00:00,HVAC,34.95,21.3,0.25,False
2026-07-14 06:00:00,Lighting,15.45,21.3,0.25,False
2026-07-14 06:00:00,Labs,10.92,21.3,0.25,False
2026-07-14 06:00:00,Server Room,23.52,21.3,0.25,False
2026-07-14 06:00:00,Classrooms,10.18,21.3,0.25,False
2026-07-14 07:00:00,HVAC,57.25,26.7,0.1,False
2026-07-14 07:00:00,Lighting,9.62,26.7,0.1,False
2026-07-14 07:00:00,Labs,3.61,26.7,0.1,False
2026-07-14 07:00:00,Server Room,23.8,26.7,0.1,False
2026-07-14 07:00:00,Classrooms,9.42,26.7,0.1,False
2026-07-14 08:00:00,HVAC,78.97,27.3,0.78,False
2026-07-14 08:00:00,Lighting,23.17,27.3,0.78,False
2026-07-14 08:00:00,Labs,22.4,27.3,0.78,False
2026-07-14 08:00:00,Server Room,21.2,27.3,0.78,False
2026-07-14 08:00:00,Classrooms,14.74,27.3,0.78,False
2026-07-14 09:00:00,HVAC,93.34,29.8,0.78,False
2026-07-14 09:00:00,Lighting,21.8,29.8,0.78,False
2026-07-14 09:00:00,Labs,20.31,29.8,0.78,False
2026-07-14 09:00:00,Server Room,23.22,29.8,0.78,False
2026-07-14 09:00:00,Classrooms,15.43,29.8,0.78,False
2026-07-14 10:00:00,HVAC,95.72,29.8,0.76,False
2026-07-14 10:00:00,Lighting,21.98,29.8,0.76,False
2026-07-14 10:00:00,Labs,14.43,29.8,0.76,False
2026-07-14 10:00:00,Server Room,30.07,29.8,0.76,False
2026-07-14 10:00:00,Classrooms,16.68,29.8,0.76,False
2026-07-14 11:00:00,HVAC,94.95,31.1,0.73,False
2026-07-14 11:00:00,Lighting,19.3,31.1,0.73,False
2026-07-14 11:00:00,Labs,18.53,31.1,0.73,False
2026-07-14 11:00:00,Server Room,26.09,31.1,0.73,False
2026-07-14 11:00:00,Classrooms,23.88,31.1,0.73,False
2026-07-14 12:00:00,HVAC,90.53,28.2,0.94,False
2026-07-14 12:00:00,Lighting,19.78,28.2,0.94,False
2026-07-14 12:00:00,Labs,23.93,28.2,0.94,False
2026-07-14 12:00:00,Server Room,25.9,28.2,0.94,False
2026-07-14 12:00:00,Classrooms,20.52,28.2,0.94,False
2026-07-14 13:00:00,HVAC,93.29,30.6,0.84,False
2026-07-14 13:00:00,Lighting,28.13,30.6,0.84,False
2026-07-14 13:00:00,Labs,21.44,30.6,0.84,False
2026-07-14 13:00:00,Server Room,23.49,30.6,0.84,False
2026-07-14 13:00:00,Classrooms,18.57,30.6,0.84,False
2026-07-14 14:00:00,HVAC,88.24,30.5,0.57,False
2026-07-14 14:00:00,Lighting,22.58,30.5,0.57,False
2026-07-14 14:00:00,Labs,16.44,30.5,0.57,False
2026-07-14 14:00:00,Server Room,25.27,30.5,0.57,False
2026-07-14 14:00:00,Classrooms,15.6,30.5,0.57,False
2026-07-14 15:00:00,HVAC,104.05,31.6,1.0,False
2026-07-14 15:00:00,Lighting,20.83,31.6,1.0,False
2026-07-14 15:00:00,Labs,20.51,31.6,1.0,False
2026-07-14 15:00:00,Server Room,21.04,31.6,1.0,False
2026-07-14 15:00:00,Classrooms,26.54,31.6,1.0,False
2026-07-14 16:00:00,HVAC,73.78,28.4,0.51,False
2026-07-14 16:00:00,Lighting,16.73,28.4,0.51,False
2026-07-14 16:00:00,Labs,12.86,28.4,0.51,False
2026-07-14 16:00:00,Server Room,20.16,28.4,0.51,False
2026-07-14 16:00:00,Classrooms,9.95,28.4,0.51,False
2026-07-14 17:00:00,HVAC,100.96,30.3,0.98,False
2026-07-14 17:00:00,Lighting,22.86,30.3,0.98,False
2026-07-14 17:00:00,Labs,20.47,30.3,0.98,False
2026-07-14 17:00:00,Server Room,27.03,30.3,0.98,False
2026-07-14 17:00:00,Classrooms,21.63,30.3,0.98,False
2026-07-14 18:00:00,HVAC,86.14,28.5,0.89,False
2026-07-14 18:00:00,Lighting,23.69,28.5,0.89,False
2026-07-14 18:00:00,Labs,22.96,28.5,0.89,False
2026-07-14 18:00:00,Server Room,23.35,28.5,0.89,False
2026-07-14 18:00:00,Classrooms,19.74,28.5,0.89,False
2026-07-14 19:00:00,HVAC,75.24,28.6,0.28,False
2026-07-14 19:00:00,Lighting,12.88,28.6,0.28,False
2026-07-14 19:00:00,Labs,10.46,28.6,0.28,False
2026-07-14 19:00:00,Server Room,23.52,28.6,0.28,False
2026-07-14 19:00:00,Classrooms,7.68,28.6,0.28,False
2026-07-14 20:00:00,HVAC,48.55,25.7,0.06,False
2026-07-14 20:00:00,Lighting,15.71,25.7,0.06,False
2026-07-14 20:00:00,Labs,4.9,25.7,0.06,False
2026-07-14 20:00:00,Server Room,19.24,25.7,0.06,False
2026-07-14 20:00:00,Classrooms,1.45,25.7,0.06,False
2026-07-14 21:00:00,HVAC,41.83,23.4,0.07,False
2026-07-14 21:00:00,Lighting,13.23,23.4,0.07,False
2026-07-14 21:00:00,Labs,7.14,23.4,0.07,False
2026-07-14 21:00:00,Server Room,24.18,23.4,0.07,False
2026-07-14 21:00:00,Classrooms,0.9,23.4,0.07,False
2026-07-14 22:00:00,HVAC,28.29,20.7,0.27,False
2026-07-14 22:00:00,Lighting,14.02,20.7,0.27,False
2026-07-14 22:00:00,Labs,12.03,20.7,0.27,False
2026-07-14 22:00:00,Server Room,22.55,20.7,0.27,False
2026-07-14 22:00:00,Classrooms,7.91,20.7,0.27,False
2026-07-14 23:00:00,HVAC,26.17,20.8,0.03,False
2026-07-14 23:00:00,Lighting,15.02,20.8,0.03,False
2026-07-14 23:00:00,Labs,9.38,20.8,0.03,False
2026-07-14 23:00:00,Server Room,32.1,20.8,0.03,False
2026-07-14 23:00:00,Classrooms,4.69,20.8,0.03,False
2026-07-15 00:00:00,HVAC,30.35,21.2,0.04,False
2026-07-15 00:00:00,Lighting,11.42,21.2,0.04,False
2026-07-15 00:00:00,Labs,7.22,21.2,0.04,False
2026-07-15 00:00:00,Server Room,28.15,21.2,0.04,False
2026-07-15 00:00:00,Classrooms,4.69,21.2,0.04,False
2026-07-15 01:00:00,HVAC,29.21,20.6,0.26,False
2026-07-15 01:00:00,Lighting,14.4,20.6,0.26,False
2026-07-15 01:00:00,Labs,11.02,20.6,0.26,False
2026-07-15 01:00:00,Server Room,28.2,20.6,0.26,False
2026-07-15 01:00:00,Classrooms,10.53,20.6,0.26,False
2026-07-15 02:00:00,HVAC,24.2,19.9,0.26,False
2026-07-15 02:00:00,Lighting,11.18,19.9,0.26,False
2026-07-15 02:00:00,Labs,8.17,19.9,0.26,False
2026-07-15 02:00:00,Server Room,29.25,19.9,0.26,False
2026-07-15 02:00:00,Classrooms,11.39,19.9,0.26,False
2026-07-15 03:00:00,HVAC,18.21,20.0,0.12,False
2026-07-15 03:00:00,Lighting,10.78,20.0,0.12,False
2026-07-15 03:00:00,Labs,5.78,20.0,0.12,False
2026-07-15 03:00:00,Server Room,18.01,20.0,0.12,False
2026-07-15 03:00:00,Classrooms,5.33,20.0,0.12,False
2026-07-15 04:00:00,HVAC,27.33,19.7,0.25,False
2026-07-15 04:00:00,Lighting,9.26,19.7,0.25,False
2026-07-15 04:00:00,Labs,3.27,19.7,0.25,False
2026-07-15 04:00:00,Server Room,24.34,19.7,0.25,False
2026-07-15 04:00:00,Classrooms,4.67,19.7,0.25,False
2026-07-15 05:00:00,HVAC,19.79,19.1,0.0,False
2026-07-15 05:00:00,Lighting,9.38,19.1,0.0,False
2026-07-15 05:00:00,Labs,0.0,19.1,0.0,False
2026-07-15 05:00:00,Server Room,26.23,19.1,0.0,False
2026-07-15 05:00:00,Classrooms,4.08,19.1,0.0,False
2026-07-15 06:00:00,HVAC,29.28,22.3,0.11,False
2026-07-15 06:00:00,Lighting,8.89,22.3,0.11,False
2026-07-15 06:00:00,Labs,9.68,22.3,0.11,False
2026-07-15 06:00:00,Server Room,32.47,22.3,0.11,False
2026-07-15 06:00:00,Classrooms,5.29,22.3,0.11,False
2026-07-15 07:00:00,HVAC,49.4,25.7,0.14,False
2026-07-15 07:00:00,Lighting,17.68,25.7,0.14,False
2026-07-15 07:00:00,Labs,8.18,25.7,0.14,False
2026-07-15 07:00:00,Server Room,25.53,25.7,0.14,False
2026-07-15 07:00:00,Classrooms,2.76,25.7,0.14,False
2026-07-15 08:00:00,HVAC,75.58,26.5,0.65,False
2026-07-15 08:00:00,Lighting,27.35,26.5,0.65,False
2026-07-15 08:00:00,Labs,23.51,26.5,0.65,False
2026-07-15 08:00:00,Server Room,25.95,26.5,0.65,False
2026-07-15 08:00:00,Classrooms,20.0,26.5,0.65,False
2026-07-15 09:00:00,HVAC,80.66,28.1,0.74,False
2026-07-15 09:00:00,Lighting,23.16,28.1,0.74,False
2026-07-15 09:00:00,Labs,22.83,28.1,0.74,False
2026-07-15 09:00:00,Server Room,27.8,28.1,0.74,False
2026-07-15 09:00:00,Classrooms,13.64,28.1,0.74,False
2026-07-15 10:00:00,HVAC,79.93,28.3,0.59,False
2026-07-15 10:00:00,Lighting,20.0,28.3,0.59,False
2026-07-15 10:00:00,Labs,18.25,28.3,0.59,False
2026-07-15 10:00:00,Server Room,23.35,28.3,0.59,False
2026-07-15 10:00:00,Classrooms,15.34,28.3,0.59,False
2026-07-15 11:00:00,HVAC,102.22,30.5,0.99,False
2026-07-15 11:00:00,Lighting,23.82,30.5,0.99,False
2026-07-15 11:00:00,Labs,21.39,30.5,0.99,False
2026-07-15 11:00:00,Server Room,26.27,30.5,0.99,False
2026-07-15 11:00:00,Classrooms,25.09,30.5,0.99,False
2026-07-15 12:00:00,HVAC,101.68,30.0,0.99,False
2026-07-15 12:00:00,Lighting,29.69,30.0,0.99,False
2026-07-15 12:00:00,Labs,23.49,30.0,0.99,False
2026-07-15 12:00:00,Server Room,24.89,30.0,0.99,False
2026-07-15 12:00:00,Classrooms,17.27,30.0,0.99,False
2026-07-15 13:00:00,HVAC,107.55,32.7,0.86,False
2026-07-15 13:00:00,Lighting,23.56,32.7,0.86,False
2026-07-15 13:00:00,Labs,26.17,32.7,0.86,False
2026-07-15 13:00:00,Server Room,24.69,32.7,0.86,False
2026-07-15 13:00:00,Classrooms,13.93,32.7,0.86,False
2026-07-15 14:00:00,HVAC,79.0,27.2,0.72,False
2026-07-15 14:00:00,Lighting,24.2,27.2,0.72,False
2026-07-15 14:00:00,Labs,13.43,27.2,0.72,False
2026-07-15 14:00:00,Server Room,29.09,27.2,0.72,False
2026-07-15 14:00:00,Classrooms,21.9,27.2,0.72,False
2026-07-15 15:00:00,HVAC,110.11,32.7,0.74,False
2026-07-15 15:00:00,Lighting,18.02,32.7,0.74,False
2026-07-15 15:00:00,Labs,15.94,32.7,0.74,False
2026-07-15 15:00:00,Server Room,25.05,32.7,0.74,False
2026-07-15 15:00:00,Classrooms,15.03,32.7,0.74,False
2026-07-15 16:00:00,HVAC,105.89,31.9,0.96,False
2026-07-15 16:00:00,Lighting,27.9,31.9,0.96,False
2026-07-15 16:00:00,Labs,21.2,31.9,0.96,False
2026-07-15 16:00:00,Server Room,19.57,31.9,0.96,False
2026-07-15 16:00:00,Classrooms,24.29,31.9,0.96,False
2026-07-15 17:00:00,HVAC,101.68,31.3,0.88,False
2026-07-15 17:00:00,Lighting,21.06,31.3,0.88,False
2026-07-15 17:00:00,Labs,23.14,31.3,0.88,False
2026-07-15 17:00:00,Server Room,27.42,31.3,0.88,False
2026-07-15 17:00:00,Classrooms,20.6,31.3,0.88,False
2026-07-15 18:00:00,HVAC,83.45,30.5,0.54,False
2026-07-15 18:00:00,Lighting,16.33,30.5,0.54,False
2026-07-15 18:00:00,Labs,15.9,30.5,0.54,False
2026-07-15 18:00:00,Server Room,26.21,30.5,0.54,False
2026-07-15 18:00:00,Classrooms,15.77,30.5,0.54,False
2026-07-15 19:00:00,HVAC,46.0,25.6,0.02,False
2026-07-15 19:00:00,Lighting,6.87,25.6,0.02,False
2026-07-15 19:00:00,Labs,0.82,25.6,0.02,False
2026-07-15 19:00:00,Server Room,29.2,25.6,0.02,False
2026-07-15 19:00:00,Classrooms,3.38,25.6,0.02,False
2026-07-15 20:00:00,HVAC,52.64,25.7,0.08,False
2026-07-15 20:00:00,Lighting,9.62,25.7,0.08,False
2026-07-15 20:00:00,Labs,11.74,25.7,0.08,False
2026-07-15 20:00:00,Server Room,29.38,25.7,0.08,False
2026-07-15 20:00:00,Classrooms,5.19,25.7,0.08,False
2026-07-15 21:00:00,HVAC,57.47,26.2,0.02,False
2026-07-15 21:00:00,Lighting,5.64,26.2,0.02,False
2026-07-15 21:00:00,Labs,4.47,26.2,0.02,False
2026-07-15 21:00:00,Server Room,21.5,26.2,0.02,False
2026-07-15 21:00:00,Classrooms,1.56,26.2,0.02,False
2026-07-15 22:00:00,HVAC,46.11,24.4,0.15,False
2026-07-15 22:00:00,Lighting,13.23,24.4,0.15,False
2026-07-15 22:00:00,Labs,12.02,24.4,0.15,False
2026-07-15 22:00:00,Server Room,20.77,24.4,0.15,False
2026-07-15 22:00:00,Classrooms,4.74,24.4,0.15,False
2026-07-15 23:00:00,HVAC,32.27,21.3,0.13,False
2026-07-15 23:00:00,Lighting,11.45,21.3,0.13,False
2026-07-15 23:00:00,Labs,10.61,21.3,0.13,False
2026-07-15 23:00:00,Server Room,24.5,21.3,0.13,False
2026-07-15 23:00:00,Classrooms,8.49,21.3,0.13,False
2026-07-16 00:00:00,HVAC,27.56,20.2,0.12,False
2026-07-16 00:00:00,Lighting,10.83,20.2,0.12,False
2026-07-16 00:00:00,Labs,10.89,20.2,0.12,False
2026-07-16 00:00:00,Server Room,25.56,20.2,0.12,False
2026-07-16 00:00:00,Classrooms,3.27,20.2,0.12,False
2026-07-16 01:00:00,HVAC,22.06,20.2,0.06,False
2026-07-16 01:00:00,Lighting,14.44,20.2,0.06,False
2026-07-16 01:00:00,Labs,8.48,20.2,0.06,False
2026-07-16 01:00:00,Server Room,29.66,20.2,0.06,False
2026-07-16 01:00:00,Classrooms,4.24,20.2,0.06,False
2026-07-16 02:00:00,HVAC,26.89,20.4,0.05,False
2026-07-16 02:00:00,Lighting,11.59,20.4,0.05,False
2026-07-16 02:00:00,Labs,6.73,20.4,0.05,False
2026-07-16 02:00:00,Server Room,29.27,20.4,0.05,False
2026-07-16 02:00:00,Classrooms,0.3,20.4,0.05,False
2026-07-16 03:00:00,HVAC,29.73,21.2,0.24,False
2026-07-16 03:00:00,Lighting,15.5,21.2,0.24,False
2026-07-16 03:00:00,Labs,10.77,21.2,0.24,False
2026-07-16 03:00:00,Server Room,24.43,21.2,0.24,False
2026-07-16 03:00:00,Classrooms,9.08,21.2,0.24,False
2026-07-16 04:00:00,HVAC,34.96,21.9,0.15,False
2026-07-16 04:00:00,Lighting,12.67,21.9,0.15,False
2026-07-16 04:00:00,Labs,9.11,21.9,0.15,False
2026-07-16 04:00:00,Server Room,19.43,21.9,0.15,False
2026-07-16 04:00:00,Classrooms,6.74,21.9,0.15,False
2026-07-16 05:00:00,HVAC,28.88,21.3,0.14,False
2026-07-16 05:00:00,Lighting,13.21,21.3,0.14,False
2026-07-16 05:00:00,Labs,4.54,21.3,0.14,False
2026-07-16 05:00:00,Server Room,25.63,21.3,0.14,False
2026-07-16 05:00:00,Classrooms,0.0,21.3,0.14,False
2026-07-16 06:00:00,HVAC,46.78,23.9,0.17,False
2026-07-16 06:00:00,Lighting,18.24,23.9,0.17,False
2026-07-16 06:00:00,Labs,11.4,23.9,0.17,False
2026-07-16 06:00:00,Server Room,19.94,23.9,0.17,False
2026-07-16 06:00:00,Classrooms,3.97,23.9,0.17,False
2026-07-16 07:00:00,HVAC,40.17,23.3,0.08,False
2026-07-16 07:00:00,Lighting,11.16,23.3,0.08,False
2026-07-16 07:00:00,Labs,8.69,23.3,0.08,False
2026-07-16 07:00:00,Server Room,29.39,23.3,0.08,False
2026-07-16 07:00:00,Classrooms,3.63,23.3,0.08,False
2026-07-16 08:00:00,HVAC,71.22,27.3,0.5,False
2026-07-16 08:00:00,Lighting,20.0,27.3,0.5,False
2026-07-16 08:00:00,Labs,10.37,27.3,0.5,False
2026-07-16 08:00:00,Server Room,31.68,27.3,0.5,False
2026-07-16 08:00:00,Classrooms,17.65,27.3,0.5,False
2026-07-16 09:00:00,HVAC,75.69,26.3,0.74,False
2026-07-16 09:00:00,Lighting,25.2,26.3,0.74,False
2026-07-16 09:00:00,Labs,19.69,26.3,0.74,False
2026-07-16 09:00:00,Server Room,27.1,26.3,0.74,False
2026-07-16 09:00:00,Classrooms,17.24,26.3,0.74,False
2026-07-16 10:00:00,HVAC,92.72,30.5,0.65,False
2026-07-16 10:00:00,Lighting,21.75,30.5,0.65,False
2026-07-16 10:00:00,Labs,19.75,30.5,0.65,False
2026-07-16 10:00:00,Server Room,28.0,30.5,0.65,False
2026-07-16 10:00:00,Classrooms,19.02,30.5,0.65,False
2026-07-16 11:00:00,HVAC,117.12,33.0,0.97,False
2026-07-16 11:00:00,Lighting,27.72,33.0,0.97,False
2026-07-16 11:00:00,Labs,27.57,33.0,0.97,False
2026-07-16 11:00:00,Server Room,24.56,33.0,0.97,False
2026-07-16 11:00:00,Classrooms,20.09,33.0,0.97,False
2026-07-16 12:00:00,HVAC,87.32,31.2,0.54,False
2026-07-16 12:00:00,Lighting,16.55,31.2,0.54,False
2026-07-16 12:00:00,Labs,17.18,31.2,0.54,False
2026-07-16 12:00:00,Server Room,21.4,31.2,0.54,False
2026-07-16 12:00:00,Classrooms,14.87,31.2,0.54,False
2026-07-16 13:00:00,HVAC,99.21,32.6,0.54,False
2026-07-16 13:00:00,Lighting,20.85,32.6,0.54,False
2026-07-16 13:00:00,Labs,16.65,32.6,0.54,False
2026-07-16 13:00:00,Server Room,25.22,32.6,0.54,False
2026-07-16 13:00:00,Classrooms,18.66,32.6,0.54,False
2026-07-16 14:00:00,HVAC,109.31,33.3,0.73,False
2026-07-16 14:00:00,Lighting,16.97,33.3,0.73,False
2026-07-16 14:00:00,Labs,19.58,33.3,0.73,False
2026-07-16 14:00:00,Server Room,26.03,33.3,0.73,False
2026-07-16 14:00:00,Classrooms,19.51,33.3,0.73,False
2026-07-16 15:00:00,HVAC,115.3,34.6,0.89,False
2026-07-16 15:00:00,Lighting,24.2,34.6,0.89,False
2026-07-16 15:00:00,Labs,24.53,34.6,0.89,False
2026-07-16 15:00:00,Server Room,25.32,34.6,0.89,False
2026-07-16 15:00:00,Classrooms,20.63,34.6,0.89,False
2026-07-16 16:00:00,HVAC,101.13,31.8,0.57,False
2026-07-16 16:00:00,Lighting,13.05,31.8,0.57,False
2026-07-16 16:00:00,Labs,14.72,31.8,0.57,False
2026-07-16 16:00:00,Server Room,22.29,31.8,0.57,False
2026-07-16 16:00:00,Classrooms,21.98,31.8,0.57,False
2026-07-16 17:00:00,HVAC,103.27,33.7,0.51,False
2026-07-16 17:00:00,Lighting,20.29,33.7,0.51,False
2026-07-16 17:00:00,Labs,23.58,33.7,0.51,False
2026-07-16 17:00:00,Server Room,23.22,33.7,0.51,False
2026-07-16 17:00:00,Classrooms,17.45,33.7,0.51,False
2026-07-16 18:00:00,HVAC,75.37,27.3,0.6,False
2026-07-16 18:00:00,Lighting,28.51,27.3,0.6,False
2026-07-16 18:00:00,Labs,16.46,27.3,0.6,False
2026-07-16 18:00:00,Server Room,20.72,27.3,0.6,False
2026-07-16 18:00:00,Classrooms,22.49,27.3,0.6,False
2026-07-16 19:00:00,HVAC,59.42,27.4,0.01,False
2026-07-16 19:00:00,Lighting,10.33,27.4,0.01,False
2026-07-16 19:00:00,Labs,2.4,27.4,0.01,False
2026-07-16 19:00:00,Server Room,24.88,27.4,0.01,False
2026-07-16 19:00:00,Classrooms,0.0,27.4,0.01,False
2026-07-16 20:00:00,HVAC,56.69,26.6,0.11,False
2026-07-16 20:00:00,Lighting,11.71,26.6,0.11,False
2026-07-16 20:00:00,Labs,7.9,26.6,0.11,False
2026-07-16 20:00:00,Server Room,27.68,26.6,0.11,False
2026-07-16 20:00:00,Classrooms,5.44,26.6,0.11,False
2026-07-16 21:00:00,HVAC,58.35,25.6,0.25,False
2026-07-16 21:00:00,Lighting,8.1,25.6,0.25,False
2026-07-16 21:00:00,Labs,14.67,25.6,0.25,False
2026-07-16 21:00:00,Server Room,25.88,25.6,0.25,False
2026-07-16 21:00:00,Classrooms,16.38,25.6,0.25,False
2026-07-16 22:00:00,HVAC,43.36,23.8,0.19,False
2026-07-16 22:00:00,Lighting,10.79,23.8,0.19,False
2026-07-16 22:00:00,Labs,9.34,23.8,0.19,False
2026-07-16 22:00:00,Server Room,29.75,23.8,0.19,False
2026-07-16 22:00:00,Classrooms,5.86,23.8,0.19,False
2026-07-16 23:00:00,HVAC,26.71,20.0,0.26,False
2026-07-16 23:00:00,Lighting,6.35,20.0,0.26,False
2026-07-16 23:00:00,Labs,17.35,20.0,0.26,False
2026-07-16 23:00:00,Server Room,26.86,20.0,0.26,False
2026-07-16 23:00:00,Classrooms,10.67,20.0,0.26,False
2026-07-17 00:00:00,HVAC,31.85,21.6,0.06,False
2026-07-17 00:00:00,Lighting,10.8,21.6,0.06,False
2026-07-17 00:00:00,Labs,6.64,21.6,0.06,False
2026-07-17 00:00:00,Server Room,23.68,21.6,0.06,False
2026-07-17 00:00:00,Classrooms,6.93,21.6,0.06,False
2026-07-17 01:00:00,HVAC,42.44,22.6,0.21,False
2026-07-17 01:00:00,Lighting,11.64,22.6,0.21,False
2026-07-17 01:00:00,Labs,11.31,22.6,0.21,False
2026-07-17 01:00:00,Server Room,27.03,22.6,0.21,False
2026-07-17 01:00:00,Classrooms,3.25,22.6,0.21,False
2026-07-17 02:00:00,HVAC,27.04,19.9,0.11,False
2026-07-17 02:00:00,Lighting,14.0,19.9,0.11,False
2026-07-17 02:00:00,Labs,9.49,19.9,0.11,False
2026-07-17 02:00:00,Server Room,26.47,19.9,0.11,False
2026-07-17 02:00:00,Classrooms,8.55,19.9,0.11,False
2026-07-17 03:00:00,HVAC,25.54,20.2,0.09,False
2026-07-17 03:00:00,Lighting,15.26,20.2,0.09,False
2026-07-17 03:00:00,Labs,5.8,20.2,0.09,False
2026-07-17 03:00:00,Server Room,26.92,20.2,0.09,False
2026-07-17 03:00:00,Classrooms,7.64,20.2,0.09,False
2026-07-17 04:00:00,HVAC,15.28,18.7,0.04,False
2026-07-17 04:00:00,Lighting,11.0,18.7,0.04,False
2026-07-17 04:00:00,Labs,4.03,18.7,0.04,False
2026-07-17 04:00:00,Server Room,32.16,18.7,0.04,False
2026-07-17 04:00:00,Classrooms,8.89,18.7,0.04,False
2026-07-17 05:00:00,HVAC,25.74,20.7,0.28,False
2026-07-17 05:00:00,Lighting,13.76,20.7,0.28,False
2026-07-17 05:00:00,Labs,14.72,20.7,0.28,False
2026-07-17 05:00:00,Server Room,22.22,20.7,0.28,False
2026-07-17 05:00:00,Classrooms,10.81,20.7,0.28,False
2026-07-17 06:00:00,HVAC,40.4,23.4,0.15,False
2026-07-17 06:00:00,Lighting,12.86,23.4,0.15,False
2026-07-17 06:00:00,Labs,9.34,23.4,0.15,False
2026-07-17 06:00:00,Server Room,24.8,23.4,0.15,False
2026-07-17 06:00:00,Classrooms,5.99,23.4,0.15,False
2026-07-17 07:00:00,HVAC,39.96,22.0,0.24,False
2026-07-17 07:00:00,Lighting,12.94,22.0,0.24,False
2026-07-17 07:00:00,Labs,9.57,22.0,0.24,False
2026-07-17 07:00:00,Server Room,23.84,22.0,0.24,False
2026-07-17 07:00:00,Classrooms,5.37,22.0,0.24,False
2026-07-17 08:00:00,HVAC,87.98,28.2,0.97,False
2026-07-17 08:00:00,Lighting,23.65,28.2,0.97,False
2026-07-17 08:00:00,Labs,23.67,28.2,0.97,False
2026-07-17 08:00:00,Server Room,29.33,28.2,0.97,False
2026-07-17 08:00:00,Classrooms,21.31,28.2,0.97,False
2026-07-17 09:00:00,HVAC,72.16,27.3,0.59,False
2026-07-17 09:00:00,Lighting,21.92,27.3,0.59,False
2026-07-17 09:00:00,Labs,14.26,27.3,0.59,False
2026-07-17 09:00:00,Server Room,17.65,27.3,0.59,False
2026-07-17 09:00:00,Classrooms,14.25,27.3,0.59,False
2026-07-17 10:00:00,HVAC,95.38,29.4,0.96,False
2026-07-17 10:00:00,Lighting,31.68,29.4,0.96,False
2026-07-17 10:00:00,Labs,21.55,29.4,0.96,False
2026-07-17 10:00:00,Server Room,29.69,29.4,0.96,False
2026-07-17 10:00:00,Classrooms,25.45,29.4,0.96,False
2026-07-17 11:00:00,HVAC,93.91,29.8,0.68,False
2026-07-17 11:00:00,Lighting,18.38,29.8,0.68,False
2026-07-17 11:00:00,Labs,26.66,29.8,0.68,False
2026-07-17 11:00:00,Server Room,28.16,29.8,0.68,False
2026-07-17 11:00:00,Classrooms,20.07,29.8,0.68,False
2026-07-17 12:00:00,HVAC,94.96,30.3,0.67,False
2026-07-17 12:00:00,Lighting,20.03,30.3,0.67,False
2026-07-17 12:00:00,Labs,21.55,30.3,0.67,False
2026-07-17 12:00:00,Server Room,22.93,30.3,0.67,False
2026-07-17 12:00:00,Classrooms,14.32,30.3,0.67,False
2026-07-17 13:00:00,HVAC,114.89,34.2,0.85,False
2026-07-17 13:00:00,Lighting,23.9,34.2,0.85,False
2026-07-17 13:00:00,Labs,21.19,34.2,0.85,False
2026-07-17 13:00:00,Server Room,22.97,34.2,0.85,False
2026-07-17 13:00:00,Classrooms,19.17,34.2,0.85,False
2026-07-17 14:00:00,HVAC,106.78,31.6,0.99,False
2026-07-17 14:00:00,Lighting,22.74,31.6,0.99,False
2026-07-17 14:00:00,Labs,21.57,31.6,0.99,False
2026-07-17 14:00:00,Server Room,24.38,31.6,0.99,False
2026-07-17 14:00:00,Classrooms,22.2,31.6,0.99,False
2026-07-17 15:00:00,HVAC,106.66,32.0,0.84,False
2026-07-17 15:00:00,Lighting,23.06,32.0,0.84,False
2026-07-17 15:00:00,Labs,21.0,32.0,0.84,False
2026-07-17 15:00:00,Server Room,29.85,32.0,0.84,False
2026-07-17 15:00:00,Classrooms,21.79,32.0,0.84,False
2026-07-17 16:00:00,HVAC,99.15,30.6,0.69,False
2026-07-17 16:00:00,Lighting,22.53,30.6,0.69,False
2026-07-17 16:00:00,Labs,17.77,30.6,0.69,False
2026-07-17 16:00:00,Server Room,37.13,30.6,0.69,False
2026-07-17 16:00:00,Classrooms,15.93,30.6,0.69,False
2026-07-17 17:00:00,HVAC,104.32,30.9,0.96,False
2026-07-17 17:00:00,Lighting,21.71,30.9,0.96,False
2026-07-17 17:00:00,Labs,22.12,30.9,0.96,False
2026-07-17 17:00:00,Server Room,17.1,30.9,0.96,False
2026-07-17 17:00:00,Classrooms,24.1,30.9,0.96,False
2026-07-17 18:00:00,HVAC,94.32,31.5,0.59,False
2026-07-17 18:00:00,Lighting,20.45,31.5,0.59,False
2026-07-17 18:00:00,Labs,16.13,31.5,0.59,False
2026-07-17 18:00:00,Server Room,30.6,31.5,0.59,False
2026-07-17 18:00:00,Classrooms,16.3,31.5,0.59,False
2026-07-17 19:00:00,HVAC,51.32,27.4,0.01,False
2026-07-17 19:00:00,Lighting,13.79,27.4,0.01,False
2026-07-17 19:00:00,Labs,5.44,27.4,0.01,False
2026-07-17 19:00:00,Server Room,26.56,27.4,0.01,False
2026-07-17 19:00:00,Classrooms,0.0,27.4,0.01,False
2026-07-17 20:00:00,HVAC,54.98,25.1,0.21,False
2026-07-17 20:00:00,Lighting,10.82,25.1,0.21,False
2026-07-17 20:00:00,Labs,15.32,25.1,0.21,False
2026-07-17 20:00:00,Server Room,29.94,25.1,0.21,False
2026-07-17 20:00:00,Classrooms,9.13,25.1,0.21,False
2026-07-17 21:00:00,HVAC,37.18,22.7,0.13,False
2026-07-17 21:00:00,Lighting,11.02,22.7,0.13,False
2026-07-17 21:00:00,Labs,4.84,22.7,0.13,False
2026-07-17 21:00:00,Server Room,28.69,22.7,0.13,False
2026-07-17 21:00:00,Classrooms,4.24,22.7,0.13,False
2026-07-17 22:00:00,HVAC,44.67,24.2,0.16,False
2026-07-17 22:00:00,Lighting,12.56,24.2,0.16,False
2026-07-17 22:00:00,Labs,12.29,24.2,0.16,False
2026-07-17 22:00:00,Server Room,28.53,24.2,0.16,False
2026-07-17 22:00:00,Classrooms,7.05,24.2,0.16,False
2026-07-17 23:00:00,HVAC,18.64,19.5,0.26,False
2026-07-17 23:00:00,Lighting,11.26,19.5,0.26,False
2026-07-17 23:00:00,Labs,12.98,19.5,0.26,False
2026-07-17 23:00:00,Server Room,27.86,19.5,0.26,False
2026-07-17 23:00:00,Classrooms,11.71,19.5,0.26,False
2026-07-18 00:00:00,HVAC,37.3,21.5,0.15,True
2026-07-18 00:00:00,Lighting,9.39,21.5,0.15,True
2026-07-18 00:00:00,Labs,7.79,21.5,0.15,True
2026-07-18 00:00:00,Server Room,27.5,21.5,0.15,True
2026-07-18 00:00:00,Classrooms,6.64,21.5,0.15,True
2026-07-18 01:00:00,HVAC,51.09,25.0,0.14,True
2026-07-18 01:00:00,Lighting,9.36,25.0,0.14,True
2026-07-18 01:00:00,Labs,7.9,25.0,0.14,True
2026-07-18 01:00:00,Server Room,31.12,25.0,0.14,True
2026-07-18 01:00:00,Classrooms,9.44,25.0,0.14,True
2026-07-18 02:00:00,HVAC,17.86,20.1,0.04,True
2026-07-18 02:00:00,Lighting,11.82,20.1,0.04,True
2026-07-18 02:00:00,Labs,0.64,20.1,0.04,True
2026-07-18 02:00:00,Server Room,25.83,20.1,0.04,True
2026-07-18 02:00:00,Classrooms,0.66,20.1,0.04,True
2026-07-18 03:00:00,HVAC,20.35,20.1,0.02,True
2026-07-18 03:00:00,Lighting,13.38,20.1,0.02,True
2026-07-18 03:00:00,Labs,4.28,20.1,0.02,True
2026-07-18 03:00:00,Server Room,23.18,20.1,0.02,True
2026-07-18 03:00:00,Classrooms,11.34,20.1,0.02,True
2026-07-18 04:00:00,HVAC,23.22,20.5,0.06,True
2026-07-18 04:00:00,Lighting,10.28,20.5,0.06,True
2026-07-18 04:00:00,Labs,8.14,20.5,0.06,True
2026-07-18 04:00:00,Server Room,25.49,20.5,0.06,True
2026-07-18 04:00:00,Classrooms,0.39,20.5,0.06,True
2026-07-18 05:00:00,HVAC,27.52,21.3,0.1,True
2026-07-18 05:00:00,Lighting,11.08,21.3,0.1,True
2026-07-18 05:00:00,Labs,9.36,21.3,0.1,True
2026-07-18 05:00:00,Server Room,22.9,21.3,0.1,True
2026-07-18 05:00:00,Classrooms,9.34,21.3,0.1,True
2026-07-18 06:00:00,HVAC,34.8,21.9,0.17,True
2026-07-18 06:00:00,Lighting,10.81,21.9,0.17,True
2026-07-18 06:00:00,Labs,6.91,21.9,0.17,True
2026-07-18 06:00:00,Server Room,32.26,21.9,0.17,True
2026-07-18 06:00:00,Classrooms,4.44,21.9,0.17,True
2026-07-18 07:00:00,HVAC,36.75,23.3,0.06,True
2026-07-18 07:00:00,Lighting,12.87,23.3,0.06,True
2026-07-18 07:00:00,Labs,1.66,23.3,0.06,True
2026-07-18 07:00:00,Server Room,24.27,23.3,0.06,True
2026-07-18 07:00:00,Classrooms,6.67,23.3,0.06,True
2026-07-18 08:00:00,HVAC,45.41,25.1,0.03,True
2026-07-18 08:00:00,Lighting,17.61,25.1,0.03,True
2026-07-18 08:00:00,Labs,3.38,25.1,0.03,True
2026-07-18 08:00:00,Server Room,27.82,25.1,0.03,True
2026-07-18 08:00:00,Classrooms,4.68,25.1,0.03,True
2026-07-18 09:00:00,HVAC,55.82,26.6,0.08,True
2026-07-18 09:00:00,Lighting,9.13,26.6,0.08,True
2026-07-18 09:00:00,Labs,3.13,26.6,0.08,True
2026-07-18 09:00:00,Server Room,28.03,26.6,0.08,True
2026-07-18 09:00:00,Classrooms,6.25,26.6,0.08,True
2026-07-18 10:00:00,HVAC,75.6,30.4,0.12,True
2026-07-18 10:00:00,Lighting,14.54,30.4,0.12,True
2026-07-18 10:00:00,Labs,6.01,30.4,0.12,True
2026-07-18 10:00:00,Server Room,21.82,30.4,0.12,True
2026-07-18 10:00:00,Classrooms,6.98,30.4,0.12,True
2026-07-18 11:00:00,HVAC,69.22,29.4,0.13,True
2026-07-18 11:00:00,Lighting,14.52,29.4,0.13,True
2026-07-18 11:00:00,Labs,2.7,29.4,0.13,True
2026-07-18 11:00:00,Server Room,20.61,29.4,0.13,True
2026-07-18 11:00:00,Classrooms,7.51,29.4,0.13,True
2026-07-18 12:00:00,HVAC,86.23,32.7,0.18,True
2026-07-18 12:00:00,Lighting,12.54,32.7,0.18,True
2026-07-18 12:00:00,Labs,0.0,32.7,0.18,True
2026-07-18 12:00:00,Server Room,24.13,32.7,0.18,True
2026-07-18 12:00:00,Classrooms,0.15,32.7,0.18,True
2026-07-18 13:00:00,HVAC,91.45,32.9,0.05,True
2026-07-18 13:00:00,Lighting,11.35,32.9,0.05,True
2026-07-18 13:00:00,Labs,2.49,32.9,0.05,True
2026-07-18 13:00:00,Server Room,20.37,32.9,0.05,True
2026-07-18 13:00:00,Classrooms,7.63,32.9,0.05,True
2026-07-18 14:00:00,HVAC,75.54,30.5,0.14,True
2026-07-18 14:00:00,Lighting,6.53,30.5,0.14,True
2026-07-18 14:00:00,Labs,6.57,30.5,0.14,True
2026-07-18 14:00:00,Server Room,31.42,30.5,0.14,True
2026-07-18 14:00:00,Classrooms,1.38,30.5,0.14,True
2026-07-18 15:00:00,HVAC,77.65,32.1,0.02,True
2026-07-18 15:00:00,Lighting,12.76,32.1,0.02,True
2026-07-18 15:00:00,Labs,1.14,32.1,0.02,True
2026-07-18 15:00:00,Server Room,21.59,32.1,0.02,True
2026-07-18 15:00:00,Classrooms,3.92,32.1,0.02,True
2026-07-18 16:00:00,HVAC,79.71,30.7,0.12,True
2026-07-18 16:00:00,Lighting,8.63,30.7,0.12,True
2026-07-18 16:00:00,Labs,7.01,30.7,0.12,True
2026-07-18 16:00:00,Server Room,29.95,30.7,0.12,True
2026-07-18 16:00:00,Classrooms,4.93,30.7,0.12,True
2026-07-18 17:00:00,HVAC,81.64,31.9,0.08,True
2026-07-18 17:00:00,Lighting,14.39,31.9,0.08,True
2026-07-18 17:00:00,Labs,3.06,31.9,0.08,True
2026-07-18 17:00:00,Server Room,21.99,31.9,0.08,True
2026-07-18 17:00:00,Classrooms,5.01,31.9,0.08,True
2026-07-18 18:00:00,HVAC,56.25,26.4,0.06,True
2026-07-18 18:00:00,Lighting,15.76,26.4,0.06,True
2026-07-18 18:00:00,Labs,5.6,26.4,0.06,True
2026-07-18 18:00:00,Server Room,23.28,26.4,0.06,True
2026-07-18 18:00:00,Classrooms,4.98,26.4,0.06,True
2026-07-18 19:00:00,HVAC,56.37,26.2,0.16,True
2026-07-18 19:00:00,Lighting,12.8,26.2,0.16,True
2026-07-18 19:00:00,Labs,7.01,26.2,0.16,True
2026-07-18 19:00:00,Server Room,25.27,26.2,0.16,True
2026-07-18 19:00:00,Classrooms,3.61,26.2,0.16,True
2026-07-18 20:00:00,HVAC,65.07,28.8,0.07,True
2026-07-18 20:00:00,Lighting,11.18,28.8,0.07,True
2026-07-18 20:00:00,Labs,5.4,28.8,0.07,True
2026-07-18 20:00:00,Server Room,31.83,28.8,0.07,True
2026-07-18 20:00:00,Classrooms,10.17,28.8,0.07,True
2026-07-18 21:00:00,HVAC,42.73,25.0,0.03,True
2026-07-18 21:00:00,Lighting,9.19,25.0,0.03,True
2026-07-18 21:00:00,Labs,0.0,25.0,0.03,True
2026-07-18 21:00:00,Server Room,21.85,25.0,0.03,True
2026-07-18 21:00:00,Classrooms,4.68,25.0,0.03,True
2026-07-18 22:00:00,HVAC,32.41,22.7,0.08,True
2026-07-18 22:00:00,Lighting,3.55,22.7,0.08,True
2026-07-18 22:00:00,Labs,0.28,22.7,0.08,True
2026-07-18 22:00:00,Server Room,31.04,22.7,0.08,True
2026-07-18 22:00:00,Classrooms,4.08,22.7,0.08,True
2026-07-18 23:00:00,HVAC,27.74,20.8,0.11,True
2026-07-18 23:00:00,Lighting,10.88,20.8,0.11,True
2026-07-18 23:00:00,Labs,3.05,20.8,0.11,True
2026-07-18 23:00:00,Server Room,27.16,20.8,0.11,True
2026-07-18 23:00:00,Classrooms,4.51,20.8,0.11,True
2026-07-19 00:00:00,HVAC,20.11,19.2,0.02,True
2026-07-19 00:00:00,Lighting,12.65,19.2,0.02,True
2026-07-19 00:00:00,Labs,4.33,19.2,0.02,True
2026-07-19 00:00:00,Server Room,28.09,19.2,0.02,True
2026-07-19 00:00:00,Classrooms,7.97,19.2,0.02,True
2026-07-19 01:00:00,HVAC,33.96,21.3,0.2,True
2026-07-19 01:00:00,Lighting,20.21,21.3,0.2,True
2026-07-19 01:00:00,Labs,3.04,21.3,0.2,True
2026-07-19 01:00:00,Server Room,30.07,21.3,0.2,True
2026-07-19 01:00:00,Classrooms,6.94,21.3,0.2,True
2026-07-19 02:00:00,HVAC,4.33,16.1,0.07,True
2026-07-19 02:00:00,Lighting,13.05,16.1,0.07,True
2026-07-19 02:00:00,Labs,2.96,16.1,0.07,True
2026-07-19 02:00:00,Server Room,22.07,16.1,0.07,True
2026-07-19 02:00:00,Classrooms,3.92,16.1,0.07,True
2026-07-19 03:00:00,HVAC,13.44,17.2,0.12,True
2026-07-19 03:00:00,Lighting,9.29,17.2,0.12,True
2026-07-19 03:00:00,Labs,2.2,17.2,0.12,True
2026-07-19 03:00:00,Server Room,25.36,17.2,0.12,True
2026-07-19 03:00:00,Classrooms,5.73,17.2,0.12,True
2026-07-19 04:00:00,HVAC,32.91,23.5,0.02,True
2026-07-19 04:00:00,Lighting,10.58,23.5,0.02,True
2026-07-19 04:00:00,Labs,8.77,23.5,0.02,True
2026-07-19 04:00:00,Server Room,22.34,23.5,0.02,True
2026-07-19 04:00:00,Classrooms,0.24,23.5,0.02,True
2026-07-19 05:00:00,HVAC,36.45,21.9,0.17,True
2026-07-19 05:00:00,Lighting,10.18,21.9,0.17,True
2026-07-19 05:00:00,Labs,1.63,21.9,0.17,True
2026-07-19 05:00:00,Server Room,29.01,21.9,0.17,True
2026-07-19 05:00:00,Classrooms,7.73,21.9,0.17,True
2026-07-19 06:00:00,HVAC,45.68,23.8,0.02,True
2026-07-19 06:00:00,Lighting,9.5,23.8,0.02,True
2026-07-19 06:00:00,Labs,8.43,23.8,0.02,True
2026-07-19 06:00:00,Server Room,26.58,23.8,0.02,True
2026-07-19 06:00:00,Classrooms,4.12,23.8,0.02,True
2026-07-19 07:00:00,HVAC,38.46,24.3,0.0,True
2026-07-19 07:00:00,Lighting,5.13,24.3,0.0,True
2026-07-19 07:00:00,Labs,12.02,24.3,0.0,True
2026-07-19 07:00:00,Server Room,22.67,24.3,0.0,True
2026-07-19 07:00:00,Classrooms,4.01,24.3,0.0,True
2026-07-19 08:00:00,HVAC,53.05,26.0,0.11,True
2026-07-19 08:00:00,Lighting,7.31,26.0,0.11,True
2026-07-19 08:00:00,Labs,3.07,26.0,0.11,True
2026-07-19 08:00:00,Server Room,30.54,26.0,0.11,True
2026-07-19 08:00:00,Classrooms,10.35,26.0,0.11,True
2026-07-19 09:00:00,HVAC,73.91,29.6,0.06,True
2026-07-19 09:00:00,Lighting,12.56,29.6,0.06,True
2026-07-19 09:00:00,Labs,4.98,29.6,0.06,True
2026-07-19 09:00:00,Server Room,32.19,29.6,0.06,True
2026-07-19 09:00:00,Classrooms,5.26,29.6,0.06,True
2026-07-19 10:00:00,HVAC,65.26,29.7,0.04,True
2026-07-19 10:00:00,Lighting,6.8,29.7,0.04,True
2026-07-19 10:00:00,Labs,1.06,29.7,0.04,True
2026-07-19 10:00:00,Server Room,20.0,29.7,0.04,True
2026-07-19 10:00:00,Classrooms,1.42,29.7,0.04,True
2026-07-19 11:00:00,HVAC,77.0,29.6,0.11,True
2026-07-19 11:00:00,Lighting,16.67,29.6,0.11,True
2026-07-19 11:00:00,Labs,9.88,29.6,0.11,True
2026-07-19 11:00:00,Server Room,24.1,29.6,0.11,True
2026-07-19 11:00:00,Classrooms,9.39,29.6,0.11,True
2026-07-19 12:00:00,HVAC,71.46,30.6,0.01,True
2026-07-19 12:00:00,Lighting,7.42,30.6,0.01,True
2026-07-19 12:00:00,Labs,1.15,30.6,0.01,True
2026-07-19 12:00:00,Server Room,24.48,30.6,0.01,True
2026-07-19 12:00:00,Classrooms,11.09,30.6,0.01,True
2026-07-19 13:00:00,HVAC,90.36,32.8,0.13,True
2026-07-19 13:00:00,Lighting,12.08,32.8,0.13,True
2026-07-19 13:00:00,Labs,3.09,32.8,0.13,True
2026-07-19 13:00:00,Server Room,22.35,32.8,0.13,True
2026-07-19 13:00:00,Classrooms,3.97,32.8,0.13,True
2026-07-19 14:00:00,HVAC,80.56,31.5,0.04,True
2026-07-19 14:00:00,Lighting,13.69,31.5,0.04,True
2026-07-19 14:00:00,Labs,3.9,31.5,0.04,True
2026-07-19 14:00:00,Server Room,26.86,31.5,0.04,True
2026-07-19 14:00:00,Classrooms,8.35,31.5,0.04,True
2026-07-19 15:00:00,HVAC,65.89,29.1,0.06,True
2026-07-19 15:00:00,Lighting,7.13,29.1,0.06,True
2026-07-19 15:00:00,Labs,9.83,29.1,0.06,True
2026-07-19 15:00:00,Server Room,27.83,29.1,0.06,True
2026-07-19 15:00:00,Classrooms,4.79,29.1,0.06,True
2026-07-19 16:00:00,HVAC,98.97,34.1,0.18,True
2026-07-19 16:00:00,Lighting,14.16,34.1,0.18,True
2026-07-19 16:00:00,Labs,0.0,34.1,0.18,True
2026-07-19 16:00:00,Server Room,23.17,34.1,0.18,True
2026-07-19 16:00:00,Classrooms,4.74,34.1,0.18,True
2026-07-19 17:00:00,HVAC,84.0,32.2,0.11,True
2026-07-19 17:00:00,Lighting,8.93,32.2,0.11,True
2026-07-19 17:00:00,Labs,7.58,32.2,0.11,True
2026-07-19 17:00:00,Server Room,27.69,32.2,0.11,True
2026-07-19 17:00:00,Classrooms,3.87,32.2,0.11,True
2026-07-19 18:00:00,HVAC,77.94,30.4,0.16,True
2026-07-19 18:00:00,Lighting,10.99,30.4,0.16,True
2026-07-19 18:00:00,Labs,9.14,30.4,0.16,True
2026-07-19 18:00:00,Server Room,30.08,30.4,0.16,True
2026-07-19 18:00:00,Classrooms,11.65,30.4,0.16,True
2026-07-19 19:00:00,HVAC,45.56,24.2,0.18,True
2026-07-19 19:00:00,Lighting,6.38,24.2,0.18,True
2026-07-19 19:00:00,Labs,3.59,24.2,0.18,True
2026-07-19 19:00:00,Server Room,24.13,24.2,0.18,True
2026-07-19 19:00:00,Classrooms,3.19,24.2,0.18,True
2026-07-19 20:00:00,HVAC,50.74,25.3,0.15,True
2026-07-19 20:00:00,Lighting,12.91,25.3,0.15,True
2026-07-19 20:00:00,Labs,3.85,25.3,0.15,True
2026-07-19 20:00:00,Server Room,26.31,25.3,0.15,True
2026-07-19 20:00:00,Classrooms,4.56,25.3,0.15,True
2026-07-19 21:00:00,HVAC,63.43,26.2,0.17,True
2026-07-19 21:00:00,Lighting,17.04,26.2,0.17,True
2026-07-19 21:00:00,Labs,6.53,26.2,0.17,True
2026-07-19 21:00:00,Server Room,16.56,26.2,0.17,True
2026-07-19 21:00:00,Classrooms,5.39,26.2,0.17,True
2026-07-19 22:00:00,HVAC,29.92,20.9,0.07,True
2026-07-19 22:00:00,Lighting,12.17,20.9,0.07,True
2026-07-19 22:00:00,Labs,4.76,20.9,0.07,True
2026-07-19 22:00:00,Server Room,23.11,20.9,0.07,True
2026-07-19 22:00:00,Classrooms,3.44,20.9,0.07,True
2026-07-19 23:00:00,HVAC,36.47,21.7,0.14,True
2026-07-19 23:00:00,Lighting,11.35,21.7,0.14,True
2026-07-19 23:00:00,Labs,4.21,21.7,0.14,True
2026-07-19 23:00:00,Server Room,29.01,21.7,0.14,True
2026-07-19 23:00:00,Classrooms,2.12,21.7,0.14,True
2026-07-20 00:00:00,HVAC,31.48,20.5,0.3,False
2026-07-20 00:00:00,Lighting,14.09,20.5,0.3,False
2026-07-20 00:00:00,Labs,13.29,20.5,0.3,False
2026-07-20 00:00:00,Server Room,26.32,20.5,0.3,False
2026-07-20 00:00:00,Classrooms,12.58,20.5,0.3,False
2026-07-20 01:00:00,HVAC,24.34,19.1,0.05,False
2026-07-20 01:00:00,Lighting,9.01,19.1,0.05,False
2026-07-20 01:00:00,Labs,9.69,19.1,0.05,False
2026-07-20 01:00:00,Server Room,25.66,19.1,0.05,False
2026-07-20 01:00:00,Classrooms,6.76,19.1,0.05,False
2026-07-20 02:00:00,HVAC,31.66,21.4,0.22,False
2026-07-20 02:00:00,Lighting,16.06,21.4,0.22,False
2026-07-20 02:00:00,Labs,13.67,21.4,0.22,False
2026-07-20 02:00:00,Server Room,21.78,21.4,0.22,False
2026-07-20 02:00:00,Classrooms,6.73,21.4,0.22,False
2026-07-20 03:00:00,HVAC,24.49,21.2,0.02,False
2026-07-20 03:00:00,Lighting,13.96,21.2,0.02,False
2026-07-20 03:00:00,Labs,3.7,21.2,0.02,False
2026-07-20 03:00:00,Server Room,33.72,21.2,0.02,False
2026-07-20 03:00:00,Classrooms,0.0,21.2,0.02,False
2026-07-20 04:00:00,HVAC,44.52,24.0,0.21,False
2026-07-20 04:00:00,Lighting,11.49,24.0,0.21,False
2026-07-20 04:00:00,Labs,12.13,24.0,0.21,False
2026-07-20 04:00:00,Server Room,25.16,24.0,0.21,False
2026-07-20 04:00:00,Classrooms,7.35,24.0,0.21,False
2026-07-20 05:00:00,HVAC,28.77,20.6,0.19,False
2026-07-20 05:00:00,Lighting,11.03,20.6,0.19,False
2026-07-20 05:00:00,Labs,9.89,20.6,0.19,False
2026-07-20 05:00:00,Server Room,25.73,20.6,0.19,False
2026-07-20 05:00:00,Classrooms,12.39,20.6,0.19,False
2026-07-20 06:00:00,HVAC,38.78,22.7,0.09,False
2026-07-20 06:00:00,Lighting,7.57,22.7,0.09,False
2026-07-20 06:00:00,Labs,3.47,22.7,0.09,False
2026-07-20 06:00:00,Server Room,25.51,22.7,0.09,False
2026-07-20 06:00:00,Classrooms,4.28,22.7,0.09,False
2026-07-20 07:00:00,HVAC,31.98,21.3,0.27,False
2026-07-20 07:00:00,Lighting,9.14,21.3,0.27,False
2026-07-20 07:00:00,Labs,11.65,21.3,0.27,False
2026-07-20 07:00:00,Server Room,27.05,21.3,0.27,False
2026-07-20 07:00:00,Classrooms,4.64,21.3,0.27,False
2026-07-20 08:00:00,HVAC,64.77,25.6,0.63,False
2026-07-20 08:00:00,Lighting,19.09,25.6,0.63,False
2026-07-20 08:00:00,Labs,13.46,25.6,0.63,False
2026-07-20 08:00:00,Server Room,24.02,25.6,0.63,False
2026-07-20 08:00:00,Classrooms,10.44,25.6,0.63,False
2026-07-20 09:00:00,HVAC,76.66,27.0,0.84,False
2026-07-20 09:00:00,Lighting,22.44,27.0,0.84,False
2026-07-20 09:00:00,Labs,21.96,27.0,0.84,False
2026-07-20 09:00:00,Server Room,33.27,27.0,0.84,False
2026-07-20 09:00:00,Classrooms,18.86,27.0,0.84,False
2026-07-20 10:00:00,HVAC,93.85,29.2,0.86,False
2026-07-20 10:00:00,Lighting,24.64,29.2,0.86,False
2026-07-20 10:00:00,Labs,22.61,29.2,0.86,False
2026-07-20 10:00:00,Server Room,17.24,29.2,0.86,False
2026-07-20 10:00:00,Classrooms,15.04,29.2,0.86,False
2026-07-20 11:00:00,HVAC,105.21,33.8,0.53,False
2026-07-20 11:00:00,Lighting,17.8,33.8,0.53,False
2026-07-20 11:00:00,Labs,9.35,33.8,0.53,False
2026-07-20 11:00:00,Server Room,34.24,33.8,0.53,False
2026-07-20 11:00:00,Classrooms,16.06,33.8,0.53,False
2026-07-20 12:00:00,HVAC,105.66,33.3,0.56,False
2026-07-20 12:00:00,Lighting,18.34,33.3,0.56,False
2026-07-20 12:00:00,Labs,16.58,33.3,0.56,False
2026-07-20 12:00:00,Server Room,24.22,33.3,0.56,False
2026-07-20 12:00:00,Classrooms,18.69,33.3,0.56,False
2026-07-20 13:00:00,HVAC,103.97,31.8,0.82,False
2026-07-20 13:00:00,Lighting,19.04,31.8,0.82,False
2026-07-20 13:00:00,Labs,13.93,31.8,0.82,False
2026-07-20 13:00:00,Server Room,20.47,31.8,0.82,False
2026-07-20 13:00:00,Classrooms,17.39,31.8,0.82,False
2026-07-20 14:00:00,HVAC,102.7,30.9,0.85,False
2026-07-20 14:00:00,Lighting,23.03,30.9,0.85,False
2026-07-20 14:00:00,Labs,24.31,30.9,0.85,False
2026-07-20 14:00:00,Server Room,25.09,30.9,0.85,False
2026-07-20 14:00:00,Classrooms,17.86,30.9,0.85,False
2026-07-20 15:00:00,HVAC,100.72,30.8,0.81,False
2026-07-20 15:00:00,Lighting,22.89,30.8,0.81,False
2026-07-20 15:00:00,Labs,21.12,30.8,0.81,False
2026-07-20 15:00:00,Server Room,24.74,30.8,0.81,False
2026-07-20 15:00:00,Classrooms,19.18,30.8,0.81,False
2026-07-20 16:00:00,HVAC,91.74,30.4,0.73,False
2026-07-20 16:00:00,Lighting,19.53,30.4,0.73,False
2026-07-20 16:00:00,Labs,21.5,30.4,0.73,False
2026-07-20 16:00:00,Server Room,26.28,30.4,0.73,False
2026-07-20 16:00:00,Classrooms,18.52,30.4,0.73,False
2026-07-20 17:00:00,HVAC,96.77,30.9,0.84,False
2026-07-20 17:00:00,Lighting,20.93,30.9,0.84,False
2026-07-20 17:00:00,Labs,24.27,30.9,0.84,False
2026-07-20 17:00:00,Server Room,28.0,30.9,0.84,False
2026-07-20 17:00:00,Classrooms,17.62,30.9,0.84,False
2026-07-20 18:00:00,HVAC,86.97,27.6,0.92,False
2026-07-20 18:00:00,Lighting,22.75,27.6,0.92,False
2026-07-20 18:00:00,Labs,23.49,27.6,0.92,False
2026-07-20 18:00:00,Server Room,24.41,27.6,0.92,False
2026-07-20 18:00:00,Classrooms,17.68,27.6,0.92,False
2026-07-20 19:00:00,HVAC,58.56,26.3,0.28,False
2026-07-20 19:00:00,Lighting,12.83,26.3,0.28,False
2026-07-20 19:00:00,Labs,13.08,26.3,0.28,False
2026-07-20 19:00:00,Server Room,24.14,26.3,0.28,False
2026-07-20 19:00:00,Classrooms,8.89,26.3,0.28,False
2026-07-20 20:00:00,HVAC,47.66,24.8,0.15,False
2026-07-20 20:00:00,Lighting,13.35,24.8,0.15,False
2026-07-20 20:00:00,Labs,8.0,24.8,0.15,False
2026-07-20 20:00:00,Server Room,23.08,24.8,0.15,False
2026-07-20 20:00:00,Classrooms,9.37,24.8,0.15,False
2026-07-20 21:00:00,HVAC,52.16,25.4,0.11,False
2026-07-20 21:00:00,Lighting,9.84,25.4,0.11,False
2026-07-20 21:00:00,Labs,5.93,25.4,0.11,False
2026-07-20 21:00:00,Server Room,34.75,25.4,0.11,False
2026-07-20 21:00:00,Classrooms,10.29,25.4,0.11,False
2026-07-20 22:00:00,HVAC,47.62,25.5,0.3,False
2026-07-20 22:00:00,Lighting,6.78,25.5,0.3,False
2026-07-20 22:00:00,Labs,12.17,25.5,0.3,False
2026-07-20 22:00:00,Server Room,21.72,25.5,0.3,False
2026-07-20 22:00:00,Classrooms,11.86,25.5,0.3,False
2026-07-20 23:00:00,HVAC,49.1,25.0,0.17,False
2026-07-20 23:00:00,Lighting,9.84,25.0,0.17,False
2026-07-20 23:00:00,Labs,12.65,25.0,0.17,False
2026-07-20 23:00:00,Server Room,32.36,25.0,0.17,False
2026-07-20 23:00:00,Classrooms,8.79,25.0,0.17,False
2026-07-21 00:00:00,HVAC,26.52,20.3,0.29,False
2026-07-21 00:00:00,Lighting,18.1,20.3,0.29,False
2026-07-21 00:00:00,Labs,14.06,20.3,0.29,False
2026-07-21 00:00:00,Server Room,17.57,20.3,0.29,False
2026-07-21 00:00:00,Classrooms,10.43,20.3,0.29,False
2026-07-21 01:00:00,HVAC,25.51,20.6,0.06,False
2026-07-21 01:00:00,Lighting,13.16,20.6,0.06,False
2026-07-21 01:00:00,Labs,12.01,20.6,0.06,False
2026-07-21 01:00:00,Server Room,25.82,20.6,0.06,False
2026-07-21 01:00:00,Classrooms,5.92,20.6,0.06,False
2026-07-21 02:00:00,HVAC,25.86,21.5,0.08,False
2026-07-21 02:00:00,Lighting,15.92,21.5,0.08,False
2026-07-21 02:00:00,Labs,6.36,21.5,0.08,False
2026-07-21 02:00:00,Server Room,24.37,21.5,0.08,False
2026-07-21 02:00:00,Classrooms,5.17,21.5,0.08,False
2026-07-21 03:00:00,HVAC,26.57,20.4,0.12,False
2026-07-21 03:00:00,Lighting,9.53,20.4,0.12,False
2026-07-21 03:00:00,Labs,4.31,20.4,0.12,False
2026-07-21 03:00:00,Server Room,25.71,20.4,0.12,False
2026-07-21 03:00:00,Classrooms,0.0,20.4,0.12,False
2026-07-21 04:00:00,HVAC,16.19,17.9,0.11,False
2026-07-21 04:00:00,Lighting,13.82,17.9,0.11,False
2026-07-21 04:00:00,Labs,5.22,17.9,0.11,False
2026-07-21 04:00:00,Server Room,24.48,17.9,0.11,False
2026-07-21 04:00:00,Classrooms,2.69,17.9,0.11,False
2026-07-21 05:00:00,HVAC,40.87,23.8,0.06,False
2026-07-21 05:00:00,Lighting,9.77,23.8,0.06,False
2026-07-21 05:00:00,Labs,4.95,23.8,0.06,False
2026-07-21 05:00:00,Server Room,21.41,23.8,0.06,False
2026-07-21 05:00:00,Classrooms,11.17,23.8,0.06,False
2026-07-21 06:00:00,HVAC,42.47,23.7,0.19,False
2026-07-21 06:00:00,Lighting,11.05,23.7,0.19,False
2026-07-21 06:00:00,Labs,13.01,23.7,0.19,False
2026-07-21 06:00:00,Server Room,23.89,23.7,0.19,False
2026-07-21 06:00:00,Classrooms,12.27,23.7,0.19,False
2026-07-21 07:00:00,HVAC,60.87,25.6,0.25,False
2026-07-21 07:00:00,Lighting,15.32,25.6,0.25,False
2026-07-21 07:00:00,Labs,5.71,25.6,0.25,False
2026-07-21 07:00:00,Server Room,22.61,25.6,0.25,False
2026-07-21 07:00:00,Classrooms,14.99,25.6,0.25,False
2026-07-21 08:00:00,HVAC,85.02,28.8,0.87,False
2026-07-21 08:00:00,Lighting,25.83,28.8,0.87,False
2026-07-21 08:00:00,Labs,19.69,28.8,0.87,False
2026-07-21 08:00:00,Server Room,25.99,28.8,0.87,False
2026-07-21 08:00:00,Classrooms,28.4,28.8,0.87,False
2026-07-21 09:00:00,HVAC,93.76,29.6,0.88,False
2026-07-21 09:00:00,Lighting,23.1,29.6,0.88,False
2026-07-21 09:00:00,Labs,24.74,29.6,0.88,False
2026-07-21 09:00:00,Server Room,25.83,29.6,0.88,False
2026-07-21 09:00:00,Classrooms,21.33,29.6,0.88,False
2026-07-21 10:00:00,HVAC,78.02,29.5,0.61,False
2026-07-21 10:00:00,Lighting,18.78,29.5,0.61,False
2026-07-21 10:00:00,Labs,24.67,29.5,0.61,False
2026-07-21 10:00:00,Server Room,19.18,29.5,0.61,False
2026-07-21 10:00:00,Classrooms,16.83,29.5,0.61,False
2026-07-21 11:00:00,HVAC,91.2,29.3,0.95,False
2026-07-21 11:00:00,Lighting,23.99,29.3,0.95,False
2026-07-21 11:00:00,Labs,24.06,29.3,0.95,False
2026-07-21 11:00:00,Server Room,26.92,29.3,0.95,False
2026-07-21 11:00:00,Classrooms,20.87,29.3,0.95,False
2026-07-21 12:00:00,HVAC,90.19,29.5,0.91,False
2026-07-21 12:00:00,Lighting,24.97,29.5,0.91,False
2026-07-21 12:00:00,Labs,24.12,29.5,0.91,False
2026-07-21 12:00:00,Server Room,26.76,29.5,0.91,False
2026-07-21 12:00:00,Classrooms,28.22,29.5,0.91,False
2026-07-21 13:00:00,HVAC,103.49,30.7,0.94,False
2026-07-21 13:00:00,Lighting,23.41,30.7,0.94,False
2026-07-21 13:00:00,Labs,23.73,30.7,0.94,False
2026-07-21 13:00:00,Server Room,26.14,30.7,0.94,False
2026-07-21 13:00:00,Classrooms,20.69,30.7,0.94,False
2026-07-21 14:00:00,HVAC,96.73,30.8,0.71,False
2026-07-21 14:00:00,Lighting,23.51,30.8,0.71,False
2026-07-21 14:00:00,Labs,24.09,30.8,0.71,False
2026-07-21 14:00:00,Server Room,26.93,30.8,0.71,False
2026-07-21 14:00:00,Classrooms,12.87,30.8,0.71,False
2026-07-21 15:00:00,HVAC,126.42,35.3,0.85,False
2026-07-21 15:00:00,Lighting,23.73,35.3,0.85,False
2026-07-21 15:00:00,Labs,20.42,35.3,0.85,False
2026-07-21 15:00:00,Server Room,22.08,35.3,0.85,False
2026-07-21 15:00:00,Classrooms,23.34,35.3,0.85,False
2026-07-21 16:00:00,HVAC,78.76,28.3,0.78,False
2026-07-21 16:00:00,Lighting,20.71,28.3,0.78,False
2026-07-21 16:00:00,Labs,18.7,28.3,0.78,False
2026-07-21 16:00:00,Server Room,27.33,28.3,0.78,False
2026-07-21 16:00:00,Classrooms,18.57,28.3,0.78,False
2026-07-21 17:00:00,HVAC,88.42,28.5,0.77,False
2026-07-21 17:00:00,Lighting,20.94,28.5,0.77,False
2026-07-21 17:00:00,Labs,14.96,28.5,0.77,False
2026-07-21 17:00:00,Server Room,20.48,28.5,0.77,False
2026-07-21 17:00:00,Classrooms,18.67,28.5,0.77,False
2026-07-21 18:00:00,HVAC,83.47,28.1,0.77,False
2026-07-21 18:00:00,Lighting,21.33,28.1,0.77,False
2026-07-21 18:00:00,Labs,16.11,28.1,0.77,False
2026-07-21 18:00:00,Server Room,25.21,28.1,0.77,False
2026-07-21 18:00:00,Classrooms,17.41,28.1,0.77,False
2026-07-21 19:00:00,HVAC,65.72,28.6,0.29,False
2026-07-21 19:00:00,Lighting,14.91,28.6,0.29,False
2026-07-21 19:00:00,Labs,12.04,28.6,0.29,False
2026-07-21 19:00:00,Server Room,29.4,28.6,0.29,False
2026-07-21 19:00:00,Classrooms,6.77,28.6,0.29,False
2026-07-21 20:00:00,HVAC,69.5,28.7,0.18,False
2026-07-21 20:00:00,Lighting,11.18,28.7,0.18,False
2026-07-21 20:00:00,Labs,9.31,28.7,0.18,False
2026-07-21 20:00:00,Server Room,30.28,28.7,0.18,False
2026-07-21 20:00:00,Classrooms,12.07,28.7,0.18,False
2026-07-21 21:00:00,HVAC,58.71,26.8,0.05,False
2026-07-21 21:00:00,Lighting,5.92,26.8,0.05,False
2026-07-21 21:00:00,Labs,0.0,26.8,0.05,False
2026-07-21 21:00:00,Server Room,21.68,26.8,0.05,False
2026-07-21 21:00:00,Classrooms,6.61,26.8,0.05,False
2026-07-21 22:00:00,HVAC,45.11,24.3,0.17,False
2026-07-21 22:00:00,Lighting,11.88,24.3,0.17,False
2026-07-21 22:00:00,Labs,10.06,24.3,0.17,False
2026-07-21 22:00:00,Server Room,23.68,24.3,0.17,False
2026-07-21 22:00:00,Classrooms,6.62,24.3,0.17,False
2026-07-21 23:00:00,HVAC,42.3,25.5,0.0,False
2026-07-21 23:00:00,Lighting,10.69,25.5,0.0,False
2026-07-21 23:00:00,Labs,2.3,25.5,0.0,False
2026-07-21 23:00:00,Server Room,28.55,25.5,0.0,False
2026-07-21 23:00:00,Classrooms,5.07,25.5,0.0,False
2026-07-22 00:00:00,HVAC,23.98,19.7,0.23,False
2026-07-22 00:00:00,Lighting,14.38,19.7,0.23,False
2026-07-22 00:00:00,Labs,9.67,19.7,0.23,False
2026-07-22 00:00:00,Server Room,16.71,19.7,0.23,False
2026-07-22 00:00:00,Classrooms,11.45,19.7,0.23,False
2026-07-22 01:00:00,HVAC,20.2,18.9,0.1,False
2026-07-22 01:00:00,Lighting,10.19,18.9,0.1,False
2026-07-22 01:00:00,Labs,9.63,18.9,0.1,False
2026-07-22 01:00:00,Server Room,25.6,18.9,0.1,False
2026-07-22 01:00:00,Classrooms,11.29,18.9,0.1,False
2026-07-22 02:00:00,HVAC,22.46,19.8,0.25,False
2026-07-22 02:00:00,Lighting,9.59,19.8,0.25,False
2026-07-22 02:00:00,Labs,12.69,19.8,0.25,False
2026-07-22 02:00:00,Server Room,22.69,19.8,0.25,False
2026-07-22 02:00:00,Classrooms,2.55,19.8,0.25,False
2026-07-22 03:00:00,HVAC,30.1,21.0,0.17,False
2026-07-22 03:00:00,Lighting,16.74,21.0,0.17,False
2026-07-22 03:00:00,Labs,11.76,21.0,0.17,False
2026-07-22 03:00:00,Server Room,21.36,21.0,0.17,False
2026-07-22 03:00:00,Classrooms,8.32,21.0,0.17,False
2026-07-22 04:00:00,HVAC,26.73,20.9,0.15,False
2026-07-22 04:00:00,Lighting,12.58,20.9,0.15,False
2026-07-22 04:00:00,Labs,6.43,20.9,0.15,False
2026-07-22 04:00:00,Server Room,24.84,20.9,0.15,False
2026-07-22 04:00:00,Classrooms,7.56,20.9,0.15,False
2026-07-22 05:00:00,HVAC,32.62,22.0,0.14,False
2026-07-22 05:00:00,Lighting,14.25,22.0,0.14,False
2026-07-22 05:00:00,Labs,11.7,22.0,0.14,False
2026-07-22 05:00:00,Server Room,23.82,22.0,0.14,False
2026-07-22 05:00:00,Classrooms,2.74,22.0,0.14,False
2026-07-22 06:00:00,HVAC,41.57,23.5,0.15,False
2026-07-22 06:00:00,Lighting,9.29,23.5,0.15,False
2026-07-22 06:00:00,Labs,8.82,23.5,0.15,False
2026-07-22 06:00:00,Server Room,23.09,23.5,0.15,False
2026-07-22 06:00:00,Classrooms,12.65,23.5,0.15,False
2026-07-22 07:00:00,HVAC,49.53,25.4,0.02,False
2026-07-22 07:00:00,Lighting,10.18,25.4,0.02,False
2026-07-22 07:00:00,Labs,5.44,25.4,0.02,False
2026-07-22 07:00:00,Server Room,20.62,25.4,0.02,False
2026-07-22 07:00:00,Classrooms,6.61,25.4,0.02,False
2026-07-22 08:00:00,HVAC,71.5,26.1,0.7,False
2026-07-22 08:00:00,Lighting,20.2,26.1,0.7,False
2026-07-22 08:00:00,Labs,17.69,26.1,0.7,False
2026-07-22 08:00:00,Server Room,22.68,26.1,0.7,False
2026-07-22 08:00:00,Classrooms,17.28,26.1,0.7,False
2026-07-22 09:00:00,HVAC,78.2,26.5,0.97,False
2026-07-22 09:00:00,Lighting,25.02,26.5,0.97,False
2026-07-22 09:00:00,Labs,24.34,26.5,0.97,False
2026-07-22 09:00:00,Server Room,21.39,26.5,0.97,False
2026-07-22 09:00:00,Classrooms,24.45,26.5,0.97,False
2026-07-22 10:00:00,HVAC,96.6,30.3,0.77,False
2026-07-22 10:00:00,Lighting,21.15,30.3,0.77,False
2026-07-22 10:00:00,Labs,21.9,30.3,0.77,False
2026-07-22 10:00:00,Server Room,24.36,30.3,0.77,False
2026-07-22 10:00:00,Classrooms,17.68,30.3,0.77,False
2026-07-22 11:00:00,HVAC,97.88,31.1,0.74,False
2026-07-22 11:00:00,Lighting,20.21,31.1,0.74,False
2026-07-22 11:00:00,Labs,18.99,31.1,0.74,False
2026-07-22 11:00:00,Server Room,24.1,31.1,0.74,False
2026-07-22 11:00:00,Classrooms,17.58,31.1,0.74,False
2026-07-22 12:00:00,HVAC,106.69,31.8,0.8,False
2026-07-22 12:00:00,Lighting,21.09,31.8,0.8,False
2026-07-22 12:00:00,Labs,21.85,31.8,0.8,False
2026-07-22 12:00:00,Server Room,28.34,31.8,0.8,False
2026-07-22 12:00:00,Classrooms,23.3,31.8,0.8,False
2026-07-22 13:00:00,HVAC,101.89,30.6,0.9,False
2026-07-22 13:00:00,Lighting,21.0,30.6,0.9,False
2026-07-22 13:00:00,Labs,25.52,30.6,0.9,False
2026-07-22 13:00:00,Server Room,26.53,30.6,0.9,False
2026-07-22 13:00:00,Classrooms,20.45,30.6,0.9,False
2026-07-22 14:00:00,HVAC,87.38,28.9,0.73,False
2026-07-22 14:00:00,Lighting,20.39,28.9,0.73,False
2026-07-22 14:00:00,Labs,24.76,28.9,0.73,False
2026-07-22 14:00:00,Server Room,23.23,28.9,0.73,False
2026-07-22 14:00:00,Classrooms,18.01,28.9,0.73,False
2026-07-22 15:00:00,HVAC,94.6,29.7,0.96,False
2026-07-22 15:00:00,Lighting,21.53,29.7,0.96,False
2026-07-22 15:00:00,Labs,20.12,29.7,0.96,False
2026-07-22 15:00:00,Server Room,20.22,29.7,0.96,False
2026-07-22 15:00:00,Classrooms,24.39,29.7,0.96,False
2026-07-22 16:00:00,HVAC,104.64,31.7,0.9,False
2026-07-22 16:00:00,Lighting,23.85,31.7,0.9,False
2026-07-22 16:00:00,Labs,23.99,31.7,0.9,False
2026-07-22 16:00:00,Server Room,27.87,31.7,0.9,False
2026-07-22 16:00:00,Classrooms,24.92,31.7,0.9,False
2026-07-22 17:00:00,HVAC,96.82,31.5,0.75,False
2026-07-22 17:00:00,Lighting,15.06,31.5,0.75,False
2026-07-22 17:00:00,Labs,19.15,31.5,0.75,False
2026-07-22 17:00:00,Server Room,22.93,31.5,0.75,False
2026-07-22 17:00:00,Classrooms,17.72,31.5,0.75,False
2026-07-22 18:00:00,HVAC,87.16,28.1,0.81,False
2026-07-22 18:00:00,Lighting,25.02,28.1,0.81,False
2026-07-22 18:00:00,Labs,12.11,28.1,0.81,False
2026-07-22 18:00:00,Server Room,24.53,28.1,0.81,False
2026-07-22 18:00:00,Classrooms,25.82,28.1,0.81,False
2026-07-22 19:00:00,HVAC,55.57,26.8,0.05,False
2026-07-22 19:00:00,Lighting,12.37,26.8,0.05,False
2026-07-22 19:00:00,Labs,6.02,26.8,0.05,False
2026-07-22 19:00:00,Server Room,22.17,26.8,0.05,False
2026-07-22 19:00:00,Classrooms,6.43,26.8,0.05,False
2026-07-22 20:00:00,HVAC,51.56,25.2,0.15,False
2026-07-22 20:00:00,Lighting,5.92,25.2,0.15,False
2026-07-22 20:00:00,Labs,4.47,25.2,0.15,False
2026-07-22 20:00:00,Server Room,26.48,25.2,0.15,False
2026-07-22 20:00:00,Classrooms,11.82,25.2,0.15,False
2026-07-22 21:00:00,HVAC,46.42,25.0,0.06,False
2026-07-22 21:00:00,Lighting,15.9,25.0,0.06,False
2026-07-22 21:00:00,Labs,7.96,25.0,0.06,False
2026-07-22 21:00:00,Server Room,19.94,25.0,0.06,False
2026-07-22 21:00:00,Classrooms,5.75,25.0,0.06,False
2026-07-22 22:00:00,HVAC,52.12,25.6,0.21,False
2026-07-22 22:00:00,Lighting,9.49,25.6,0.21,False
2026-07-22 22:00:00,Labs,9.0,25.6,0.21,False
2026-07-22 22:00:00,Server Room,25.27,25.6,0.21,False
2026-07-22 22:00:00,Classrooms,6.22,25.6,0.21,False
2026-07-22 23:00:00,HVAC,46.75,24.4,0.17,False
2026-07-22 23:00:00,Lighting,13.27,24.4,0.17,False
2026-07-22 23:00:00,Labs,5.91,24.4,0.17,False
2026-07-22 23:00:00,Server Room,26.2,24.4,0.17,False
2026-07-22 23:00:00,Classrooms,7.21,24.4,0.17,False
2026-07-23 00:00:00,HVAC,32.21,21.9,0.1,False
2026-07-23 00:00:00,Lighting,9.94,21.9,0.1,False
2026-07-23 00:00:00,Labs,6.61,21.9,0.1,False
2026-07-23 00:00:00,Server Room,30.99,21.9,0.1,False
2026-07-23 00:00:00,Classrooms,6.07,21.9,0.1,False
2026-07-23 01:00:00,HVAC,26.32,21.4,0.06,False
2026-07-23 01:00:00,Lighting,11.37,21.4,0.06,False
2026-07-23 01:00:00,Labs,5.68,21.4,0.06,False
2026-07-23 01:00:00,Server Room,20.23,21.4,0.06,False
2026-07-23 01:00:00,Classrooms,0.0,21.4,0.06,False
2026-07-23 02:00:00,HVAC,20.98,18.5,0.24,False
2026-07-23 02:00:00,Lighting,8.97,18.5,0.24,False
2026-07-23 02:00:00,Labs,7.22,18.5,0.24,False
2026-07-23 02:00:00,Server Room,25.36,18.5,0.24,False
2026-07-23 02:00:00,Classrooms,4.82,18.5,0.24,False
2026-07-23 03:00:00,HVAC,38.23,21.8,0.26,False
2026-07-23 03:00:00,Lighting,14.66,21.8,0.26,False
2026-07-23 03:00:00,Labs,13.98,21.8,0.26,False
2026-07-23 03:00:00,Server Room,21.25,21.8,0.26,False
2026-07-23 03:00:00,Classrooms,11.76,21.8,0.26,False
2026-07-23 04:00:00,HVAC,31.35,21.0,0.16,False
2026-07-23 04:00:00,Lighting,15.43,21.0,0.16,False
2026-07-23 04:00:00,Labs,10.01,21.0,0.16,False
2026-07-23 04:00:00,Server Room,26.38,21.0,0.16,False
2026-07-23 04:00:00,Classrooms,7.13,21.0,0.16,False
2026-07-23 05:00:00,HVAC,32.18,22.9,0.01,False
2026-07-23 05:00:00,Lighting,10.18,22.9,0.01,False
2026-07-23 05:00:00,Labs,4.92,22.9,0.01,False
2026-07-23 05:00:00,Server Room,25.13,22.9,0.01,False
2026-07-23 05:00:00,Classrooms,5.95,22.9,0.01,False
2026-07-23 06:00:00,HVAC,48.38,25.5,0.13,False
2026-07-23 06:00:00,Lighting,10.25,25.5,0.13,False
2026-07-23 06:00:00,Labs,8.39,25.5,0.13,False
2026-07-23 06:00:00,Server Room,26.79,25.5,0.13,False
2026-07-23 06:00:00,Classrooms,6.48,25.5,0.13,False
2026-07-23 07:00:00,HVAC,44.35,24.2,0.11,False
2026-07-23 07:00:00,Lighting,11.87,24.2,0.11,False
2026-07-23 07:00:00,Labs,10.0,24.2,0.11,False
2026-07-23 07:00:00,Server Room,23.36,24.2,0.11,False
2026-07-23 07:00:00,Classrooms,9.72,24.2,0.11,False
2026-07-23 08:00:00,HVAC,84.02,27.5,0.92,False
2026-07-23 08:00:00,Lighting,25.4,27.5,0.92,False
2026-07-23 08:00:00,Labs,19.3,27.5,0.92,False
2026-07-23 08:00:00,Server Room,20.88,27.5,0.92,False
2026-07-23 08:00:00,Classrooms,18.22,27.5,0.92,False
2026-07-23 09:00:00,HVAC,60.52,24.6,0.62,False
2026-07-23 09:00:00,Lighting,20.9,24.6,0.62,False
2026-07-23 09:00:00,Labs,16.88,24.6,0.62,False
2026-07-23 09:00:00,Server Room,21.57,24.6,0.62,False
2026-07-23 09:00:00,Classrooms,14.05,24.6,0.62,False
2026-07-23 10:00:00,HVAC,103.47,31.9,0.65,False
2026-07-23 10:00:00,Lighting,21.64,31.9,0.65,False
2026-07-23 10:00:00,Labs,18.1,31.9,0.65,False
2026-07-23 10:00:00,Server Room,25.99,31.9,0.65,False
2026-07-23 10:00:00,Classrooms,12.91,31.9,0.65,False
2026-07-23 11:00:00,HVAC,100.17,31.7,0.77,False
2026-07-23 11:00:00,Lighting,20.37,31.7,0.77,False
2026-07-23 11:00:00,Labs,18.38,31.7,0.77,False
2026-07-23 11:00:00,Server Room,18.59,31.7,0.77,False
2026-07-23 11:00:00,Classrooms,23.53,31.7,0.77,False
2026-07-23 12:00:00,HVAC,100.0,31.7,0.52,False
2026-07-23 12:00:00,Lighting,18.62,31.7,0.52,False
2026-07-23 12:00:00,Labs,15.93,31.7,0.52,False
2026-07-23 12:00:00,Server Room,22.5,31.7,0.52,False
2026-07-23 12:00:00,Classrooms,13.76,31.7,0.52,False
2026-07-23 13:00:00,HVAC,83.27,29.3,0.52,False
2026-07-23 13:00:00,Lighting,18.08,29.3,0.52,False
2026-07-23 13:00:00,Labs,17.18,29.3,0.52,False
2026-07-23 13:00:00,Server Room,25.9,29.3,0.52,False
2026-07-23 13:00:00,Classrooms,11.23,29.3,0.52,False
2026-07-23 14:00:00,HVAC,113.1,33.9,0.79,False
2026-07-23 14:00:00,Lighting,23.85,33.9,0.79,False
2026-07-23 14:00:00,Labs,21.27,33.9,0.79,False
2026-07-23 14:00:00,Server Room,23.24,33.9,0.79,False
2026-07-23 14:00:00,Classrooms,21.6,33.9,0.79,False
2026-07-23 15:00:00,HVAC,108.89,33.7,0.67,False
2026-07-23 15:00:00,Lighting,22.22,33.7,0.67,False
2026-07-23 15:00:00,Labs,14.58,33.7,0.67,False
2026-07-23 15:00:00,Server Room,32.77,33.7,0.67,False
2026-07-23 15:00:00,Classrooms,9.88,33.7,0.67,False
2026-07-23 16:00:00,HVAC,96.56,31.7,0.62,False
2026-07-23 16:00:00,Lighting,19.71,31.7,0.62,False
2026-07-23 16:00:00,Labs,19.03,31.7,0.62,False
2026-07-23 16:00:00,Server Room,30.15,31.7,0.62,False
2026-07-23 16:00:00,Classrooms,13.14,31.7,0.62,False
2026-07-23 17:00:00,HVAC,104.8,32.3,0.65,False
2026-07-23 17:00:00,Lighting,17.82,32.3,0.65,False
2026-07-23 17:00:00,Labs,21.97,32.3,0.65,False
2026-07-23 17:00:00,Server Room,25.04,32.3,0.65,False
2026-07-23 17:00:00,Classrooms,10.62,32.3,0.65,False
2026-07-23 18:00:00,HVAC,80.5,28.0,0.66,False
2026-07-23 18:00:00,Lighting,19.52,28.0,0.66,False
2026-07-23 18:00:00,Labs,17.46,28.0,0.66,False
2026-07-23 18:00:00,Server Room,17.26,28.0,0.66,False
2026-07-23 18:00:00,Classrooms,13.96,28.0,0.66,False
2026-07-23 19:00:00,HVAC,67.31,28.2,0.16,False
2026-07-23 19:00:00,Lighting,11.99,28.2,0.16,False
2026-07-23 19:00:00,Labs,8.38,28.2,0.16,False
2026-07-23 19:00:00,Server Room,24.6,28.2,0.16,False
2026-07-23 19:00:00,Classrooms,7.05,28.2,0.16,False
2026-07-23 20:00:00,HVAC,50.8,25.2,0.08,False
2026-07-23 20:00:00,Lighting,11.04,25.2,0.08,False
2026-07-23 20:00:00,Labs,11.91,25.2,0.08,False
2026-07-23 20:00:00,Server Room,23.62,25.2,0.08,False
2026-07-23 20:00:00,Classrooms,5.03,25.2,0.08,False
2026-07-23 21:00:00,HVAC,47.64,24.9,0.01,False
2026-07-23 21:00:00,Lighting,14.86,24.9,0.01,False
2026-07-23 21:00:00,Labs,0.0,24.9,0.01,False
2026-07-23 21:00:00,Server Room,28.6,24.9,0.01,False
2026-07-23 21:00:00,Classrooms,9.77,24.9,0.01,False
2026-07-23 22:00:00,HVAC,32.54,21.9,0.04,False
2026-07-23 22:00:00,Lighting,13.96,21.9,0.04,False
2026-07-23 22:00:00,Labs,6.26,21.9,0.04,False
2026-07-23 22:00:00,Server Room,26.24,21.9,0.04,False
2026-07-23 22:00:00,Classrooms,7.16,21.9,0.04,False
2026-07-23 23:00:00,HVAC,32.39,20.8,0.14,False
2026-07-23 23:00:00,Lighting,6.42,20.8,0.14,False
2026-07-23 23:00:00,Labs,10.49,20.8,0.14,False
2026-07-23 23:00:00,Server Room,20.65,20.8,0.14,False
2026-07-23 23:00:00,Classrooms,16.74,20.8,0.14,False
2026-07-24 00:00:00,HVAC,23.17,19.8,0.16,False
2026-07-24 00:00:00,Lighting,10.56,19.8,0.16,False
2026-07-24 00:00:00,Labs,5.42,19.8,0.16,False
2026-07-24 00:00:00,Server Room,29.77,19.8,0.16,False
2026-07-24 00:00:00,Classrooms,11.73,19.8,0.16,False
2026-07-24 01:00:00,HVAC,15.58,20.1,0.0,False
2026-07-24 01:00:00,Lighting,12.04,20.1,0.0,False
2026-07-24 01:00:00,Labs,1.43,20.1,0.0,False
2026-07-24 01:00:00,Server Room,27.33,20.1,0.0,False
2026-07-24 01:00:00,Classrooms,8.03,20.1,0.0,False
2026-07-24 02:00:00,HVAC,15.53,18.6,0.12,False
2026-07-24 02:00:00,Lighting,12.63,18.6,0.12,False
2026-07-24 02:00:00,Labs,9.94,18.6,0.12,False
2026-07-24 02:00:00,Server Room,29.39,18.6,0.12,False
2026-07-24 02:00:00,Classrooms,7.83,18.6,0.12,False
2026-07-24 03:00:00,HVAC,25.84,19.4,0.18,False
2026-07-24 03:00:00,Lighting,14.58,19.4,0.18,False
2026-07-24 03:00:00,Labs,11.34,19.4,0.18,False
2026-07-24 03:00:00,Server Room,23.56,19.4,0.18,False
2026-07-24 03:00:00,Classrooms,7.47,19.4,0.18,False
2026-07-24 04:00:00,HVAC,42.97,24.4,0.06,False
2026-07-24 04:00:00,Lighting,14.2,24.4,0.06,False
2026-07-24 04:00:00,Labs,9.3,24.4,0.06,False
2026-07-24 04:00:00,Server Room,20.63,24.4,0.06,False
2026-07-24 04:00:00,Classrooms,2.63,24.4,0.06,False
2026-07-24 05:00:00,HVAC,17.24,19.6,0.11,False
2026-07-24 05:00:00,Lighting,11.2,19.6,0.11,False
2026-07-24 05:00:00,Labs,4.78,19.6,0.11,False
2026-07-24 05:00:00,Server Room,21.08,19.6,0.11,False
2026-07-24 05:00:00,Classrooms,4.97,19.6,0.11,False
2026-07-24 06:00:00,HVAC,42.43,22.4,0.05,False
2026-07-24 06:00:00,Lighting,16.69,22.4,0.05,False
2026-07-24 06:00:00,Labs,8.04,22.4,0.05,False
2026-07-24 06:00:00,Server Room,20.34,22.4,0.05,False
2026-07-24 06:00:00,Classrooms,2.59,22.4,0.05,False
2026-07-24 07:00:00,HVAC,50.0,24.5,0.19,False
2026-07-24 07:00:00,Lighting,14.07,24.5,0.19,False
2026-07-24 07:00:00,Labs,8.89,24.5,0.19,False
2026-07-24 07:00:00,Server Room,17.77,24.5,0.19,False
2026-07-24 07:00:00,Classrooms,8.51,24.5,0.19,False
2026-07-24 08:00:00,HVAC,69.2,26.4,0.72,False
2026-07-24 08:00:00,Lighting,23.06,26.4,0.72,False
2026-07-24 08:00:00,Labs,16.79,26.4,0.72,False
2026-07-24 08:00:00,Server Room,20.61,26.4,0.72,False
2026-07-24 08:00:00,Classrooms,22.15,26.4,0.72,False
2026-07-24 09:00:00,HVAC,78.02,27.7,0.72,False
2026-07-24 09:00:00,Lighting,21.3,27.7,0.72,False
2026-07-24 09:00:00,Labs,15.08,27.7,0.72,False
2026-07-24 09:00:00,Server Room,15.15,27.7,0.72,False
2026-07-24 09:00:00,Classrooms,18.71,27.7,0.72,False
2026-07-24 10:00:00,HVAC,95.42,29.1,0.99,False
2026-07-24 10:00:00,Lighting,20.96,29.1,0.99,False
2026-07-24 10:00:00,Labs,22.84,29.1,0.99,False
2026-07-24 10:00:00,Server Room,26.46,29.1,0.99,False
2026-07-24 10:00:00,Classrooms,24.29,29.1,0.99,False
2026-07-24 11:00:00,HVAC,105.62,30.6,0.96,False
2026-07-24 11:00:00,Lighting,20.63,30.6,0.96,False
2026-07-24 11:00:00,Labs,24.7,30.6,0.96,False
2026-07-24 11:00:00,Server Room,26.87,30.6,0.96,False
2026-07-24 11:00:00,Classrooms,22.93,30.6,0.96,False
2026-07-24 12:00:00,HVAC,99.39,31.9,0.54,False
2026-07-24 12:00:00,Lighting,16.3,31.9,0.54,False
2026-07-24 12:00:00,Labs,18.91,31.9,0.54,False
2026-07-24 12:00:00,Server Room,33.35,31.9,0.54,False
2026-07-24 12:00:00,Classrooms,16.24,31.9,0.54,False
2026-07-24 13:00:00,HVAC,101.79,32.9,0.69,False
2026-07-24 13:00:00,Lighting,18.11,32.9,0.69,False
2026-07-24 13:00:00,Labs,17.87,32.9,0.69,False
2026-07-24 13:00:00,Server Room,22.17,32.9,0.69,False
2026-07-24 13:00:00,Classrooms,21.39,32.9,0.69,False
2026-07-24 14:00:00,HVAC,107.05,33.5,0.82,False
2026-07-24 14:00:00,Lighting,23.11,33.5,0.82,False
2026-07-24 14:00:00,Labs,18.55,33.5,0.82,False
2026-07-24 14:00:00,Server Room,28.3,33.5,0.82,False
2026-07-24 14:00:00,Classrooms,21.04,33.5,0.82,False
2026-07-24 15:00:00,HVAC,108.99,32.9,0.76,False
2026-07-24 15:00:00,Lighting,21.36,32.9,0.76,False
2026-07-24 15:00:00,Labs,18.04,32.9,0.76,False
2026-07-24 15:00:00,Server Room,26.11,32.9,0.76,False
2026-07-24 15:00:00,Classrooms,18.38,32.9,0.76,False
2026-07-24 16:00:00,HVAC,79.38,28.8,0.57,False
2026-07-24 16:00:00,Lighting,15.17,28.8,0.57,False
2026-07-24 16:00:00,Labs,19.24,28.8,0.57,False
2026-07-24 16:00:00,Server Room,27.03,28.8,0.57,False
2026-07-24 16:00:00,Classrooms,12.23,28.8,0.57,False
2026-07-24 17:00:00,HVAC,88.95,30.7,0.54,False
2026-07-24 17:00:00,Lighting,21.22,30.7,0.54,False
2026-07-24 17:00:00,Labs,16.95,30.7,0.54,False
2026-07-24 17:00:00,Server Room,25.97,30.7,0.54,False
2026-07-24 17:00:00,Classrooms,10.82,30.7,0.54,False
2026-07-24 18:00:00,HVAC,94.13,29.9,0.93,False
2026-07-24 18:00:00,Lighting,24.63,29.9,0.93,False
2026-07-24 18:00:00,Labs,28.64,29.9,0.93,False
2026-07-24 18:00:00,Server Room,26.87,29.9,0.93,False
2026-07-24 18:00:00,Classrooms,21.56,29.9,0.93,False
2026-07-24 19:00:00,HVAC,65.32,29.3,0.04,False
2026-07-24 19:00:00,Lighting,11.2,29.3,0.04,False
2026-07-24 19:00:00,Labs,3.05,29.3,0.04,False
2026-07-24 19:00:00,Server Room,23.61,29.3,0.04,False
2026-07-24 19:00:00,Classrooms,8.91,29.3,0.04,False
2026-07-24 20:00:00,HVAC,46.96,24.2,0.21,False
2026-07-24 20:00:00,Lighting,13.92,24.2,0.21,False
2026-07-24 20:00:00,Labs,5.95,24.2,0.21,False
2026-07-24 20:00:00,Server Room,24.85,24.2,0.21,False
2026-07-24 20:00:00,Classrooms,13.71,24.2,0.21,False
2026-07-24 21:00:00,HVAC,54.37,26.0,0.23,False
2026-07-24 21:00:00,Lighting,14.26,26.0,0.23,False
2026-07-24 21:00:00,Labs,14.1,26.0,0.23,False
2026-07-24 21:00:00,Server Room,20.27,26.0,0.23,False
2026-07-24 21:00:00,Classrooms,10.59,26.0,0.23,False
2026-07-24 22:00:00,HVAC,47.2,24.2,0.27,False
2026-07-24 22:00:00,Lighting,17.42,24.2,0.27,False
2026-07-24 22:00:00,Labs,10.15,24.2,0.27,False
2026-07-24 22:00:00,Server Room,26.61,24.2,0.27,False
2026-07-24 22:00:00,Classrooms,8.25,24.2,0.27,False
2026-07-24 23:00:00,HVAC,25.56,20.3,0.06,False
2026-07-24 23:00:00,Lighting,10.07,20.3,0.06,False
2026-07-24 23:00:00,Labs,3.16,20.3,0.06,False
2026-07-24 23:00:00,Server Room,25.76,20.3,0.06,False
2026-07-24 23:00:00,Classrooms,5.92,20.3,0.06,False
2026-07-25 00:00:00,HVAC,24.39,20.5,0.11,True
2026-07-25 00:00:00,Lighting,19.21,20.5,0.11,True
2026-07-25 00:00:00,Labs,3.49,20.5,0.11,True
2026-07-25 00:00:00,Server Room,23.73,20.5,0.11,True
2026-07-25 00:00:00,Classrooms,5.03,20.5,0.11,True
2026-07-25 01:00:00,HVAC,27.24,21.1,0.07,True
2026-07-25 01:00:00,Lighting,4.07,21.1,0.07,True
2026-07-25 01:00:00,Labs,5.96,21.1,0.07,True
2026-07-25 01:00:00,Server Room,27.01,21.1,0.07,True
2026-07-25 01:00:00,Classrooms,5.99,21.1,0.07,True
2026-07-25 02:00:00,HVAC,27.45,21.9,0.01,True
2026-07-25 02:00:00,Lighting,13.33,21.9,0.01,True
2026-07-25 02:00:00,Labs,0.0,21.9,0.01,True
2026-07-25 02:00:00,Server Room,21.25,21.9,0.01,True
2026-07-25 02:00:00,Classrooms,10.03,21.9,0.01,True
2026-07-25 03:00:00,HVAC,17.31,19.9,0.07,True
2026-07-25 03:00:00,Lighting,12.0,19.9,0.07,True
2026-07-25 03:00:00,Labs,4.04,19.9,0.07,True
2026-07-25 03:00:00,Server Room,24.3,19.9,0.07,True
2026-07-25 03:00:00,Classrooms,5.89,19.9,0.07,True
2026-07-25 04:00:00,HVAC,41.72,23.8,0.14,True
2026-07-25 04:00:00,Lighting,11.37,23.8,0.14,True
2026-07-25 04:00:00,Labs,4.86,23.8,0.14,True
2026-07-25 04:00:00,Server Room,25.02,23.8,0.14,True
2026-07-25 04:00:00,Classrooms,6.61,23.8,0.14,True
2026-07-25 05:00:00,HVAC,31.4,22.6,0.03,True
2026-07-25 05:00:00,Lighting,6.98,22.6,0.03,True
2026-07-25 05:00:00,Labs,2.24,22.6,0.03,True
2026-07-25 05:00:00,Server Room,26.08,22.6,0.03,True
2026-07-25 05:00:00,Classrooms,7.07,22.6,0.03,True
2026-07-25 06:00:00,HVAC,38.17,23.5,0.09,True
2026-07-25 06:00:00,Lighting,7.06,23.5,0.09,True
2026-07-25 06:00:00,Labs,8.08,23.5,0.09,True
2026-07-25 06:00:00,Server Room,25.02,23.5,0.09,True
2026-07-25 06:00:00,Classrooms,3.83,23.5,0.09,True
2026-07-25 07:00:00,HVAC,39.56,23.1,0.12,True
2026-07-25 07:00:00,Lighting,10.39,23.1,0.12,True
2026-07-25 07:00:00,Labs,0.28,23.1,0.12,True
2026-07-25 07:00:00,Server Room,22.81,23.1,0.12,True
2026-07-25 07:00:00,Classrooms,2.82,23.1,0.12,True
2026-07-25 08:00:00,HVAC,53.14,25.7,0.19,True
2026-07-25 08:00:00,Lighting,12.2,25.7,0.19,True
2026-07-25 08:00:00,Labs,2.46,25.7,0.19,True
2026-07-25 08:00:00,Server Room,31.16,25.7,0.19,True
2026-07-25 08:00:00,Classrooms,8.11,25.7,0.19,True
2026-07-25 09:00:00,HVAC,71.25,28.3,0.14,True
2026-07-25 09:00:00,Lighting,8.91,28.3,0.14,True
2026-07-25 09:00:00,Labs,8.56,28.3,0.14,True
2026-07-25 09:00:00,Server Room,22.26,28.3,0.14,True
2026-07-25 09:00:00,Classrooms,3.97,28.3,0.14,True
2026-07-25 10:00:00,HVAC,70.1,30.5,0.07,True
2026-07-25 10:00:00,Lighting,9.05,30.5,0.07,True
2026-07-25 10:00:00,Labs,6.15,30.5,0.07,True
2026-07-25 10:00:00,Server Room,26.95,30.5,0.07,True
2026-07-25 10:00:00,Classrooms,4.86,30.5,0.07,True
2026-07-25 11:00:00,HVAC,71.77,29.3,0.14,True
2026-07-25 11:00:00,Lighting,14.37,29.3,0.14,True
2026-07-25 11:00:00,Labs,3.02,29.3,0.14,True
2026-07-25 11:00:00,Server Room,23.36,29.3,0.14,True
2026-07-25 11:00:00,Classrooms,1.78,29.3,0.14,True
2026-07-25 12:00:00,HVAC,77.49,31.7,0.12,True
2026-07-25 12:00:00,Lighting,11.9,31.7,0.12,True
2026-07-25 12:00:00,Labs,6.16,31.7,0.12,True
2026-07-25 12:00:00,Server Room,25.88,31.7,0.12,True
2026-07-25 12:00:00,Classrooms,7.71,31.7,0.12,True
2026-07-25 13:00:00,HVAC,71.98,30.5,0.03,True
2026-07-25 13:00:00,Lighting,16.84,30.5,0.03,True
2026-07-25 13:00:00,Labs,7.31,30.5,0.03,True
2026-07-25 13:00:00,Server Room,27.69,30.5,0.03,True
2026-07-25 13:00:00,Classrooms,1.82,30.5,0.03,True
2026-07-25 14:00:00,HVAC,86.03,32.6,0.04,True
2026-07-25 14:00:00,Lighting,16.7,32.6,0.04,True
2026-07-25 14:00:00,Labs,0.05,32.6,0.04,True
2026-07-25 14:00:00,Server Room,18.79,32.6,0.04,True
2026-07-25 14:00:00,Classrooms,0.18,32.6,0.04,True
2026-07-25 15:00:00,HVAC,87.43,31.2,0.2,True
2026-07-25 15:00:00,Lighting,12.43,31.2,0.2,True
2026-07-25 15:00:00,Labs,3.5,31.2,0.2,True
2026-07-25 15:00:00,Server Room,23.82,31.2,0.2,True
2026-07-25 15:00:00,Classrooms,5.65,31.2,0.2,True
2026-07-25 16:00:00,HVAC,72.61,30.8,0.02,True
2026-07-25 16:00:00,Lighting,15.43,30.8,0.02,True
2026-07-25 16:00:00,Labs,8.43,30.8,0.02,True
2026-07-25 16:00:00,Server Room,27.39,30.8,0.02,True
2026-07-25 16:00:00,Classrooms,3.07,30.8,0.02,True
2026-07-25 17:00:00,HVAC,75.06,31.6,0.11,True
2026-07-25 17:00:00,Lighting,12.32,31.6,0.11,True
2026-07-25 17:00:00,Labs,8.21,31.6,0.11,True
2026-07-25 17:00:00,Server Room,24.51,31.6,0.11,True
2026-07-25 17:00:00,Classrooms,4.33,31.6,0.11,True
2026-07-25 18:00:00,HVAC,62.94,28.7,0.14,True
2026-07-25 18:00:00,Lighting,8.69,28.7,0.14,True
2026-07-25 18:00:00,Labs,7.58,28.7,0.14,True
2026-07-25 18:00:00,Server Room,22.59,28.7,0.14,True
2026-07-25 18:00:00,Classrooms,7.95,28.7,0.14,True
2026-07-25 19:00:00,HVAC,49.98,25.0,0.12,True
2026-07-25 19:00:00,Lighting,12.68,25.0,0.12,True
2026-07-25 19:00:00,Labs,9.27,25.0,0.12,True
2026-07-25 19:00:00,Server Room,26.7,25.0,0.12,True
2026-07-25 19:00:00,Classrooms,1.93,25.0,0.12,True
2026-07-25 20:00:00,HVAC,46.58,25.1,0.06,True
2026-07-25 20:00:00,Lighting,12.26,25.1,0.06,True
2026-07-25 20:00:00,Labs,3.54,25.1,0.06,True
2026-07-25 20:00:00,Server Room,26.67,25.1,0.06,True
2026-07-25 20:00:00,Classrooms,4.07,25.1,0.06,True
2026-07-25 21:00:00,HVAC,48.3,25.0,0.07,True
2026-07-25 21:00:00,Lighting,11.68,25.0,0.07,True
2026-07-25 21:00:00,Labs,5.71,25.0,0.07,True
2026-07-25 21:00:00,Server Room,27.63,25.0,0.07,True
2026-07-25 21:00:00,Classrooms,4.58,25.0,0.07,True
2026-07-25 22:00:00,HVAC,32.35,21.0,0.18,True
2026-07-25 22:00:00,Lighting,15.03,21.0,0.18,True
2026-07-25 22:00:00,Labs,3.18,21.0,0.18,True
2026-07-25 22:00:00,Server Room,25.09,21.0,0.18,True
2026-07-25 22:00:00,Classrooms,5.83,21.0,0.18,True
2026-07-25 23:00:00,HVAC,15.42,18.4,0.05,True
2026-07-25 23:00:00,Lighting,11.8,18.4,0.05,True
2026-07-25 23:00:00,Labs,5.75,18.4,0.05,True
2026-07-25 23:00:00,Server Room,26.84,18.4,0.05,True
2026-07-25 23:00:00,Classrooms,5.96,18.4,0.05,True
2026-07-26 00:00:00,HVAC,21.78,19.4,0.07,True
2026-07-26 00:00:00,Lighting,12.02,19.4,0.07,True
2026-07-26 00:00:00,Labs,8.63,19.4,0.07,True
2026-07-26 00:00:00,Server Room,24.17,19.4,0.07,True
2026-07-26 00:00:00,Classrooms,3.67,19.4,0.07,True
2026-07-26 01:00:00,HVAC,24.53,20.6,0.11,True
2026-07-26 01:00:00,Lighting,13.29,20.6,0.11,True
2026-07-26 01:00:00,Labs,7.92,20.6,0.11,True
2026-07-26 01:00:00,Server Room,24.58,20.6,0.11,True
2026-07-26 01:00:00,Classrooms,6.11,20.6,0.11,True
2026-07-26 02:00:00,HVAC,17.95,18.8,0.16,True
2026-07-26 02:00:00,Lighting,9.75,18.8,0.16,True
2026-07-26 02:00:00,Labs,6.24,18.8,0.16,True
2026-07-26 02:00:00,Server Room,22.37,18.8,0.16,True
2026-07-26 02:00:00,Classrooms,4.48,18.8,0.16,True
2026-07-26 03:00:00,HVAC,29.91,21.3,0.08,True
2026-07-26 03:00:00,Lighting,11.04,21.3,0.08,True
2026-07-26 03:00:00,Labs,11.34,21.3,0.08,True
2026-07-26 03:00:00,Server Room,24.92,21.3,0.08,True
2026-07-26 03:00:00,Classrooms,4.64,21.3,0.08,True
2026-07-26 04:00:00,HVAC,19.96,19.6,0.12,True
2026-07-26 04:00:00,Lighting,16.65,19.6,0.12,True
2026-07-26 04:00:00,Labs,7.77,19.6,0.12,True
2026-07-26 04:00:00,Server Room,23.92,19.6,0.12,True
2026-07-26 04:00:00,Classrooms,6.21,19.6,0.12,True
2026-07-26 05:00:00,HVAC,26.71,20.6,0.11,True
2026-07-26 05:00:00,Lighting,11.56,20.6,0.11,True
2026-07-26 05:00:00,Labs,1.75,20.6,0.11,True
2026-07-26 05:00:00,Server Room,26.41,20.6,0.11,True
2026-07-26 05:00:00,Classrooms,5.28,20.6,0.11,True
2026-07-26 06:00:00,HVAC,30.75,21.8,0.05,True
2026-07-26 06:00:00,Lighting,8.65,21.8,0.05,True
2026-07-26 06:00:00,Labs,3.48,21.8,0.05,True
2026-07-26 06:00:00,Server Room,18.94,21.8,0.05,True
2026-07-26 06:00:00,Classrooms,2.77,21.8,0.05,True
2026-07-26 07:00:00,HVAC,36.25,23.1,0.14,True
2026-07-26 07:00:00,Lighting,8.45,23.1,0.14,True
2026-07-26 07:00:00,Labs,4.25,23.1,0.14,True
2026-07-26 07:00:00,Server Room,26.86,23.1,0.14,True
2026-07-26 07:00:00,Classrooms,7.29,23.1,0.14,True
2026-07-26 08:00:00,HVAC,55.22,27.1,0.08,True
2026-07-26 08:00:00,Lighting,6.38,27.1,0.08,True
2026-07-26 08:00:00,Labs,8.49,27.1,0.08,True
2026-07-26 08:00:00,Server Room,29.13,27.1,0.08,True
2026-07-26 08:00:00,Classrooms,9.01,27.1,0.08,True
2026-07-26 09:00:00,HVAC,63.89,27.8,0.19,True
2026-07-26 09:00:00,Lighting,16.58,27.8,0.19,True
2026-07-26 09:00:00,Labs,1.48,27.8,0.19,True
2026-07-26 09:00:00,Server Room,26.12,27.8,0.19,True
2026-07-26 09:00:00,Classrooms,0.0,27.8,0.19,True
2026-07-26 10:00:00,HVAC,64.35,28.3,0.12,True
2026-07-26 10:00:00,Lighting,14.96,28.3,0.12,True
2026-07-26 10:00:00,Labs,4.43,28.3,0.12,True
2026-07-26 10:00:00,Server Room,18.05,28.3,0.12,True
2026-07-26 10:00:00,Classrooms,2.42,28.3,0.12,True
2026-07-26 11:00:00,HVAC,77.36,30.3,0.12,True
2026-07-26 11:00:00,Lighting,6.31,30.3,0.12,True
2026-07-26 11:00:00,Labs,3.82,30.3,0.12,True
2026-07-26 11:00:00,Server Room,23.24,30.3,0.12,True
2026-07-26 11:00:00,Classrooms,0.91,30.3,0.12,True
2026-07-26 12:00:00,HVAC,76.22,31.5,0.01,True
2026-07-26 12:00:00,Lighting,8.62,31.5,0.01,True
2026-07-26 12:00:00,Labs,4.82,31.5,0.01,True
2026-07-26 12:00:00,Server Room,23.38,31.5,0.01,True
2026-07-26 12:00:00,Classrooms,4.75,31.5,0.01,True
2026-07-26 13:00:00,HVAC,76.89,30.3,0.12,True
2026-07-26 13:00:00,Lighting,15.5,30.3,0.12,True
2026-07-26 13:00:00,Labs,2.68,30.3,0.12,True
2026-07-26 13:00:00,Server Room,21.69,30.3,0.12,True
2026-07-26 13:00:00,Classrooms,5.75,30.3,0.12,True
2026-07-26 14:00:00,HVAC,76.4,30.5,0.05,True
2026-07-26 14:00:00,Lighting,7.64,30.5,0.05,True
2026-07-26 14:00:00,Labs,5.64,30.5,0.05,True
2026-07-26 14:00:00,Server Room,21.78,30.5,0.05,True
2026-07-26 14:00:00,Classrooms,5.86,30.5,0.05,True
2026-07-26 15:00:00,HVAC,80.15,31.7,0.11,True
2026-07-26 15:00:00,Lighting,2.53,31.7,0.11,True
2026-07-26 15:00:00,Labs,1.67,31.7,0.11,True
2026-07-26 15:00:00,Server Room,26.82,31.7,0.11,True
2026-07-26 15:00:00,Classrooms,7.07,31.7,0.11,True
2026-07-26 16:00:00,HVAC,84.49,31.3,0.18,True
2026-07-26 16:00:00,Lighting,8.77,31.3,0.18,True
2026-07-26 16:00:00,Labs,6.99,31.3,0.18,True
2026-07-26 16:00:00,Server Room,24.81,31.3,0.18,True
2026-07-26 16:00:00,Classrooms,6.61,31.3,0.18,True
2026-07-26 17:00:00,HVAC,86.27,32.1,0.14,True
2026-07-26 17:00:00,Lighting,11.52,32.1,0.14,True
2026-07-26 17:00:00,Labs,2.62,32.1,0.14,True
2026-07-26 17:00:00,Server Room,27.6,32.1,0.14,True
2026-07-26 17:00:00,Classrooms,8.32,32.1,0.14,True
2026-07-26 18:00:00,HVAC,70.28,29.5,0.13,True
2026-07-26 18:00:00,Lighting,11.64,29.5,0.13,True
2026-07-26 18:00:00,Labs,6.01,29.5,0.13,True
2026-07-26 18:00:00,Server Room,26.64,29.5,0.13,True
2026-07-26 18:00:00,Classrooms,5.5,29.5,0.13,True
2026-07-26 19:00:00,HVAC,45.3,24.4,0.13,True
2026-07-26 19:00:00,Lighting,13.35,24.4,0.13,True
2026-07-26 19:00:00,Labs,5.41,24.4,0.13,True
2026-07-26 19:00:00,Server Room,26.88,24.4,0.13,True
2026-07-26 19:00:00,Classrooms,5.2,24.4,0.13,True
2026-07-26 20:00:00,HVAC,52.18,25.3,0.03,True
2026-07-26 20:00:00,Lighting,15.38,25.3,0.03,True
2026-07-26 20:00:00,Labs,5.2,25.3,0.03,True
2026-07-26 20:00:00,Server Room,24.98,25.3,0.03,True
2026-07-26 20:00:00,Classrooms,7.98,25.3,0.03,True
2026-07-26 21:00:00,HVAC,56.49,26.6,0.03,True
2026-07-26 21:00:00,Lighting,14.57,26.6,0.03,True
2026-07-26 21:00:00,Labs,11.07,26.6,0.03,True
2026-07-26 21:00:00,Server Room,26.04,26.6,0.03,True
2026-07-26 21:00:00,Classrooms,9.64,26.6,0.03,True
2026-07-26 22:00:00,HVAC,25.94,21.6,0.05,True
2026-07-26 22:00:00,Lighting,12.65,21.6,0.05,True
2026-07-26 22:00:00,Labs,2.5,21.6,0.05,True
2026-07-26 22:00:00,Server Room,25.26,21.6,0.05,True
2026-07-26 22:00:00,Classrooms,8.52,21.6,0.05,True
2026-07-26 23:00:00,HVAC,38.02,22.1,0.11,True
2026-07-26 23:00:00,Lighting,5.49,22.1,0.11,True
2026-07-26 23:00:00,Labs,0.0,22.1,0.11,True
2026-07-26 23:00:00,Server Room,22.51,22.1,0.11,True
2026-07-26 23:00:00,Classrooms,2.32,22.1,0.11,True
2026-07-27 00:00:00,HVAC,18.83,20.4,0.03,False
2026-07-27 00:00:00,Lighting,8.2,20.4,0.03,False
2026-07-27 00:00:00,Labs,4.33,20.4,0.03,False
2026-07-27 00:00:00,Server Room,23.21,20.4,0.03,False
2026-07-27 00:00:00,Classrooms,3.77,20.4,0.03,False
2026-07-27 01:00:00,HVAC,22.39,20.4,0.05,False
2026-07-27 01:00:00,Lighting,9.99,20.4,0.05,False
2026-07-27 01:00:00,Labs,13.24,20.4,0.05,False
2026-07-27 01:00:00,Server Room,27.67,20.4,0.05,False
2026-07-27 01:00:00,Classrooms,9.23,20.4,0.05,False
2026-07-27 02:00:00,HVAC,33.29,21.7,0.13,False
2026-07-27 02:00:00,Lighting,8.74,21.7,0.13,False
2026-07-27 02:00:00,Labs,6.08,21.7,0.13,False
2026-07-27 02:00:00,Server Room,24.87,21.7,0.13,False
2026-07-27 02:00:00,Classrooms,10.9,21.7,0.13,False
2026-07-27 03:00:00,HVAC,9.9,18.0,0.14,False
2026-07-27 03:00:00,Lighting,8.49,18.0,0.14,False
2026-07-27 03:00:00,Labs,6.83,18.0,0.14,False
2026-07-27 03:00:00,Server Room,20.42,18.0,0.14,False
2026-07-27 03:00:00,Classrooms,9.46,18.0,0.14,False
2026-07-27 04:00:00,HVAC,13.92,17.8,0.12,False
2026-07-27 04:00:00,Lighting,11.92,17.8,0.12,False
2026-07-27 04:00:00,Labs,12.03,17.8,0.12,False
2026-07-27 04:00:00,Server Room,23.46,17.8,0.12,False
2026-07-27 04:00:00,Classrooms,0.0,17.8,0.12,False
2026-07-27 05:00:00,HVAC,31.95,21.6,0.27,False
2026-07-27 05:00:00,Lighting,14.66,21.6,0.27,False
2026-07-27 05:00:00,Labs,3.83,21.6,0.27,False
2026-07-27 05:00:00,Server Room,24.53,21.6,0.27,False
2026-07-27 05:00:00,Classrooms,10.96,21.6,0.27,False
2026-07-27 06:00:00,HVAC,40.52,22.9,0.03,False
2026-07-27 06:00:00,Lighting,13.23,22.9,0.03,False
2026-07-27 06:00:00,Labs,7.84,22.9,0.03,False
2026-07-27 06:00:00,Server Room,19.19,22.9,0.03,False
2026-07-27 06:00:00,Classrooms,2.05,22.9,0.03,False
2026-07-27 07:00:00,HVAC,48.36,24.8,0.18,False
2026-07-27 07:00:00,Lighting,13.71,24.8,0.18,False
2026-07-27 07:00:00,Labs,9.4,24.8,0.18,False
2026-07-27 07:00:00,Server Room,24.83,24.8,0.18,False
2026-07-27 07:00:00,Classrooms,1.99,24.8,0.18,False
2026-07-27 08:00:00,HVAC,79.01,27.6,0.87,False
2026-07-27 08:00:00,Lighting,24.61,27.6,0.87,False
2026-07-27 08:00:00,Labs,26.98,27.6,0.87,False
2026-07-27 08:00:00,Server Room,22.93,27.6,0.87,False
2026-07-27 08:00:00,Classrooms,21.02,27.6,0.87,False
2026-07-27 09:00:00,HVAC,86.11,27.8,0.92,False
2026-07-27 09:00:00,Lighting,28.36,27.8,0.92,False
2026-07-27 09:00:00,Labs,25.56,27.8,0.92,False
2026-07-27 09:00:00,Server Room,27.23,27.8,0.92,False
2026-07-27 09:00:00,Classrooms,24.24,27.8,0.92,False
2026-07-27 10:00:00,HVAC,88.2,27.6,0.99,False
2026-07-27 10:00:00,Lighting,25.8,27.6,0.99,False
2026-07-27 10:00:00,Labs,24.48,27.6,0.99,False
2026-07-27 10:00:00,Server Room,27.11,27.6,0.99,False
2026-07-27 10:00:00,Classrooms,22.48,27.6,0.99,False
2026-07-27 11:00:00,HVAC,87.9,28.7,0.9,False
2026-07-27 11:00:00,Lighting,18.75,28.7,0.9,False
2026-07-27 11:00:00,Labs,25.0,28.7,0.9,False
2026-07-27 11:00:00,Server Room,19.6,28.7,0.9,False
2026-07-27 11:00:00,Classrooms,18.0,28.7,0.9,False
2026-07-27 12:00:00,HVAC,104.76,30.8,0.95,False
2026-07-27 12:00:00,Lighting,24.67,30.8,0.95,False
2026-07-27 12:00:00,Labs,25.31,30.8,0.95,False
2026-07-27 12:00:00,Server Room,22.94,30.8,0.95,False
2026-07-27 12:00:00,Classrooms,26.22,30.8,0.95,False
2026-07-27 13:00:00,HVAC,87.34,30.9,0.52,False
2026-07-27 13:00:00,Lighting,17.9,30.9,0.52,False
2026-07-27 13:00:00,Labs,13.02,30.9,0.52,False
2026-07-27 13:00:00,Server Room,17.11,30.9,0.52,False
2026-07-27 13:00:00,Classrooms,15.98,30.9,0.52,False
2026-07-27 14:00:00,HVAC,108.91,32.7,0.81,False
2026-07-27 14:00:00,Lighting,25.59,32.7,0.81,False
2026-07-27 14:00:00,Labs,22.18,32.7,0.81,False
2026-07-27 14:00:00,Server Room,19.9,32.7,0.81,False
2026-07-27 14:00:00,Classrooms,22.8,32.7,0.81,False
2026-07-27 15:00:00,HVAC,99.56,32.0,0.72,False
2026-07-27 15:00:00,Lighting,16.06,32.0,0.72,False
2026-07-27 15:00:00,Labs,23.98,32.0,0.72,False
2026-07-27 15:00:00,Server Room,25.93,32.0,0.72,False
2026-07-27 15:00:00,Classrooms,24.75,32.0,0.72,False
2026-07-27 16:00:00,HVAC,105.5,33.6,0.59,False
2026-07-27 16:00:00,Lighting,18.08,33.6,0.59,False
2026-07-27 16:00:00,Labs,15.93,33.6,0.59,False
2026-07-27 16:00:00,Server Room,27.34,33.6,0.59,False
2026-07-27 16:00:00,Classrooms,18.29,33.6,0.59,False
2026-07-27 17:00:00,HVAC,84.6,30.0,0.62,False
2026-07-27 17:00:00,Lighting,21.3,30.0,0.62,False
2026-07-27 17:00:00,Labs,18.26,30.0,0.62,False
2026-07-27 17:00:00,Server Room,24.54,30.0,0.62,False
2026-07-27 17:00:00,Classrooms,16.7,30.0,0.62,False
2026-07-27 18:00:00,HVAC,89.34,30.2,0.62,False
2026-07-27 18:00:00,Lighting,17.46,30.2,0.62,False
2026-07-27 18:00:00,Labs,11.45,30.2,0.62,False
2026-07-27 18:00:00,Server Room,23.87,30.2,0.62,False
2026-07-27 18:00:00,Classrooms,13.56,30.2,0.62,False
2026-07-27 19:00:00,HVAC,59.42,27.2,0.19,False
2026-07-27 19:00:00,Lighting,11.23,27.2,0.19,False
2026-07-27 19:00:00,Labs,9.64,27.2,0.19,False
2026-07-27 19:00:00,Server Room,26.45,27.2,0.19,False
2026-07-27 19:00:00,Classrooms,9.75,27.2,0.19,False
2026-07-27 20:00:00,HVAC,58.54,26.2,0.11,False
2026-07-27 20:00:00,Lighting,9.31,26.2,0.11,False
2026-07-27 20:00:00,Labs,2.81,26.2,0.11,False
2026-07-27 20:00:00,Server Room,28.71,26.2,0.11,False
2026-07-27 20:00:00,Classrooms,5.44,26.2,0.11,False
2026-07-27 21:00:00,HVAC,64.2,27.4,0.11,False
2026-07-27 21:00:00,Lighting,11.9,27.4,0.11,False
2026-07-27 21:00:00,Labs,8.09,27.4,0.11,False
2026-07-27 21:00:00,Server Room,22.45,27.4,0.11,False
2026-07-27 21:00:00,Classrooms,9.06,27.4,0.11,False
2026-07-27 22:00:00,HVAC,35.87,21.6,0.29,False
2026-07-27 22:00:00,Lighting,14.5,21.6,0.29,False
2026-07-27 22:00:00,Labs,11.45,21.6,0.29,False
2026-07-27 22:00:00,Server Room,25.63,21.6,0.29,False
2026-07-27 22:00:00,Classrooms,12.27,21.6,0.29,False
2026-07-27 23:00:00,HVAC,28.91,21.6,0.07,False
2026-07-27 23:00:00,Lighting,15.96,21.6,0.07,False
2026-07-27 23:00:00,Labs,9.24,21.6,0.07,False
2026-07-27 23:00:00,Server Room,27.12,21.6,0.07,False
2026-07-27 23:00:00,Classrooms,7.18,21.6,0.07,False
2026-07-28 00:00:00,HVAC,30.69,20.6,0.21,False
2026-07-28 00:00:00,Lighting,11.9,20.6,0.21,False
2026-07-28 00:00:00,Labs,11.02,20.6,0.21,False
2026-07-28 00:00:00,Server Room,22.89,20.6,0.21,False
2026-07-28 00:00:00,Classrooms,10.9,20.6,0.21,False
2026-07-28 01:00:00,HVAC,6.62,17.7,0.04,False
2026-07-28 01:00:00,Lighting,10.95,17.7,0.04,False
2026-07-28 01:00:00,Labs,15.23,17.7,0.04,False
2026-07-28 01:00:00,Server Room,23.59,17.7,0.04,False
2026-07-28 01:00:00,Classrooms,5.6,17.7,0.04,False
2026-07-28 02:00:00,HVAC,15.91,20.1,0.08,False
2026-07-28 02:00:00,Lighting,13.84,20.1,0.08,False
2026-07-28 02:00:00,Labs,2.28,20.1,0.08,False
2026-07-28 02:00:00,Server Room,21.88,20.1,0.08,False
2026-07-28 02:00:00,Classrooms,6.17,20.1,0.08,False
2026-07-28 03:00:00,HVAC,33.84,20.4,0.25,False
2026-07-28 03:00:00,Lighting,12.09,20.4,0.25,False
2026-07-28 03:00:00,Labs,2.03,20.4,0.25,False
2026-07-28 03:00:00,Server Room,29.51,20.4,0.25,False
2026-07-28 03:00:00,Classrooms,6.18,20.4,0.25,False
2026-07-28 04:00:00,HVAC,44.32,23.1,0.24,False
2026-07-28 04:00:00,Lighting,16.98,23.1,0.24,False
2026-07-28 04:00:00,Labs,7.03,23.1,0.24,False
2026-07-28 04:00:00,Server Room,19.61,23.1,0.24,False
2026-07-28 04:00:00,Classrooms,11.08,23.1,0.24,False
2026-07-28 05:00:00,HVAC,26.42,21.0,0.08,False
2026-07-28 05:00:00,Lighting,11.8,21.0,0.08,False
2026-07-28 05:00:00,Labs,8.34,21.0,0.08,False
2026-07-28 05:00:00,Server Room,22.36,21.0,0.08,False
2026-07-28 05:00:00,Classrooms,9.3,21.0,0.08,False
2026-07-28 06:00:00,HVAC,44.28,22.0,0.28,False
2026-07-28 06:00:00,Lighting,13.88,22.0,0.28,False
2026-07-28 06:00:00,Labs,15.07,22.0,0.28,False
2026-07-28 06:00:00,Server Room,24.04,22.0,0.28,False
2026-07-28 06:00:00,Classrooms,9.38,22.0,0.28,False
2026-07-28 07:00:00,HVAC,41.88,23.8,0.15,False
2026-07-28 07:00:00,Lighting,9.13,23.8,0.15,False
2026-07-28 07:00:00,Labs,4.26,23.8,0.15,False
2026-07-28 07:00:00,Server Room,22.29,23.8,0.15,False
2026-07-28 07:00:00,Classrooms,11.04,23.8,0.15,False
2026-07-28 08:00:00,HVAC,70.99,27.1,0.56,False
2026-07-28 08:00:00,Lighting,20.14,27.1,0.56,False
2026-07-28 08:00:00,Labs,15.8,27.1,0.56,False
2026-07-28 08:00:00,Server Room,23.66,27.1,0.56,False
2026-07-28 08:00:00,Classrooms,10.25,27.1,0.56,False
2026-07-28 09:00:00,HVAC,66.32,25.3,0.7,False
2026-07-28 09:00:00,Lighting,21.58,25.3,0.7,False
2026-07-28 09:00:00,Labs,18.17,25.3,0.7,False
2026-07-28 09:00:00,Server Room,24.75,25.3,0.7,False
2026-07-28 09:00:00,Classrooms,22.0,25.3,0.7,False
2026-07-28 10:00:00,HVAC,83.77,27.7,0.71,False
2026-07-28 10:00:00,Lighting,16.05,27.7,0.71,False
2026-07-28 10:00:00,Labs,22.7,27.7,0.71,False
2026-07-28 10:00:00,Server Room,24.7,27.7,0.71,False
2026-07-28 10:00:00,Classrooms,11.22,27.7,0.71,False
2026-07-28 11:00:00,HVAC,99.71,30.4,0.85,False
2026-07-28 11:00:00,Lighting,21.84,30.4,0.85,False
2026-07-28 11:00:00,Labs,30.59,30.4,0.85,False
2026-07-28 11:00:00,Server Room,32.71,30.4,0.85,False
2026-07-28 11:00:00,Classrooms,16.64,30.4,0.85,False
2026-07-28 12:00:00,HVAC,103.29,30.7,0.83,False
2026-07-28 12:00:00,Lighting,23.93,30.7,0.83,False
2026-07-28 12:00:00,Labs,24.25,30.7,0.83,False
2026-07-28 12:00:00,Server Room,19.26,30.7,0.83,False
2026-07-28 12:00:00,Classrooms,19.83,30.7,0.83,False
2026-07-28 13:00:00,HVAC,110.98,32.4,0.97,False
2026-07-28 13:00:00,Lighting,26.62,32.4,0.97,False
2026-07-28 13:00:00,Labs,23.67,32.4,0.97,False
2026-07-28 13:00:00,Server Room,28.86,32.4,0.97,False
2026-07-28 13:00:00,Classrooms,21.88,32.4,0.97,False
2026-07-28 14:00:00,HVAC,106.49,31.3,0.96,False
2026-07-28 14:00:00,Lighting,22.74,31.3,0.96,False
2026-07-28 14:00:00,Labs,20.27,31.3,0.96,False
2026-07-28 14:00:00,Server Room,29.5,31.3,0.96,False
2026-07-28 14:00:00,Classrooms,24.23,31.3,0.96,False
2026-07-28 15:00:00,HVAC,98.96,29.4,0.94,False
2026-07-28 15:00:00,Lighting,23.05,29.4,0.94,False
2026-07-28 15:00:00,Labs,29.25,29.4,0.94,False
2026-07-28 15:00:00,Server Room,24.71,29.4,0.94,False
2026-07-28 15:00:00,Classrooms,23.79,29.4,0.94,False
2026-07-28 16:00:00,HVAC,97.03,30.5,0.87,False
2026-07-28 16:00:00,Lighting,18.45,30.5,0.87,False
2026-07-28 16:00:00,Labs,22.82,30.5,0.87,False
2026-07-28 16:00:00,Server Room,24.38,30.5,0.87,False
2026-07-28 16:00:00,Classrooms,14.77,30.5,0.87,False
2026-07-28 17:00:00,HVAC,85.25,28.8,0.73,False
2026-07-28 17:00:00,Lighting,17.11,28.8,0.73,False
2026-07-28 17:00:00,Labs,18.54,28.8,0.73,False
2026-07-28 17:00:00,Server Room,25.75,28.8,0.73,False
2026-07-28 17:00:00,Classrooms,24.3,28.8,0.73,False
2026-07-28 18:00:00,HVAC,82.59,27.5,0.92,False
2026-07-28 18:00:00,Lighting,20.45,27.5,0.92,False
2026-07-28 18:00:00,Labs,28.2,27.5,0.92,False
2026-07-28 18:00:00,Server Room,22.21,27.5,0.92,False
2026-07-28 18:00:00,Classrooms,23.53,27.5,0.92,False
2026-07-28 19:00:00,HVAC,56.6,28.0,0.02,False
2026-07-28 19:00:00,Lighting,7.04,28.0,0.02,False
2026-07-28 19:00:00,Labs,9.94,28.0,0.02,False
2026-07-28 19:00:00,Server Room,21.78,28.0,0.02,False
2026-07-28 19:00:00,Classrooms,8.55,28.0,0.02,False
2026-07-28 20:00:00,HVAC,57.94,27.1,0.07,False
2026-07-28 20:00:00,Lighting,10.73,27.1,0.07,False
2026-07-28 20:00:00,Labs,9.65,27.1,0.07,False
2026-07-28 20:00:00,Server Room,24.32,27.1,0.07,False
2026-07-28 20:00:00,Classrooms,4.51,27.1,0.07,False
2026-07-28 21:00:00,HVAC,60.15,25.4,0.15,False
2026-07-28 21:00:00,Lighting,10.84,25.4,0.15,False
2026-07-28 21:00:00,Labs,6.39,25.4,0.15,False
2026-07-28 21:00:00,Server Room,28.78,25.4,0.15,False
2026-07-28 21:00:00,Classrooms,9.64,25.4,0.15,False
2026-07-28 22:00:00,HVAC,27.06,21.4,0.06,False
2026-07-28 22:00:00,Lighting,12.1,21.4,0.06,False
2026-07-28 22:00:00,Labs,7.77,21.4,0.06,False
2026-07-28 22:00:00,Server Room,27.71,21.4,0.06,False
2026-07-28 22:00:00,Classrooms,1.58,21.4,0.06,False
2026-07-28 23:00:00,HVAC,31.36,21.4,0.1,False
2026-07-28 23:00:00,Lighting,11.84,21.4,0.1,False
2026-07-28 23:00:00,Labs,5.0,21.4,0.1,False
2026-07-28 23:00:00,Server Room,19.73,21.4,0.1,False
2026-07-28 23:00:00,Classrooms,3.56,21.4,0.1,False
2026-07-29 00:00:00,HVAC,36.25,22.5,0.18,False
2026-07-29 00:00:00,Lighting,12.87,22.5,0.18,False
2026-07-29 00:00:00,Labs,7.31,22.5,0.18,False
2026-07-29 00:00:00,Server Room,25.97,22.5,0.18,False
2026-07-29 00:00:00,Classrooms,8.14,22.5,0.18,False
2026-07-29 01:00:00,HVAC,29.09,21.7,0.22,False
2026-07-29 01:00:00,Lighting,14.17,21.7,0.22,False
2026-07-29 01:00:00,Labs,10.9,21.7,0.22,False
2026-07-29 01:00:00,Server Room,25.63,21.7,0.22,False
2026-07-29 01:00:00,Classrooms,12.77,21.7,0.22,False
2026-07-29 02:00:00,HVAC,25.46,19.8,0.21,False
2026-07-29 02:00:00,Lighting,11.05,19.8,0.21,False
2026-07-29 02:00:00,Labs,12.46,19.8,0.21,False
2026-07-29 02:00:00,Server Room,21.35,19.8,0.21,False
2026-07-29 02:00:00,Classrooms,13.76,19.8,0.21,False
2026-07-29 03:00:00,HVAC,38.67,21.6,0.16,False
2026-07-29 03:00:00,Lighting,9.55,21.6,0.16,False
2026-07-29 03:00:00,Labs,5.62,21.6,0.16,False
2026-07-29 03:00:00,Server Room,21.04,21.6,0.16,False
2026-07-29 03:00:00,Classrooms,4.54,21.6,0.16,False
2026-07-29 04:00:00,HVAC,18.53,20.4,0.15,False
2026-07-29 04:00:00,Lighting,11.3,20.4,0.15,False
2026-07-29 04:00:00,Labs,4.29,20.4,0.15,False
2026-07-29 04:00:00,Server Room,27.96,20.4,0.15,False
2026-07-29 04:00:00,Classrooms,6.91,20.4,0.15,False
2026-07-29 05:00:00,HVAC,34.3,20.7,0.27,False
2026-07-29 05:00:00,Lighting,14.82,20.7,0.27,False
2026-07-29 05:00:00,Labs,4.86,20.7,0.27,False
2026-07-29 05:00:00,Server Room,28.86,20.7,0.27,False
2026-07-29 05:00:00,Classrooms,9.29,20.7,0.27,False
2026-07-29 06:00:00,HVAC,41.05,23.3,0.11,False
2026-07-29 06:00:00,Lighting,14.15,23.3,0.11,False
2026-07-29 06:00:00,Labs,8.28,23.3,0.11,False
2026-07-29 06:00:00,Server Room,26.65,23.3,0.11,False
2026-07-29 06:00:00,Classrooms,5.84,23.3,0.11,False
2026-07-29 07:00:00,HVAC,69.45,28.0,0.15,False
2026-07-29 07:00:00,Lighting,10.45,28.0,0.15,False
2026-07-29 07:00:00,Labs,10.58,28.0,0.15,False
2026-07-29 07:00:00,Server Room,27.13,28.0,0.15,False
2026-07-29 07:00:00,Classrooms,8.95,28.0,0.15,False
2026-07-29 08:00:00,HVAC,75.69,26.2,0.88,False
2026-07-29 08:00:00,Lighting,21.28,26.2,0.88,False
2026-07-29 08:00:00,Labs,25.13,26.2,0.88,False
2026-07-29 08:00:00,Server Room,24.26,26.2,0.88,False
2026-07-29 08:00:00,Classrooms,19.27,26.2,0.88,False
2026-07-29 09:00:00,HVAC,79.59,27.4,0.69,False
2026-07-29 09:00:00,Lighting,18.49,27.4,0.69,False
2026-07-29 09:00:00,Labs,19.41,27.4,0.69,False
2026-07-29 09:00:00,Server Room,23.86,27.4,0.69,False
2026-07-29 09:00:00,Classrooms,17.75,27.4,0.69,False
2026-07-29 10:00:00,HVAC,86.57,30.1,0.57,False
2026-07-29 10:00:00,Lighting,22.58,30.1,0.57,False
2026-07-29 10:00:00,Labs,15.21,30.1,0.57,False
2026-07-29 10:00:00,Server Room,28.23,30.1,0.57,False
2026-07-29 10:00:00,Classrooms,13.27,30.1,0.57,False
2026-07-29 11:00:00,HVAC,86.71,29.7,0.63,False
2026-07-29 11:00:00,Lighting,12.67,29.7,0.63,False
2026-07-29 11:00:00,Labs,18.42,29.7,0.63,False
2026-07-29 11:00:00,Server Room,20.2,29.7,0.63,False
2026-07-29 11:00:00,Classrooms,17.12,29.7,0.63,False
2026-07-29 12:00:00,HVAC,98.63,33.0,0.55,False
2026-07-29 12:00:00,Lighting,17.23,33.0,0.55,False
2026-07-29 12:00:00,Labs,8.53,33.0,0.55,False
2026-07-29 12:00:00,Server Room,20.91,33.0,0.55,False
2026-07-29 12:00:00,Classrooms,17.28,33.0,0.55,False
2026-07-29 13:00:00,HVAC,98.56,31.1,0.92,False
2026-07-29 13:00:00,Lighting,25.78,31.1,0.92,False
2026-07-29 13:00:00,Labs,15.37,31.1,0.92,False
2026-07-29 13:00:00,Server Room,27.37,31.1,0.92,False
2026-07-29 13:00:00,Classrooms,20.45,31.1,0.92,False
2026-07-29 14:00:00,HVAC,112.01,32.7,0.93,False
2026-07-29 14:00:00,Lighting,26.66,32.7,0.93,False
2026-07-29 14:00:00,Labs,20.03,32.7,0.93,False
2026-07-29 14:00:00,Server Room,31.34,32.7,0.93,False
2026-07-29 14:00:00,Classrooms,24.66,32.7,0.93,False
2026-07-29 15:00:00,HVAC,110.34,32.1,0.98,False
2026-07-29 15:00:00,Lighting,26.37,32.1,0.98,False
2026-07-29 15:00:00,Labs,26.03,32.1,0.98,False
2026-07-29 15:00:00,Server Room,24.37,32.1,0.98,False
2026-07-29 15:00:00,Classrooms,20.45,32.1,0.98,False
2026-07-29 16:00:00,HVAC,95.0,32.1,0.55,False
2026-07-29 16:00:00,Lighting,18.91,32.1,0.55,False
2026-07-29 16:00:00,Labs,18.28,32.1,0.55,False
2026-07-29 16:00:00,Server Room,24.22,32.1,0.55,False
2026-07-29 16:00:00,Classrooms,19.2,32.1,0.55,False
2026-07-29 17:00:00,HVAC,94.15,30.4,0.73,False
2026-07-29 17:00:00,Lighting,18.81,30.4,0.73,False
2026-07-29 17:00:00,Labs,21.33,30.4,0.73,False
2026-07-29 17:00:00,Server Room,22.15,30.4,0.73,False
2026-07-29 17:00:00,Classrooms,24.59,30.4,0.73,False
2026-07-29 18:00:00,HVAC,88.27,28.5,0.93,False
2026-07-29 18:00:00,Lighting,24.82,28.5,0.93,False
2026-07-29 18:00:00,Labs,25.67,28.5,0.93,False
2026-07-29 18:00:00,Server Room,29.12,28.5,0.93,False
2026-07-29 18:00:00,Classrooms,18.83,28.5,0.93,False
2026-07-29 19:00:00,HVAC,46.6,25.5,0.16,False
2026-07-29 19:00:00,Lighting,12.7,25.5,0.16,False
2026-07-29 19:00:00,Labs,12.5,25.5,0.16,False
2026-07-29 19:00:00,Server Room,25.97,25.5,0.16,False
2026-07-29 19:00:00,Classrooms,5.52,25.5,0.16,False
2026-07-29 20:00:00,HVAC,50.76,26.4,0.02,False
2026-07-29 20:00:00,Lighting,12.19,26.4,0.02,False
2026-07-29 20:00:00,Labs,5.83,26.4,0.02,False
2026-07-29 20:00:00,Server Room,25.94,26.4,0.02,False
2026-07-29 20:00:00,Classrooms,6.12,26.4,0.02,False
2026-07-29 21:00:00,HVAC,51.33,25.8,0.05,False
2026-07-29 21:00:00,Lighting,6.71,25.8,0.05,False
2026-07-29 21:00:00,Labs,1.56,25.8,0.05,False
2026-07-29 21:00:00,Server Room,26.46,25.8,0.05,False
2026-07-29 21:00:00,Classrooms,8.72,25.8,0.05,False
2026-07-29 22:00:00,HVAC,44.02,24.3,0.03,False
2026-07-29 22:00:00,Lighting,8.89,24.3,0.03,False
2026-07-29 22:00:00,Labs,0.64,24.3,0.03,False
2026-07-29 22:00:00,Server Room,14.58,24.3,0.03,False
2026-07-29 22:00:00,Classrooms,8.27,24.3,0.03,False
2026-07-29 23:00:00,HVAC,31.97,21.4,0.08,False
2026-07-29 23:00:00,Lighting,17.93,21.4,0.08,False
2026-07-29 23:00:00,Labs,4.3,21.4,0.08,False
2026-07-29 23:00:00,Server Room,22.19,21.4,0.08,False
2026-07-29 23:00:00,Classrooms,9.55,21.4,0.08,False
2026-07-30 00:00:00,HVAC,37.32,22.5,0.05,False
2026-07-30 00:00:00,Lighting,12.94,22.5,0.05,False
2026-07-30 00:00:00,Labs,1.92,22.5,0.05,False
2026-07-30 00:00:00,Server Room,24.87,22.5,0.05,False
2026-07-30 00:00:00,Classrooms,6.06,22.5,0.05,False
2026-07-30 01:00:00,HVAC,34.37,21.1,0.05,False
2026-07-30 01:00:00,Lighting,5.77,21.1,0.05,False
2026-07-30 01:00:00,Labs,7.76,21.1,0.05,False
2026-07-30 01:00:00,Server Room,25.08,21.1,0.05,False
2026-07-30 01:00:00,Classrooms,5.24,21.1,0.05,False
2026-07-30 02:00:00,HVAC,24.86,20.7,0.05,False
2026-07-30 02:00:00,Lighting,11.92,20.7,0.05,False
2026-07-30 02:00:00,Labs,6.46,20.7,0.05,False
2026-07-30 02:00:00,Server Room,23.26,20.7,0.05,False
2026-07-30 02:00:00,Classrooms,5.67,20.7,0.05,False
2026-07-30 03:00:00,HVAC,24.49,20.7,0.21,False
2026-07-30 03:00:00,Lighting,17.94,20.7,0.21,False
2026-07-30 03:00:00,Labs,9.74,20.7,0.21,False
2026-07-30 03:00:00,Server Room,27.02,20.7,0.21,False
2026-07-30 03:00:00,Classrooms,6.02,20.7,0.21,False
2026-07-30 04:00:00,HVAC,20.44,20.3,0.08,False
2026-07-30 04:00:00,Lighting,9.46,20.3,0.08,False
2026-07-30 04:00:00,Labs,6.81,20.3,0.08,False
2026-07-30 04:00:00,Server Room,23.7,20.3,0.08,False
2026-07-30 04:00:00,Classrooms,7.47,20.3,0.08,False
2026-07-30 05:00:00,HVAC,30.86,20.6,0.29,False
2026-07-30 05:00:00,Lighting,17.25,20.6,0.29,False
2026-07-30 05:00:00,Labs,8.22,20.6,0.29,False
2026-07-30 05:00:00,Server Room,20.21,20.6,0.29,False
2026-07-30 05:00:00,Classrooms,12.32,20.6,0.29,False
2026-07-30 06:00:00,HVAC,30.16,20.7,0.12,False
2026-07-30 06:00:00,Lighting,8.84,20.7,0.12,False
2026-07-30 06:00:00,Labs,8.47,20.7,0.12,False
2026-07-30 06:00:00,Server Room,19.69,20.7,0.12,False
2026-07-30 06:00:00,Classrooms,7.48,20.7,0.12,False
2026-07-30 07:00:00,HVAC,55.19,24.5,0.23,False
2026-07-30 07:00:00,Lighting,10.5,24.5,0.23,False
2026-07-30 07:00:00,Labs,11.54,24.5,0.23,False
2026-07-30 07:00:00,Server Room,22.73,24.5,0.23,False
2026-07-30 07:00:00,Classrooms,6.25,24.5,0.23,False
2026-07-30 08:00:00,HVAC,87.46,27.6,0.88,False
2026-07-30 08:00:00,Lighting,26.89,27.6,0.88,False
2026-07-30 08:00:00,Labs,22.26,27.6,0.88,False
2026-07-30 08:00:00,Server Room,24.42,27.6,0.88,False
2026-07-30 08:00:00,Classrooms,22.74,27.6,0.88,False
2026-07-30 09:00:00,HVAC,76.01,27.4,0.62,False
2026-07-30 09:00:00,Lighting,22.91,27.4,0.62,False
2026-07-30 09:00:00,Labs,18.35,27.4,0.62,False
2026-07-30 09:00:00,Server Room,28.74,27.4,0.62,False
2026-07-30 09:00:00,Classrooms,11.83,27.4,0.62,False
2026-07-30 10:00:00,HVAC,81.78,29.3,0.53,False
2026-07-30 10:00:00,Lighting,16.2,29.3,0.53,False
2026-07-30 10:00:00,Labs,20.96,29.3,0.53,False
2026-07-30 10:00:00,Server Room,29.65,29.3,0.53,False
2026-07-30 10:00:00,Classrooms,11.4,29.3,0.53,False
2026-07-30 11:00:00,HVAC,97.01,30.1,0.9,False
2026-07-30 11:00:00,Lighting,25.73,30.1,0.9,False
2026-07-30 11:00:00,Labs,24.95,30.1,0.9,False
2026-07-30 11:00:00,Server Room,28.39,30.1,0.9,False
2026-07-30 11:00:00,Classrooms,22.0,30.1,0.9,False
2026-07-30 12:00:00,HVAC,103.94,32.7,0.82,False
2026-07-30 12:00:00,Lighting,25.55,32.7,0.82,False
2026-07-30 12:00:00,Labs,21.07,32.7,0.82,False
2026-07-30 12:00:00,Server Room,27.52,32.7,0.82,False
2026-07-30 12:00:00,Classrooms,15.76,32.7,0.82,False
2026-07-30 13:00:00,HVAC,97.15,32.4,0.64,False
2026-07-30 13:00:00,Lighting,17.41,32.4,0.64,False
2026-07-30 13:00:00,Labs,20.13,32.4,0.64,False
2026-07-30 13:00:00,Server Room,28.79,32.4,0.64,False
2026-07-30 13:00:00,Classrooms,12.6,32.4,0.64,False
2026-07-30 14:00:00,HVAC,105.91,33.5,0.56,False
2026-07-30 14:00:00,Lighting,17.98,33.5,0.56,False
2026-07-30 14:00:00,Labs,20.49,33.5,0.56,False
2026-07-30 14:00:00,Server Room,25.52,33.5,0.56,False
2026-07-30 14:00:00,Classrooms,19.44,33.5,0.56,False
2026-07-30 15:00:00,HVAC,113.51,34.2,0.6,False
2026-07-30 15:00:00,Lighting,11.47,34.2,0.6,False
2026-07-30 15:00:00,Labs,15.76,34.2,0.6,False
2026-07-30 15:00:00,Server Room,29.76,34.2,0.6,False
2026-07-30 15:00:00,Classrooms,12.86,34.2,0.6,False
2026-07-30 16:00:00,HVAC,111.38,34.8,0.6,False
2026-07-30 16:00:00,Lighting,17.99,34.8,0.6,False
2026-07-30 16:00:00,Labs,14.58,34.8,0.6,False
2026-07-30 16:00:00,Server Room,24.15,34.8,0.6,False
2026-07-30 16:00:00,Classrooms,13.63,34.8,0.6,False
2026-07-30 17:00:00,HVAC,93.96,30.0,0.64,False
2026-07-30 17:00:00,Lighting,20.55,30.0,0.64,False
2026-07-30 17:00:00,Labs,18.68,30.0,0.64,False
2026-07-30 17:00:00,Server Room,23.69,30.0,0.64,False
2026-07-30 17:00:00,Classrooms,16.11,30.0,0.64,False
2026-07-30 18:00:00,HVAC,103.76,30.2,0.98,False
2026-07-30 18:00:00,Lighting,20.78,30.2,0.98,False
2026-07-30 18:00:00,Labs,26.17,30.2,0.98,False
2026-07-30 18:00:00,Server Room,19.67,30.2,0.98,False
2026-07-30 18:00:00,Classrooms,19.28,30.2,0.98,False
2026-07-30 19:00:00,HVAC,65.14,28.6,0.02,False
2026-07-30 19:00:00,Lighting,5.36,28.6,0.02,False
2026-07-30 19:00:00,Labs,5.2,28.6,0.02,False
2026-07-30 19:00:00,Server Room,20.19,28.6,0.02,False
2026-07-30 19:00:00,Classrooms,6.08,28.6,0.02,False
2026-07-30 20:00:00,HVAC,57.31,26.7,0.06,False
2026-07-30 20:00:00,Lighting,9.6,26.7,0.06,False
2026-07-30 20:00:00,Labs,12.53,26.7,0.06,False
2026-07-30 20:00:00,Server Room,19.52,26.7,0.06,False
2026-07-30 20:00:00,Classrooms,2.89,26.7,0.06,False
2026-07-30 21:00:00,HVAC,52.11,25.2,0.22,False
2026-07-30 21:00:00,Lighting,16.36,25.2,0.22,False
2026-07-30 21:00:00,Labs,8.87,25.2,0.22,False
2026-07-30 21:00:00,Server Room,24.11,25.2,0.22,False
2026-07-30 21:00:00,Classrooms,6.6,25.2,0.22,False
2026-07-30 22:00:00,HVAC,33.78,22.3,0.18,False
2026-07-30 22:00:00,Lighting,15.91,22.3,0.18,False
2026-07-30 22:00:00,Labs,12.76,22.3,0.18,False
2026-07-30 22:00:00,Server Room,24.86,22.3,0.18,False
2026-07-30 22:00:00,Classrooms,13.08,22.3,0.18,False
2026-07-30 23:00:00,HVAC,53.5,24.6,0.28,False
2026-07-30 23:00:00,Lighting,17.01,24.6,0.28,False
2026-07-30 23:00:00,Labs,12.19,24.6,0.28,False
2026-07-30 23:00:00,Server Room,22.06,24.6,0.28,False
2026-07-30 23:00:00,Classrooms,11.86,24.6,0.28,False
2026-07-31 00:00:00,HVAC,38.96,22.8,0.18,False
2026-07-31 00:00:00,Lighting,13.37,22.8,0.18,False
2026-07-31 00:00:00,Labs,3.98,22.8,0.18,False
2026-07-31 00:00:00,Server Room,21.26,22.8,0.18,False
2026-07-31 00:00:00,Classrooms,7.15,22.8,0.18,False
2026-07-31 01:00:00,HVAC,33.57,22.3,0.0,False
2026-07-31 01:00:00,Lighting,5.77,22.3,0.0,False
2026-07-31 01:00:00,Labs,7.87,22.3,0.0,False
2026-07-31 01:00:00,Server Room,25.95,22.3,0.0,False
2026-07-31 01:00:00,Classrooms,8.9,22.3,0.0,False
2026-07-31 02:00:00,HVAC,6.36,15.7,0.2,False
2026-07-31 02:00:00,Lighting,13.57,15.7,0.2,False
2026-07-31 02:00:00,Labs,11.66,15.7,0.2,False
2026-07-31 02:00:00,Server Room,24.02,15.7,0.2,False
2026-07-31 02:00:00,Classrooms,5.29,15.7,0.2,False
2026-07-31 03:00:00,HVAC,14.88,19.5,0.08,False
2026-07-31 03:00:00,Lighting,10.8,19.5,0.08,False
2026-07-31 03:00:00,Labs,5.65,19.5,0.08,False
2026-07-31 03:00:00,Server Room,27.93,19.5,0.08,False
2026-07-31 03:00:00,Classrooms,12.77,19.5,0.08,False
2026-07-31 04:00:00,HVAC,19.82,20.7,0.01,False
2026-07-31 04:00:00,Lighting,9.99,20.7,0.01,False
2026-07-31 04:00:00,Labs,1.62,20.7,0.01,False
2026-07-31 04:00:00,Server Room,23.44,20.7,0.01,False
2026-07-31 04:00:00,Classrooms,2.92,20.7,0.01,False
2026-07-31 05:00:00,HVAC,23.82,20.8,0.11,False
2026-07-31 05:00:00,Lighting,9.45,20.8,0.11,False
2026-07-31 05:00:00,Labs,5.03,20.8,0.11,False
2026-07-31 05:00:00,Server Room,25.71,20.8,0.11,False
2026-07-31 05:00:00,Classrooms,10.31,20.8,0.11,False
2026-07-31 06:00:00,HVAC,45.85,23.0,0.19,False
2026-07-31 06:00:00,Lighting,16.42,23.0,0.19,False
2026-07-31 06:00:00,Labs,2.05,23.0,0.19,False
2026-07-31 06:00:00,Server Room,34.01,23.0,0.19,False
2026-07-31 06:00:00,Classrooms,11.37,23.0,0.19,False
2026-07-31 07:00:00,HVAC,59.0,26.3,0.28,False
2026-07-31 07:00:00,Lighting,10.19,26.3,0.28,False
2026-07-31 07:00:00,Labs,5.49,26.3,0.28,False
2026-07-31 07:00:00,Server Room,25.13,26.3,0.28,False
2026-07-31 07:00:00,Classrooms,8.64,26.3,0.28,False
2026-07-31 08:00:00,HVAC,87.34,27.4,0.84,False
2026-07-31 08:00:00,Lighting,24.15,27.4,0.84,False
2026-07-31 08:00:00,Labs,19.04,27.4,0.84,False
2026-07-31 08:00:00,Server Room,28.52,27.4,0.84,False
2026-07-31 08:00:00,Classrooms,21.05,27.4,0.84,False
2026-07-31 09:00:00,HVAC,85.26,27.7,0.88,False
2026-07-31 09:00:00,Lighting,24.83,27.7,0.88,False
2026-07-31 09:00:00,Labs,23.77,27.7,0.88,False
2026-07-31 09:00:00,Server Room,32.73,27.7,0.88,False
2026-07-31 09:00:00,Classrooms,19.27,27.7,0.88,False
2026-07-31 10:00:00,HVAC,96.17,30.3,0.77,False
2026-07-31 10:00:00,Lighting,19.61,30.3,0.77,False
2026-07-31 10:00:00,Labs,18.45,30.3,0.77,False
2026-07-31 10:00:00,Server Room,25.1,30.3,0.77,False
2026-07-31 10:00:00,Classrooms,20.13,30.3,0.77,False
2026-07-31 11:00:00,HVAC,101.61,32.0,0.68,False
2026-07-31 11:00:00,Lighting,15.34,32.0,0.68,False
2026-07-31 11:00:00,Labs,21.0,32.0,0.68,False
2026-07-31 11:00:00,Server Room,23.86,32.0,0.68,False
2026-07-31 11:00:00,Classrooms,20.38,32.0,0.68,False
2026-07-31 12:00:00,HVAC,84.74,29.1,0.54,False
2026-07-31 12:00:00,Lighting,21.74,29.1,0.54,False
2026-07-31 12:00:00,Labs,13.13,29.1,0.54,False
2026-07-31 12:00:00,Server Room,27.32,29.1,0.54,False
2026-07-31 12:00:00,Classrooms,12.94,29.1,0.54,False
2026-07-31 13:00:00,HVAC,93.05,30.5,0.84,False
2026-07-31 13:00:00,Lighting,25.68,30.5,0.84,False
2026-07-31 13:00:00,Labs,23.26,30.5,0.84,False
2026-07-31 13:00:00,Server Room,23.99,30.5,0.84,False
2026-07-31 13:00:00,Classrooms,16.52,30.5,0.84,False
2026-07-31 14:00:00,HVAC,97.06,31.9,0.56,False
2026-07-31 14:00:00,Lighting,18.39,31.9,0.56,False
2026-07-31 14:00:00,Labs,12.22,31.9,0.56,False
2026-07-31 14:00:00,Server Room,28.16,31.9,0.56,False
2026-07-31 14:00:00,Classrooms,10.61,31.9,0.56,False
2026-07-31 15:00:00,HVAC,82.55,29.3,0.63,False
2026-07-31 15:00:00,Lighting,23.37,29.3,0.63,False
2026-07-31 15:00:00,Labs,10.5,29.3,0.63,False
2026-07-31 15:00:00,Server Room,28.64,29.3,0.63,False
2026-07-31 15:00:00,Classrooms,22.46,29.3,0.63,False
2026-07-31 16:00:00,HVAC,104.98,33.6,0.58,False
2026-07-31 16:00:00,Lighting,16.23,33.6,0.58,False
2026-07-31 16:00:00,Labs,14.71,33.6,0.58,False
2026-07-31 16:00:00,Server Room,21.46,33.6,0.58,False
2026-07-31 16:00:00,Classrooms,11.63,33.6,0.58,False
2026-07-31 17:00:00,HVAC,98.48,31.2,0.74,False
2026-07-31 17:00:00,Lighting,21.55,31.2,0.74,False
2026-07-31 17:00:00,Labs,26.07,31.2,0.74,False
2026-07-31 17:00:00,Server Room,25.37,31.2,0.74,False
2026-07-31 17:00:00,Classrooms,16.15,31.2,0.74,False
2026-07-31 18:00:00,HVAC,77.07,28.0,0.55,False
2026-07-31 18:00:00,Lighting,17.3,28.0,0.55,False
2026-07-31 18:00:00,Labs,13.85,28.0,0.55,False
2026-07-31 18:00:00,Server Room,24.12,28.0,0.55,False
2026-07-31 18:00:00,Classrooms,13.5,28.0,0.55,False
2026-07-31 19:00:00,HVAC,58.12,27.1,0.14,False
2026-07-31 19:00:00,Lighting,10.37,27.1,0.14,False
2026-07-31 19:00:00,Labs,12.89,27.1,0.14,False
2026-07-31 19:00:00,Server Room,25.04,27.1,0.14,False
2026-07-31 19:00:00,Classrooms,12.14,27.1,0.14,False
2026-07-31 20:00:00,HVAC,53.47,26.2,0.02,False
2026-07-31 20:00:00,Lighting,6.71,26.2,0.02,False
2026-07-31 20:00:00,Labs,6.29,26.2,0.02,False
2026-07-31 20:00:00,Server Room,27.02,26.2,0.02,False
2026-07-31 20:00:00,Classrooms,5.69,26.2,0.02,False
2026-07-31 21:00:00,HVAC,39.87,23.0,0.24,False
2026-07-31 21:00:00,Lighting,10.14,23.0,0.24,False
2026-07-31 21:00:00,Labs,11.1,23.0,0.24,False
2026-07-31 21:00:00,Server Room,26.36,23.0,0.24,False
2026-07-31 21:00:00,Classrooms,8.88,23.0,0.24,False
2026-07-31 22:00:00,HVAC,40.49,22.7,0.14,False
2026-07-31 22:00:00,Lighting,9.69,22.7,0.14,False
2026-07-31 22:00:00,Labs,7.78,22.7,0.14,False
2026-07-31 22:00:00,Server Room,22.65,22.7,0.14,False
2026-07-31 22:00:00,Classrooms,8.29,22.7,0.14,False
2026-07-31 23:00:00,HVAC,24.89,20.4,0.11,False
2026-07-31 23:00:00,Lighting,12.62,20.4,0.11,False
2026-07-31 23:00:00,Labs,10.45,20.4,0.11,False
2026-07-31 23:00:00,Server Room,28.35,20.4,0.11,False
2026-07-31 23:00:00,Classrooms,5.02,20.4,0.11,False
2026-08-01 00:00:00,HVAC,33.57,22.4,0.07,True
2026-08-01 00:00:00,Lighting,10.73,22.4,0.07,True
2026-08-01 00:00:00,Labs,1.6,22.4,0.07,True
2026-08-01 00:00:00,Server Room,27.64,22.4,0.07,True
2026-08-01 00:00:00,Classrooms,4.25,22.4,0.07,True
2026-08-01 01:00:00,HVAC,19.94,19.4,0.12,True
2026-08-01 01:00:00,Lighting,13.6,19.4,0.12,True
2026-08-01 01:00:00,Labs,6.11,19.4,0.12,True
2026-08-01 01:00:00,Server Room,26.44,19.4,0.12,True
2026-08-01 01:00:00,Classrooms,5.95,19.4,0.12,True
2026-08-01 02:00:00,HVAC,14.43,18.7,0.17,True
2026-08-01 02:00:00,Lighting,7.99,18.7,0.17,True
2026-08-01 02:00:00,Labs,3.33,18.7,0.17,True
2026-08-01 02:00:00,Server Room,24.82,18.7,0.17,True
2026-08-01 02:00:00,Classrooms,7.17,18.7,0.17,True
2026-08-01 03:00:00,HVAC,21.19,20.2,0.05,True
2026-08-01 03:00:00,Lighting,12.58,20.2,0.05,True
2026-08-01 03:00:00,Labs,11.32,20.2,0.05,True
2026-08-01 03:00:00,Server Room,25.75,20.2,0.05,True
2026-08-01 03:00:00,Classrooms,5.04,20.2,0.05,True
2026-08-01 04:00:00,HVAC,31.92,20.9,0.14,True
2026-08-01 04:00:00,Lighting,9.94,20.9,0.14,True
2026-08-01 04:00:00,Labs,8.68,20.9,0.14,True
2026-08-01 04:00:00,Server Room,27.15,20.9,0.14,True
2026-08-01 04:00:00,Classrooms,2.69,20.9,0.14,True
2026-08-01 05:00:00,HVAC,30.48,20.3,0.13,True
2026-08-01 05:00:00,Lighting,9.04,20.3,0.13,True
2026-08-01 05:00:00,Labs,5.61,20.3,0.13,True
2026-08-01 05:00:00,Server Room,26.7,20.3,0.13,True
2026-08-01 05:00:00,Classrooms,1.74,20.3,0.13,True
2026-08-01 06:00:00,HVAC,43.99,24.0,0.02,True
2026-08-01 06:00:00,Lighting,10.08,24.0,0.02,True
2026-08-01 06:00:00,Labs,5.39,24.0,0.02,True
2026-08-01 06:00:00,Server Room,26.43,24.0,0.02,True
2026-08-01 06:00:00,Classrooms,1.03,24.0,0.02,True
2026-08-01 07:00:00,HVAC,46.3,24.7,0.15,True
2026-08-01 07:00:00,Lighting,9.79,24.7,0.15,True
2026-08-01 07:00:00,Labs,1.24,24.7,0.15,True
2026-08-01 07:00:00,Server Room,26.91,24.7,0.15,True
2026-08-01 07:00:00,Classrooms,0.0,24.7,0.15,True
2026-08-01 08:00:00,HVAC,61.25,27.7,0.07,True
2026-08-01 08:00:00,Lighting,9.61,27.7,0.07,True
2026-08-01 08:00:00,Labs,6.07,27.7,0.07,True
2026-08-01 08:00:00,Server Room,24.83,27.7,0.07,True
2026-08-01 08:00:00,Classrooms,8.53,27.7,0.07,True
2026-08-01 09:00:00,HVAC,63.0,27.5,0.06,True
2026-08-01 09:00:00,Lighting,5.59,27.5,0.06,True
2026-08-01 09:00:00,Labs,4.37,27.5,0.06,True
2026-08-01 09:00:00,Server Room,23.59,27.5,0.06,True
2026-08-01 09:00:00,Classrooms,7.47,27.5,0.06,True
2026-08-01 10:00:00,HVAC,65.59,28.8,0.1,True
2026-08-01 10:00:00,Lighting,11.58,28.8,0.1,True
2026-08-01 10:00:00,Labs,9.24,28.8,0.1,True
2026-08-01 10:00:00,Server Room,18.38,28.8,0.1,True
2026-08-01 10:00:00,Classrooms,4.23,28.8,0.1,True
2026-08-01 11:00:00,HVAC,71.68,28.8,0.11,True
2026-08-01 11:00:00,Lighting,11.82,28.8,0.11,True
2026-08-01 11:00:00,Labs,7.96,28.8,0.11,True
2026-08-01 11:00:00,Server Room,22.06,28.8,0.11,True
2026-08-01 11:00:00,Classrooms,5.48,28.8,0.11,True
2026-08-01 12:00:00,HVAC,80.86,31.7,0.04,True
2026-08-01 12:00:00,Lighting,17.08,31.7,0.04,True
2026-08-01 12:00:00,Labs,5.18,31.7,0.04,True
2026-08-01 12:00:00,Server Room,25.85,31.7,0.04,True
2026-08-01 12:00:00,Classrooms,3.67,31.7,0.04,True
2026-08-01 13:00:00,HVAC,81.97,31.7,0.09,True
2026-08-01 13:00:00,Lighting,13.57,31.7,0.09,True
2026-08-01 13:00:00,Labs,6.49,31.7,0.09,True
2026-08-01 13:00:00,Server Room,24.74,31.7,0.09,True
2026-08-01 13:00:00,Classrooms,4.76,31.7,0.09,True
2026-08-01 14:00:00,HVAC,84.2,32.1,0.11,True
2026-08-01 14:00:00,Lighting,9.38,32.1,0.11,True
2026-08-01 14:00:00,Labs,7.67,32.1,0.11,True
2026-08-01 14:00:00,Server Room,29.69,32.1,0.11,True
2026-08-01 14:00:00,Classrooms,9.0,32.1,0.11,True
2026-08-01 15:00:00,HVAC,72.01,30.4,0.04,True
2026-08-01 15:00:00,Lighting,10.93,30.4,0.04,True
2026-08-01 15:00:00,Labs,9.54,30.4,0.04,True
2026-08-01 15:00:00,Server Room,22.08,30.4,0.04,True
2026-08-01 15:00:00,Classrooms,10.01,30.4,0.04,True
2026-08-01 16:00:00,HVAC,62.72,27.8,0.1,True
2026-08-01 16:00:00,Lighting,8.8,27.8,0.1,True
2026-08-01 16:00:00,Labs,8.15,27.8,0.1,True
2026-08-01 16:00:00,Server Room,16.13,27.8,0.1,True
2026-08-01 16:00:00,Classrooms,0.0,27.8,0.1,True
2026-08-01 17:00:00,HVAC,71.19,30.5,0.06,True
2026-08-01 17:00:00,Lighting,10.39,30.5,0.06,True
2026-08-01 17:00:00,Labs,0.0,30.5,0.06,True
2026-08-01 17:00:00,Server Room,27.53,30.5,0.06,True
2026-08-01 17:00:00,Classrooms,4.91,30.5,0.06,True
2026-08-01 18:00:00,HVAC,66.26,27.9,0.19,True
2026-08-01 18:00:00,Lighting,12.54,27.9,0.19,True
2026-08-01 18:00:00,Labs,1.64,27.9,0.19,True
2026-08-01 18:00:00,Server Room,22.64,27.9,0.19,True
2026-08-01 18:00:00,Classrooms,5.54,27.9,0.19,True
2026-08-01 19:00:00,HVAC,63.04,27.4,0.19,True
2026-08-01 19:00:00,Lighting,11.81,27.4,0.19,True
2026-08-01 19:00:00,Labs,2.51,27.4,0.19,True
2026-08-01 19:00:00,Server Room,18.85,27.4,0.19,True
2026-08-01 19:00:00,Classrooms,1.46,27.4,0.19,True
2026-08-01 20:00:00,HVAC,35.8,23.5,0.01,True
2026-08-01 20:00:00,Lighting,13.19,23.5,0.01,True
2026-08-01 20:00:00,Labs,2.02,23.5,0.01,True
2026-08-01 20:00:00,Server Room,23.66,23.5,0.01,True
2026-08-01 20:00:00,Classrooms,1.62,23.5,0.01,True
2026-08-01 21:00:00,HVAC,52.75,25.3,0.08,True
2026-08-01 21:00:00,Lighting,11.68,25.3,0.08,True
2026-08-01 21:00:00,Labs,6.02,25.3,0.08,True
2026-08-01 21:00:00,Server Room,17.94,25.3,0.08,True
2026-08-01 21:00:00,Classrooms,6.02,25.3,0.08,True
2026-08-01 22:00:00,HVAC,38.55,23.4,0.15,True
2026-08-01 22:00:00,Lighting,7.49,23.4,0.15,True
2026-08-01 22:00:00,Labs,2.26,23.4,0.15,True
2026-08-01 22:00:00,Server Room,25.28,23.4,0.15,True
2026-08-01 22:00:00,Classrooms,1.9,23.4,0.15,True
2026-08-01 23:00:00,HVAC,38.73,22.0,0.05,True
2026-08-01 23:00:00,Lighting,5.4,22.0,0.05,True
2026-08-01 23:00:00,Labs,7.68,22.0,0.05,True
2026-08-01 23:00:00,Server Room,18.41,22.0,0.05,True
2026-08-01 23:00:00,Classrooms,9.8,22.0,0.05,True
2026-08-02 00:00:00,HVAC,11.6,17.7,0.14,True
2026-08-02 00:00:00,Lighting,15.29,17.7,0.14,True
2026-08-02 00:00:00,Labs,3.45,17.7,0.14,True
2026-08-02 00:00:00,Server Room,25.73,17.7,0.14,True
2026-08-02 00:00:00,Classrooms,4.28,17.7,0.14,True
2026-08-02 01:00:00,HVAC,23.58,21.1,0.04,True
2026-08-02 01:00:00,Lighting,14.03,21.1,0.04,True
2026-08-02 01:00:00,Labs,1.91,21.1,0.04,True
2026-08-02 01:00:00,Server Room,20.13,21.1,0.04,True
2026-08-02 01:00:00,Classrooms,2.42,21.1,0.04,True
2026-08-02 02:00:00,HVAC,15.34,17.5,0.2,True
2026-08-02 02:00:00,Lighting,17.27,17.5,0.2,True
2026-08-02 02:00:00,Labs,8.33,17.5,0.2,True
2026-08-02 02:00:00,Server Room,17.82,17.5,0.2,True
2026-08-02 02:00:00,Classrooms,3.78,17.5,0.2,True
2026-08-02 03:00:00,HVAC,33.5,21.9,0.06,True
2026-08-02 03:00:00,Lighting,10.85,21.9,0.06,True
2026-08-02 03:00:00,Labs,2.69,21.9,0.06,True
2026-08-02 03:00:00,Server Room,19.64,21.9,0.06,True
2026-08-02 03:00:00,Classrooms,1.18,21.9,0.06,True
2026-08-02 04:00:00,HVAC,17.04,19.0,0.12,True
2026-08-02 04:00:00,Lighting,5.68,19.0,0.12,True
2026-08-02 04:00:00,Labs,3.64,19.0,0.12,True
2026-08-02 04:00:00,Server Room,20.54,19.0,0.12,True
2026-08-02 04:00:00,Classrooms,6.37,19.0,0.12,True
2026-08-02 05:00:00,HVAC,37.07,20.7,0.18,True
2026-08-02 05:00:00,Lighting,13.92,20.7,0.18,True
2026-08-02 05:00:00,Labs,2.67,20.7,0.18,True
2026-08-02 05:00:00,Server Room,28.41,20.7,0.18,True
2026-08-02 05:00:00,Classrooms,5.18,20.7,0.18,True
2026-08-02 06:00:00,HVAC,22.56,21.1,0.03,True
2026-08-02 06:00:00,Lighting,13.93,21.1,0.03,True
2026-08-02 06:00:00,Labs,6.89,21.1,0.03,True
2026-08-02 06:00:00,Server Room,27.28,21.1,0.03,True
2026-08-02 06:00:00,Classrooms,8.48,21.1,0.03,True
2026-08-02 07:00:00,HVAC,48.25,24.5,0.11,True
2026-08-02 07:00:00,Lighting,9.55,24.5,0.11,True
2026-08-02 07:00:00,Labs,9.17,24.5,0.11,True
2026-08-02 07:00:00,Server Room,24.35,24.5,0.11,True
2026-08-02 07:00:00,Classrooms,8.69,24.5,0.11,True
2026-08-02 08:00:00,HVAC,57.09,26.3,0.12,True
2026-08-02 08:00:00,Lighting,12.84,26.3,0.12,True
2026-08-02 08:00:00,Labs,0.32,26.3,0.12,True
2026-08-02 08:00:00,Server Room,22.69,26.3,0.12,True
2026-08-02 08:00:00,Classrooms,2.72,26.3,0.12,True
2026-08-02 09:00:00,HVAC,70.49,28.4,0.16,True
2026-08-02 09:00:00,Lighting,11.84,28.4,0.16,True
2026-08-02 09:00:00,Labs,8.11,28.4,0.16,True
2026-08-02 09:00:00,Server Room,23.35,28.4,0.16,True
2026-08-02 09:00:00,Classrooms,5.0,28.4,0.16,True
2026-08-02 10:00:00,HVAC,69.19,30.2,0.02,True
2026-08-02 10:00:00,Lighting,13.89,30.2,0.02,True
2026-08-02 10:00:00,Labs,0.0,30.2,0.02,True
2026-08-02 10:00:00,Server Room,26.9,30.2,0.02,True
2026-08-02 10:00:00,Classrooms,6.34,30.2,0.02,True
2026-08-02 11:00:00,HVAC,73.62,30.5,0.03,True
2026-08-02 11:00:00,Lighting,6.78,30.5,0.03,True
2026-08-02 11:00:00,Labs,6.87,30.5,0.03,True
2026-08-02 11:00:00,Server Room,19.67,30.5,0.03,True
2026-08-02 11:00:00,Classrooms,4.48,30.5,0.03,True
2026-08-02 12:00:00,HVAC,81.87,32.4,0.01,True
2026-08-02 12:00:00,Lighting,7.11,32.4,0.01,True
2026-08-02 12:00:00,Labs,3.75,32.4,0.01,True
2026-08-02 12:00:00,Server Room,31.83,32.4,0.01,True
2026-08-02 12:00:00,Classrooms,3.84,32.4,0.01,True
2026-08-02 13:00:00,HVAC,66.17,29.2,0.04,True
2026-08-02 13:00:00,Lighting,15.39,29.2,0.04,True
2026-08-02 13:00:00,Labs,3.07,29.2,0.04,True
2026-08-02 13:00:00,Server Room,34.35,29.2,0.04,True
2026-08-02 13:00:00,Classrooms,5.63,29.2,0.04,True
2026-08-02 14:00:00,HVAC,80.76,31.7,0.09,True
2026-08-02 14:00:00,Lighting,14.77,31.7,0.09,True
2026-08-02 14:00:00,Labs,3.27,31.7,0.09,True
2026-08-02 14:00:00,Server Room,32.38,31.7,0.09,True
2026-08-02 14:00:00,Classrooms,6.6,31.7,0.09,True
2026-08-02 15:00:00,HVAC,78.46,31.4,0.11,True
2026-08-02 15:00:00,Lighting,16.4,31.4,0.11,True
2026-08-02 15:00:00,Labs,10.31,31.4,0.11,True
2026-08-02 15:00:00,Server Room,24.76,31.4,0.11,True
2026-08-02 15:00:00,Classrooms,2.53,31.4,0.11,True
2026-08-02 16:00:00,HVAC,72.24,30.6,0.09,True
2026-08-02 16:00:00,Lighting,12.3,30.6,0.09,True
2026-08-02 16:00:00,Labs,2.78,30.6,0.09,True
2026-08-02 16:00:00,Server Room,27.8,30.6,0.09,True
2026-08-02 16:00:00,Classrooms,2.82,30.6,0.09,True
2026-08-02 17:00:00,HVAC,65.33,28.1,0.1,True
2026-08-02 17:00:00,Lighting,14.31,28.1,0.1,True
2026-08-02 17:00:00,Labs,7.88,28.1,0.1,True
2026-08-02 17:00:00,Server Room,22.82,28.1,0.1,True
2026-08-02 17:00:00,Classrooms,0.0,28.1,0.1,True
2026-08-02 18:00:00,HVAC,68.1,28.4,0.12,True
2026-08-02 18:00:00,Lighting,13.61,28.4,0.12,True
2026-08-02 18:00:00,Labs,7.62,28.4,0.12,True
2026-08-02 18:00:00,Server Room,20.91,28.4,0.12,True
2026-08-02 18:00:00,Classrooms,3.54,28.4,0.12,True
2026-08-02 19:00:00,HVAC,63.8,27.6,0.19,True
2026-08-02 19:00:00,Lighting,16.34,27.6,0.19,True
2026-08-02 19:00:00,Labs,5.62,27.6,0.19,True
2026-08-02 19:00:00,Server Room,26.66,27.6,0.19,True
2026-08-02 19:00:00,Classrooms,8.45,27.6,0.19,True
2026-08-02 20:00:00,HVAC,48.44,25.9,0.05,True
2026-08-02 20:00:00,Lighting,14.49,25.9,0.05,True
2026-08-02 20:00:00,Labs,5.36,25.9,0.05,True
2026-08-02 20:00:00,Server Room,20.22,25.9,0.05,True
2026-08-02 20:00:00,Classrooms,4.22,25.9,0.05,True
2026-08-02 21:00:00,HVAC,36.78,22.8,0.13,True
2026-08-02 21:00:00,Lighting,14.09,22.8,0.13,True
2026-08-02 21:00:00,Labs,5.51,22.8,0.13,True
2026-08-02 21:00:00,Server Room,24.48,22.8,0.13,True
2026-08-02 21:00:00,Classrooms,2.66,22.8,0.13,True
2026-08-02 22:00:00,HVAC,48.38,24.3,0.19,True
2026-08-02 22:00:00,Lighting,10.76,24.3,0.19,True
2026-08-02 22:00:00,Labs,1.69,24.3,0.19,True
2026-08-02 22:00:00,Server Room,20.7,24.3,0.19,True
2026-08-02 22:00:00,Classrooms,7.23,24.3,0.19,True
2026-08-02 23:00:00,HVAC,26.65,21.9,0.11,True
2026-08-02 23:00:00,Lighting,16.26,21.9,0.11,True
2026-08-02 23:00:00,Labs,2.93,21.9,0.11,True
2026-08-02 23:00:00,Server Room,26.08,21.9,0.11,True
2026-08-02 23:00:00,Classrooms,4.43,21.9,0.11,True
2026-08-03 00:00:00,HVAC,31.88,21.8,0.11,False
2026-08-03 00:00:00,Lighting,16.5,21.8,0.11,False
2026-08-03 00:00:00,Labs,7.88,21.8,0.11,False
2026-08-03 00:00:00,Server Room,24.31,21.8,0.11,False
2026-08-03 00:00:00,Classrooms,12.8,21.8,0.11,False
2026-08-03 01:00:00,HVAC,29.97,21.3,0.23,False
2026-08-03 01:00:00,Lighting,13.99,21.3,0.23,False
2026-08-03 01:00:00,Labs,8.0,21.3,0.23,False
2026-08-03 01:00:00,Server Room,22.08,21.3,0.23,False
2026-08-03 01:00:00,Classrooms,9.7,21.3,0.23,False
2026-08-03 02:00:00,HVAC,32.5,21.7,0.18,False
2026-08-03 02:00:00,Lighting,13.36,21.7,0.18,False
2026-08-03 02:00:00,Labs,7.26,21.7,0.18,False
2026-08-03 02:00:00,Server Room,21.82,21.7,0.18,False
2026-08-03 02:00:00,Classrooms,7.1,21.7,0.18,False
2026-08-03 03:00:00,HVAC,31.98,22.2,0.12,False
2026-08-03 03:00:00,Lighting,12.36,22.2,0.12,False
2026-08-03 03:00:00,Labs,7.93,22.2,0.12,False
2026-08-03 03:00:00,Server Room,22.24,22.2,0.12,False
2026-08-03 03:00:00,Classrooms,4.41,22.2,0.12,False
2026-08-03 04:00:00,HVAC,26.88,21.1,0.05,False
2026-08-03 04:00:00,Lighting,13.46,21.1,0.05,False
2026-08-03 04:00:00,Labs,4.01,21.1,0.05,False
2026-08-03 04:00:00,Server Room,24.05,21.1,0.05,False
2026-08-03 04:00:00,Classrooms,0.3,21.1,0.05,False
2026-08-03 05:00:00,HVAC,35.27,22.6,0.06,False
2026-08-03 05:00:00,Lighting,18.49,22.6,0.06,False
2026-08-03 05:00:00,Labs,9.45,22.6,0.06,False
2026-08-03 05:00:00,Server Room,24.47,22.6,0.06,False
2026-08-03 05:00:00,Classrooms,5.98,22.6,0.06,False
2026-08-03 06:00:00,HVAC,29.08,20.9,0.23,False
2026-08-03 06:00:00,Lighting,15.5,20.9,0.23,False
2026-08-03 06:00:00,Labs,5.12,20.9,0.23,False
2026-08-03 06:00:00,Server Room,23.9,20.9,0.23,False
2026-08-03 06:00:00,Classrooms,7.98,20.9,0.23,False
2026-08-03 07:00:00,HVAC,32.57,23.0,0.02,False
2026-08-03 07:00:00,Lighting,10.7,23.0,0.02,False
2026-08-03 07:00:00,Labs,3.53,23.0,0.02,False
2026-08-03 07:00:00,Server Room,25.38,23.0,0.02,False
2026-08-03 07:00:00,Classrooms,7.24,23.0,0.02,False
2026-08-03 08:00:00,HVAC,75.92,28.2,0.57,False
2026-08-03 08:00:00,Lighting,12.77,28.2,0.57,False
2026-08-03 08:00:00,Labs,15.63,28.2,0.57,False
2026-08-03 08:00:00,Server Room,21.15,28.2,0.57,False
2026-08-03 08:00:00,Classrooms,12.13,28.2,0.57,False
2026-08-03 09:00:00,HVAC,78.97,26.8,0.91,False
2026-08-03 09:00:00,Lighting,24.3,26.8,0.91,False
2026-08-03 09:00:00,Labs,22.33,26.8,0.91,False
2026-08-03 09:00:00,Server Room,31.5,26.8,0.91,False
2026-08-03 09:00:00,Classrooms,18.1,26.8,0.91,False
2026-08-03 10:00:00,HVAC,74.1,26.0,0.85,False
2026-08-03 10:00:00,Lighting,19.06,26.0,0.85,False
2026-08-03 10:00:00,Labs,22.35,26.0,0.85,False
2026-08-03 10:00:00,Server Room,24.15,26.0,0.85,False
2026-08-03 10:00:00,Classrooms,19.67,26.0,0.85,False
2026-08-03 11:00:00,HVAC,98.29,29.5,0.95,False
2026-08-03 11:00:00,Lighting,24.48,29.5,0.95,False
2026-08-03 11:00:00,Labs,26.7,29.5,0.95,False
2026-08-03 11:00:00,Server Room,31.38,29.5,0.95,False
2026-08-03 11:00:00,Classrooms,16.61,29.5,0.95,False
2026-08-03 12:00:00,HVAC,122.2,33.6,0.95,False
2026-08-03 12:00:00,Lighting,27.08,33.6,0.95,False
2026-08-03 12:00:00,Labs,23.63,33.6,0.95,False
2026-08-03 12:00:00,Server Room,29.44,33.6,0.95,False
2026-08-03 12:00:00,Classrooms,18.19,33.6,0.95,False
2026-08-03 13:00:00,HVAC,85.82,29.6,0.56,False
2026-08-03 13:00:00,Lighting,15.02,29.6,0.56,False
2026-08-03 13:00:00,Labs,15.83,29.6,0.56,False
2026-08-03 13:00:00,Server Room,26.21,29.6,0.56,False
2026-08-03 13:00:00,Classrooms,11.3,29.6,0.56,False
2026-08-03 14:00:00,HVAC,112.6,34.7,0.68,False
2026-08-03 14:00:00,Lighting,19.7,34.7,0.68,False
2026-08-03 14:00:00,Labs,17.66,34.7,0.68,False
2026-08-03 14:00:00,Server Room,30.11,34.7,0.68,False
2026-08-03 14:00:00,Classrooms,14.67,34.7,0.68,False
2026-08-03 15:00:00,HVAC,97.97,31.3,0.58,False
2026-08-03 15:00:00,Lighting,18.77,31.3,0.58,False
2026-08-03 15:00:00,Labs,14.11,31.3,0.58,False
2026-08-03 15:00:00,Server Room,24.06,31.3,0.58,False
2026-08-03 15:00:00,Classrooms,13.9,31.3,0.58,False
2026-08-03 16:00:00,HVAC,82.95,30.2,0.51,False
2026-08-03 16:00:00,Lighting,17.76,30.2,0.51,False
2026-08-03 16:00:00,Labs,17.28,30.2,0.51,False
2026-08-03 16:00:00,Server Room,27.42,30.2,0.51,False
2026-08-03 16:00:00,Classrooms,15.13,30.2,0.51,False
2026-08-03 17:00:00,HVAC,107.28,31.3,0.97,False
2026-08-03 17:00:00,Lighting,24.14,31.3,0.97,False
2026-08-03 17:00:00,Labs,25.85,31.3,0.97,False
2026-08-03 17:00:00,Server Room,19.37,31.3,0.97,False
2026-08-03 17:00:00,Classrooms,24.47,31.3,0.97,False
2026-08-03 18:00:00,HVAC,86.84,27.9,0.96,False
2026-08-03 18:00:00,Lighting,23.92,27.9,0.96,False
2026-08-03 18:00:00,Labs,23.93,27.9,0.96,False
2026-08-03 18:00:00,Server Room,27.22,27.9,0.96,False
2026-08-03 18:00:00,Classrooms,21.46,27.9,0.96,False
2026-08-03 19:00:00,HVAC,67.53,28.6,0.29,False
2026-08-03 19:00:00,Lighting,10.11,28.6,0.29,False
2026-08-03 19:00:00,Labs,14.25,28.6,0.29,False
2026-08-03 19:00:00,Server Room,24.17,28.6,0.29,False
2026-08-03 19:00:00,Classrooms,8.51,28.6,0.29,False
2026-08-03 20:00:00,HVAC,46.96,25.9,0.12,False
2026-08-03 20:00:00,Lighting,10.52,25.9,0.12,False
2026-08-03 20:00:00,Labs,11.25,25.9,0.12,False
2026-08-03 20:00:00,Server Room,28.9,25.9,0.12,False
2026-08-03 20:00:00,Classrooms,11.08,25.9,0.12,False
2026-08-03 21:00:00,HVAC,43.45,23.6,0.1,False
2026-08-03 21:00:00,Lighting,13.33,23.6,0.1,False
2026-08-03 21:00:00,Labs,7.7,23.6,0.1,False
2026-08-03 21:00:00,Server Room,29.65,23.6,0.1,False
2026-08-03 21:00:00,Classrooms,4.23,23.6,0.1,False
2026-08-03 22:00:00,HVAC,38.55,23.9,0.14,False
2026-08-03 22:00:00,Lighting,10.82,23.9,0.14,False
2026-08-03 22:00:00,Labs,6.46,23.9,0.14,False
2026-08-03 22:00:00,Server Room,30.25,23.9,0.14,False
2026-08-03 22:00:00,Classrooms,2.43,23.9,0.14,False
2026-08-03 23:00:00,HVAC,41.08,23.5,0.14,False
2026-08-03 23:00:00,Lighting,13.19,23.5,0.14,False
2026-08-03 23:00:00,Labs,14.26,23.5,0.14,False
2026-08-03 23:00:00,Server Room,27.51,23.5,0.14,False
2026-08-03 23:00:00,Classrooms,2.52,23.5,0.14,False
2026-08-04 00:00:00,HVAC,41.59,23.9,0.13,False
2026-08-04 00:00:00,Lighting,16.55,23.9,0.13,False
2026-08-04 00:00:00,Labs,4.37,23.9,0.13,False
2026-08-04 00:00:00,Server Room,25.95,23.9,0.13,False
2026-08-04 00:00:00,Classrooms,9.61,23.9,0.13,False
2026-08-04 01:00:00,HVAC,19.33,18.8,0.19,False
2026-08-04 01:00:00,Lighting,10.75,18.8,0.19,False
2026-08-04 01:00:00,Labs,10.2,18.8,0.19,False
2026-08-04 01:00:00,Server Room,34.0,18.8,0.19,False
2026-08-04 01:00:00,Classrooms,1.14,18.8,0.19,False
2026-08-04 02:00:00,HVAC,30.45,22.0,0.09,False
2026-08-04 02:00:00,Lighting,10.81,22.0,0.09,False
2026-08-04 02:00:00,Labs,4.86,22.0,0.09,False
2026-08-04 02:00:00,Server Room,26.62,22.0,0.09,False
2026-08-04 02:00:00,Classrooms,7.86,22.0,0.09,False
2026-08-04 03:00:00,HVAC,29.06,21.5,0.15,False
2026-08-04 03:00:00,Lighting,12.04,21.5,0.15,False
2026-08-04 03:00:00,Labs,11.27,21.5,0.15,False
2026-08-04 03:00:00,Server Room,23.64,21.5,0.15,False
2026-08-04 03:00:00,Classrooms,8.43,21.5,0.15,False
2026-08-04 04:00:00,HVAC,26.5,20.5,0.13,False
2026-08-04 04:00:00,Lighting,9.28,20.5,0.13,False
2026-08-04 04:00:00,Labs,5.98,20.5,0.13,False
2026-08-04 04:00:00,Server Room,23.76,20.5,0.13,False
2026-08-04 04:00:00,Classrooms,10.77,20.5,0.13,False
2026-08-04 05:00:00,HVAC,29.11,20.8,0.13,False
2026-08-04 05:00:00,Lighting,11.51,20.8,0.13,False
2026-08-04 05:00:00,Labs,6.77,20.8,0.13,False
2026-08-04 05:00:00,Server Room,18.04,20.8,0.13,False
2026-08-04 05:00:00,Classrooms,8.47,20.8,0.13,False
2026-08-04 06:00:00,HVAC,33.26,23.5,0.07,False
2026-08-04 06:00:00,Lighting,15.8,23.5,0.07,False
2026-08-04 06:00:00,Labs,1.79,23.5,0.07,False
2026-08-04 06:00:00,Server Room,23.98,23.5,0.07,False
2026-08-04 06:00:00,Classrooms,3.48,23.5,0.07,False
2026-08-04 07:00:00,HVAC,46.23,24.4,0.08,False
2026-08-04 07:00:00,Lighting,13.65,24.4,0.08,False
2026-08-04 07:00:00,Labs,4.77,24.4,0.08,False
2026-08-04 07:00:00,Server Room,24.13,24.4,0.08,False
2026-08-04 07:00:00,Classrooms,10.23,24.4,0.08,False
2026-08-04 08:00:00,HVAC,72.48,26.0,0.86,False
2026-08-04 08:00:00,Lighting,21.93,26.0,0.86,False
2026-08-04 08:00:00,Labs,22.25,26.0,0.86,False
2026-08-04 08:00:00,Server Room,26.29,26.0,0.86,False
2026-08-04 08:00:00,Classrooms,20.41,26.0,0.86,False
2026-08-04 09:00:00,HVAC,72.27,26.5,0.62,False
2026-08-04 09:00:00,Lighting,19.96,26.5,0.62,False
2026-08-04 09:00:00,Labs,21.58,26.5,0.62,False
2026-08-04 09:00:00,Server Room,23.21,26.5,0.62,False
2026-08-04 09:00:00,Classrooms,15.47,26.5,0.62,False
2026-08-04 10:00:00,HVAC,87.84,29.0,0.79,False
2026-08-04 10:00:00,Lighting,19.74,29.0,0.79,False
2026-08-04 10:00:00,Labs,22.89,29.0,0.79,False
2026-08-04 10:00:00,Server Room,27.77,29.0,0.79,False
2026-08-04 10:00:00,Classrooms,16.29,29.0,0.79,False
2026-08-04 11:00:00,HVAC,92.73,29.9,0.64,False
2026-08-04 11:00:00,Lighting,22.01,29.9,0.64,False
2026-08-04 11:00:00,Labs,20.47,29.9,0.64,False
2026-08-04 11:00:00,Server Room,29.69,29.9,0.64,False
2026-08-04 11:00:00,Classrooms,17.81,29.9,0.64,False
2026-08-04 12:00:00,HVAC,97.06,30.0,0.95,False
2026-08-04 12:00:00,Lighting,20.13,30.0,0.95,False
2026-08-04 12:00:00,Labs,26.43,30.0,0.95,False
2026-08-04 12:00:00,Server Room,21.6,30.0,0.95,False
2026-08-04 12:00:00,Classrooms,23.09,30.0,0.95,False
2026-08-04 13:00:00,HVAC,118.59,34.2,0.91,False
2026-08-04 13:00:00,Lighting,22.51,34.2,0.91,False
2026-08-04 13:00:00,Labs,25.34,34.2,0.91,False
2026-08-04 13:00:00,Server Room,30.84,34.2,0.91,False
2026-08-04 13:00:00,Classrooms,15.8,34.2,0.91,False
2026-08-04 14:00:00,HVAC,108.78,31.7,0.99,False
2026-08-04 14:00:00,Lighting,27.5,31.7,0.99,False
2026-08-04 14:00:00,Labs,30.06,31.7,0.99,False
2026-08-04 14:00:00,Server Room,16.06,31.7,0.99,False
2026-08-04 14:00:00,Classrooms,22.09,31.7,0.99,False
2026-08-04 15:00:00,HVAC,95.34,29.7,0.89,False
2026-08-04 15:00:00,Lighting,23.15,29.7,0.89,False
2026-08-04 15:00:00,Labs,25.71,29.7,0.89,False
2026-08-04 15:00:00,Server Room,23.78,29.7,0.89,False
2026-08-04 15:00:00,Classrooms,17.97,29.7,0.89,False
2026-08-04 16:00:00,HVAC,107.96,33.0,0.64,False
2026-08-04 16:00:00,Lighting,18.15,33.0,0.64,False
2026-08-04 16:00:00,Labs,15.78,33.0,0.64,False
2026-08-04 16:00:00,Server Room,26.25,33.0,0.64,False
2026-08-04 16:00:00,Classrooms,19.32,33.0,0.64,False
2026-08-04 17:00:00,HVAC,86.83,28.6,0.67,False
2026-08-04 17:00:00,Lighting,21.58,28.6,0.67,False
2026-08-04 17:00:00,Labs,20.37,28.6,0.67,False
2026-08-04 17:00:00,Server Room,21.84,28.6,0.67,False
2026-08-04 17:00:00,Classrooms,20.33,28.6,0.67,False
2026-08-04 18:00:00,HVAC,88.01,28.0,0.72,False
2026-08-04 18:00:00,Lighting,13.41,28.0,0.72,False
2026-08-04 18:00:00,Labs,12.93,28.0,0.72,False
2026-08-04 18:00:00,Server Room,27.28,28.0,0.72,False
2026-08-04 18:00:00,Classrooms,19.58,28.0,0.72,False
2026-08-04 19:00:00,HVAC,65.84,27.7,0.25,False
2026-08-04 19:00:00,Lighting,13.93,27.7,0.25,False
2026-08-04 19:00:00,Labs,9.34,27.7,0.25,False
2026-08-04 19:00:00,Server Room,23.45,27.7,0.25,False
2026-08-04 19:00:00,Classrooms,10.25,27.7,0.25,False
2026-08-04 20:00:00,HVAC,68.02,28.0,0.19,False
2026-08-04 20:00:00,Lighting,6.25,28.0,0.19,False
2026-08-04 20:00:00,Labs,8.58,28.0,0.19,False
2026-08-04 20:00:00,Server Room,22.28,28.0,0.19,False
2026-08-04 20:00:00,Classrooms,11.09,28.0,0.19,False
2026-08-04 21:00:00,HVAC,52.93,24.7,0.11,False
2026-08-04 21:00:00,Lighting,10.66,24.7,0.11,False
2026-08-04 21:00:00,Labs,11.97,24.7,0.11,False
2026-08-04 21:00:00,Server Room,24.92,24.7,0.11,False
2026-08-04 21:00:00,Classrooms,5.6,24.7,0.11,False
2026-08-04 22:00:00,HVAC,46.3,24.9,0.13,False
2026-08-04 22:00:00,Lighting,15.93,24.9,0.13,False
2026-08-04 22:00:00,Labs,8.12,24.9,0.13,False
2026-08-04 22:00:00,Server Room,28.24,24.9,0.13,False
2026-08-04 22:00:00,Classrooms,10.75,24.9,0.13,False
2026-08-04 23:00:00,HVAC,28.11,21.0,0.06,False
2026-08-04 23:00:00,Lighting,15.09,21.0,0.06,False
2026-08-04 23:00:00,Labs,9.4,21.0,0.06,False
2026-08-04 23:00:00,Server Room,23.09,21.0,0.06,False
2026-08-04 23:00:00,Classrooms,5.09,21.0,0.06,False
2026-08-05 00:00:00,HVAC,25.47,20.5,0.05,False
2026-08-05 00:00:00,Lighting,17.08,20.5,0.05,False
2026-08-05 00:00:00,Labs,7.95,20.5,0.05,False
2026-08-05 00:00:00,Server Room,18.39,20.5,0.05,False
2026-08-05 00:00:00,Classrooms,3.56,20.5,0.05,False
2026-08-05 01:00:00,HVAC,33.31,22.1,0.11,False
2026-08-05 01:00:00,Lighting,10.91,22.1,0.11,False
2026-08-05 01:00:00,Labs,6.09,22.1,0.11,False
2026-08-05 01:00:00,Server Room,29.18,22.1,0.11,False
2026-08-05 01:00:00,Classrooms,6.52,22.1,0.11,False
2026-08-05 02:00:00,HVAC,27.59,21.1,0.1,False
2026-08-05 02:00:00,Lighting,10.77,21.1,0.1,False
2026-08-05 02:00:00,Labs,5.16,21.1,0.1,False
2026-08-05 02:00:00,Server Room,24.97,21.1,0.1,False
2026-08-05 02:00:00,Classrooms,4.95,21.1,0.1,False
2026-08-05 03:00:00,HVAC,33.89,23.1,0.05,False
2026-08-05 03:00:00,Lighting,9.32,23.1,0.05,False
2026-08-05 03:00:00,Labs,5.11,23.1,0.05,False
2026-08-05 03:00:00,Server Room,20.71,23.1,0.05,False
2026-08-05 03:00:00,Classrooms,4.08,23.1,0.05,False
2026-08-05 04:00:00,HVAC,21.54,20.6,0.0,False
2026-08-05 04:00:00,Lighting,7.24,20.6,0.0,False
2026-08-05 04:00:00,Labs,9.72,20.6,0.0,False
2026-08-05 04:00:00,Server Room,27.29,20.6,0.0,False
2026-08-05 04:00:00,Classrooms,8.03,20.6,0.0,False
2026-08-05 05:00:00,HVAC,39.53,21.9,0.19,False
2026-08-05 05:00:00,Lighting,10.42,21.9,0.19,False
2026-08-05 05:00:00,Labs,7.21,21.9,0.19,False
2026-08-05 05:00:00,Server Room,20.7,21.9,0.19,False
2026-08-05 05:00:00,Classrooms,4.0,21.9,0.19,False
2026-08-05 06:00:00,HVAC,55.44,25.3,0.3,False
2026-08-05 06:00:00,Lighting,15.68,25.3,0.3,False
2026-08-05 06:00:00,Labs,17.01,25.3,0.3,False
2026-08-05 06:00:00,Server Room,25.0,25.3,0.3,False
2026-08-05 06:00:00,Classrooms,7.11,25.3,0.3,False
2026-08-05 07:00:00,HVAC,32.34,22.2,0.03,False
2026-08-05 07:00:00,Lighting,4.39,22.2,0.03,False
2026-08-05 07:00:00,Labs,9.55,22.2,0.03,False
2026-08-05 07:00:00,Server Room,21.52,22.2,0.03,False
2026-08-05 07:00:00,Classrooms,6.24,22.2,0.03,False
2026-08-05 08:00:00,HVAC,63.75,23.7,0.67,False
2026-08-05 08:00:00,Lighting,18.8,23.7,0.67,False
2026-08-05 08:00:00,Labs,18.65,23.7,0.67,False
2026-08-05 08:00:00,Server Room,29.02,23.7,0.67,False
2026-08-05 08:00:00,Classrooms,20.27,23.7,0.67,False
2026-08-05 09:00:00,HVAC,79.0,26.1,0.87,False
2026-08-05 09:00:00,Lighting,22.83,26.1,0.87,False
2026-08-05 09:00:00,Labs,20.66,26.1,0.87,False
2026-08-05 09:00:00,Server Room,33.5,26.1,0.87,False
2026-08-05 09:00:00,Classrooms,24.1,26.1,0.87,False
2026-08-05 10:00:00,HVAC,86.75,29.7,0.63,False
2026-08-05 10:00:00,Lighting,15.1,29.7,0.63,False
2026-08-05 10:00:00,Labs,20.17,29.7,0.63,False
2026-08-05 10:00:00,Server Room,20.7,29.7,0.63,False
2026-08-05 10:00:00,Classrooms,13.47,29.7,0.63,False
2026-08-05 11:00:00,HVAC,95.84,29.9,0.99,False
2026-08-05 11:00:00,Lighting,23.37,29.9,0.99,False
2026-08-05 11:00:00,Labs,22.82,29.9,0.99,False
2026-08-05 11:00:00,Server Room,18.97,29.9,0.99,False
2026-08-05 11:00:00,Classrooms,22.62,29.9,0.99,False
2026-08-05 12:00:00,HVAC,100.41,31.8,0.8,False
2026-08-05 12:00:00,Lighting,21.39,31.8,0.8,False
2026-08-05 12:00:00,Labs,25.0,31.8,0.8,False
2026-08-05 12:00:00,Server Room,22.83,31.8,0.8,False
2026-08-05 12:00:00,Classrooms,25.31,31.8,0.8,False
2026-08-05 13:00:00,HVAC,99.38,30.9,0.99,False
2026-08-05 13:00:00,Lighting,26.19,30.9,0.99,False
2026-08-05 13:00:00,Labs,23.58,30.9,0.99,False
2026-08-05 13:00:00,Server Room,31.2,30.9,0.99,False
2026-08-05 13:00:00,Classrooms,23.86,30.9,0.99,False
2026-08-05 14:00:00,HVAC,89.94,30.4,0.76,False
2026-08-05 14:00:00,Lighting,21.39,30.4,0.76,False
2026-08-05 14:00:00,Labs,20.04,30.4,0.76,False
2026-08-05 14:00:00,Server Room,25.28,30.4,0.76,False
2026-08-05 14:00:00,Classrooms,14.63,30.4,0.76,False
2026-08-05 15:00:00,HVAC,104.08,30.8,0.83,False
2026-08-05 15:00:00,Lighting,24.65,30.8,0.83,False
2026-08-05 15:00:00,Labs,16.73,30.8,0.83,False
2026-08-05 15:00:00,Server Room,20.72,30.8,0.83,False
2026-08-05 15:00:00,Classrooms,20.95,30.8,0.83,False
2026-08-05 16:00:00,HVAC,107.74,31.9,0.99,False
2026-08-05 16:00:00,Lighting,29.14,31.9,0.99,False
2026-08-05 16:00:00,Labs,17.8,31.9,0.99,False
2026-08-05 16:00:00,Server Room,32.52,31.9,0.99,False
2026-08-05 16:00:00,Classrooms,22.87,31.9,0.99,False
2026-08-05 17:00:00,HVAC,104.9,31.8,0.95,False
2026-08-05 17:00:00,Lighting,27.04,31.8,0.95,False
2026-08-05 17:00:00,Labs,28.05,31.8,0.95,False
2026-08-05 17:00:00,Server Room,26.22,31.8,0.95,False
2026-08-05 17:00:00,Classrooms,22.68,31.8,0.95,False
2026-08-05 18:00:00,HVAC,87.82,28.2,0.93,False
2026-08-05 18:00:00,Lighting,23.95,28.2,0.93,False
2026-08-05 18:00:00,Labs,21.32,28.2,0.93,False
2026-08-05 18:00:00,Server Room,24.99,28.2,0.93,False
2026-08-05 18:00:00,Classrooms,25.08,28.2,0.93,False
2026-08-05 19:00:00,HVAC,68.27,27.9,0.28,False
2026-08-05 19:00:00,Lighting,11.81,27.9,0.28,False
2026-08-05 19:00:00,Labs,10.29,27.9,0.28,False
2026-08-05 19:00:00,Server Room,30.91,27.9,0.28,False
2026-08-05 19:00:00,Classrooms,11.46,27.9,0.28,False
2026-08-05 20:00:00,HVAC,62.47,27.0,0.05,False
2026-08-05 20:00:00,Lighting,13.75,27.0,0.05,False
2026-08-05 20:00:00,Labs,2.92,27.0,0.05,False
2026-08-05 20:00:00,Server Room,28.14,27.0,0.05,False
2026-08-05 20:00:00,Classrooms,10.08,27.0,0.05,False
2026-08-05 21:00:00,HVAC,54.72,24.5,0.29,False
2026-08-05 21:00:00,Lighting,10.79,24.5,0.29,False
2026-08-05 21:00:00,Labs,8.57,24.5,0.29,False
2026-08-05 21:00:00,Server Room,27.2,24.5,0.29,False
2026-08-05 21:00:00,Classrooms,11.79,24.5,0.29,False
2026-08-05 22:00:00,HVAC,42.86,23.8,0.08,False
2026-08-05 22:00:00,Lighting,13.04,23.8,0.08,False
2026-08-05 22:00:00,Labs,9.42,23.8,0.08,False
2026-08-05 22:00:00,Server Room,24.64,23.8,0.08,False
2026-08-05 22:00:00,Classrooms,13.22,23.8,0.08,False
2026-08-05 23:00:00,HVAC,22.28,21.9,0.01,False
2026-08-05 23:00:00,Lighting,9.62,21.9,0.01,False
2026-08-05 23:00:00,Labs,0.0,21.9,0.01,False
2026-08-05 23:00:00,Server Room,26.95,21.9,0.01,False
2026-08-05 23:00:00,Classrooms,0.44,21.9,0.01,False
2026-08-06 00:00:00,HVAC,23.71,20.2,0.08,False
2026-08-06 00:00:00,Lighting,11.21,20.2,0.08,False
2026-08-06 00:00:00,Labs,12.04,20.2,0.08,False
2026-08-06 00:00:00,Server Room,22.67,20.2,0.08,False
2026-08-06 00:00:00,Classrooms,0.0,20.2,0.08,False
2026-08-06 01:00:00,HVAC,13.41,18.7,0.09,False
2026-08-06 01:00:00,Lighting,16.49,18.7,0.09,False
2026-08-06 01:00:00,Labs,5.9,18.7,0.09,False
2026-08-06 01:00:00,Server Room,29.66,18.7,0.09,False
2026-08-06 01:00:00,Classrooms,6.53,18.7,0.09,False
2026-08-06 02:00:00,HVAC,18.28,19.9,0.0,False
2026-08-06 02:00:00,Lighting,13.46,19.9,0.0,False
2026-08-06 02:00:00,Labs,5.89,19.9,0.0,False
2026-08-06 02:00:00,Server Room,20.9,19.9,0.0,False
2026-08-06 02:00:00,Classrooms,5.79,19.9,0.0,False
2026-08-06 03:00:00,HVAC,38.06,22.0,0.09,False
2026-08-06 03:00:00,Lighting,14.1,22.0,0.09,False
2026-08-06 03:00:00,Labs,8.34,22.0,0.09,False
2026-08-06 03:00:00,Server Room,27.87,22.0,0.09,False
2026-08-06 03:00:00,Classrooms,3.77,22.0,0.09,False
2026-08-06 04:00:00,HVAC,34.64,22.7,0.3,False
2026-08-06 04:00:00,Lighting,8.73,22.7,0.3,False
2026-08-06 04:00:00,Labs,10.64,22.7,0.3,False
2026-08-06 04:00:00,Server Room,25.45,22.7,0.3,False
2026-08-06 04:00:00,Classrooms,13.28,22.7,0.3,False
2026-08-06 05:00:00,HVAC,49.44,24.9,0.19,False
2026-08-06 05:00:00,Lighting,10.24,24.9,0.19,False
2026-08-06 05:00:00,Labs,5.59,24.9,0.19,False
2026-08-06 05:00:00,Server Room,19.21,24.9,0.19,False
2026-08-06 05:00:00,Classrooms,8.83,24.9,0.19,False
2026-08-06 06:00:00,HVAC,40.07,23.5,0.18,False
2026-08-06 06:00:00,Lighting,12.65,23.5,0.18,False
2026-08-06 06:00:00,Labs,10.07,23.5,0.18,False
2026-08-06 06:00:00,Server Room,20.7,23.5,0.18,False
2026-08-06 06:00:00,Classrooms,7.35,23.5,0.18,False
2026-08-06 07:00:00,HVAC,57.03,26.6,0.16,False
2026-08-06 07:00:00,Lighting,9.69,26.6,0.16,False
2026-08-06 07:00:00,Labs,7.88,26.6,0.16,False
2026-08-06 07:00:00,Server Room,25.47,26.6,0.16,False
2026-08-06 07:00:00,Classrooms,10.73,26.6,0.16,False
2026-08-06 08:00:00,HVAC,75.59,28.1,0.53,False
2026-08-06 08:00:00,Lighting,22.35,28.1,0.53,False
2026-08-06 08:00:00,Labs,17.76,28.1,0.53,False
2026-08-06 08:00:00,Server Room,27.15,28.1,0.53,False
2026-08-06 08:00:00,Classrooms,19.49,28.1,0.53,False
2026-08-06 09:00:00,HVAC,72.7,26.2,0.61,False
2026-08-06 09:00:00,Lighting,21.48,26.2,0.61,False
2026-08-06 09:00:00,Labs,14.09,26.2,0.61,False
2026-08-06 09:00:00,Server Room,23.31,26.2,0.61,False
2026-08-06 09:00:00,Classrooms,18.65,26.2,0.61,False
2026-08-06 10:00:00,HVAC,74.53,26.3,0.87,False
2026-08-06 10:00:00,Lighting,24.82,26.3,0.87,False
2026-08-06 10:00:00,Labs,27.3,26.3,0.87,False
2026-08-06 10:00:00,Server Room,28.01,26.3,0.87,False
2026-08-06 10:00:00,Classrooms,22.38,26.3,0.87,False
2026-08-06 11:00:00,HVAC,80.65,27.8,0.53,False
2026-08-06 11:00:00,Lighting,17.88,27.8,0.53,False
2026-08-06 11:00:00,Labs,18.3,27.8,0.53,False
2026-08-06 11:00:00,Server Room,26.14,27.8,0.53,False
2026-08-06 11:00:00,Classrooms,9.91,27.8,0.53,False
2026-08-06 12:00:00,HVAC,109.6,34.1,0.69,False
2026-08-06 12:00:00,Lighting,18.66,34.1,0.69,False
2026-08-06 12:00:00,Labs,16.57,34.1,0.69,False
2026-08-06 12:00:00,Server Room,25.19,34.1,0.69,False
2026-08-06 12:00:00,Classrooms,23.23,34.1,0.69,False
2026-08-06 13:00:00,HVAC,96.57,29.7,0.99,False
2026-08-06 13:00:00,Lighting,26.31,29.7,0.99,False
2026-08-06 13:00:00,Labs,25.75,29.7,0.99,False
2026-08-06 13:00:00,Server Room,23.56,29.7,0.99,False
2026-08-06 13:00:00,Classrooms,23.66,29.7,0.99,False
2026-08-06 14:00:00,HVAC,102.54,33.3,0.59,False
2026-08-06 14:00:00,Lighting,11.3,33.3,0.59,False
2026-08-06 14:00:00,Labs,17.46,33.3,0.59,False
2026-08-06 14:00:00,Server Room,17.88,33.3,0.59,False
2026-08-06 14:00:00,Classrooms,15.28,33.3,0.59,False
2026-08-06 15:00:00,HVAC,92.93,31.4,0.63,False
2026-08-06 15:00:00,Lighting,17.93,31.4,0.63,False
2026-08-06 15:00:00,Labs,18.86,31.4,0.63,False
2026-08-06 15:00:00,Server Room,25.22,31.4,0.63,False
2026-08-06 15:00:00,Classrooms,15.83,31.4,0.63,False
2026-08-06 16:00:00,HVAC,90.67,31.3,0.51,False
2026-08-06 16:00:00,Lighting,17.15,31.3,0.51,False
2026-08-06 16:00:00,Labs,13.54,31.3,0.51,False
2026-08-06 16:00:00,Server Room,21.78,31.3,0.51,False
2026-08-06 16:00:00,Classrooms,14.47,31.3,0.51,False
2026-08-06 17:00:00,HVAC,90.52,29.6,0.6,False
2026-08-06 17:00:00,Lighting,19.22,29.6,0.6,False
2026-08-06 17:00:00,Labs,9.37,29.6,0.6,False
2026-08-06 17:00:00,Server Room,24.9,29.6,0.6,False
2026-08-06 17:00:00,Classrooms,20.11,29.6,0.6,False
2026-08-06 18:00:00,HVAC,79.57,28.1,0.6,False
2026-08-06 18:00:00,Lighting,17.72,28.1,0.6,False
2026-08-06 18:00:00,Labs,10.82,28.1,0.6,False
2026-08-06 18:00:00,Server Room,22.25,28.1,0.6,False
2026-08-06 18:00:00,Classrooms,17.5,28.1,0.6,False
2026-08-06 19:00:00,HVAC,50.97,25.9,0.13,False
2026-08-06 19:00:00,Lighting,5.77,25.9,0.13,False
2026-08-06 19:00:00,Labs,8.95,25.9,0.13,False
2026-08-06 19:00:00,Server Room,21.6,25.9,0.13,False
2026-08-06 19:00:00,Classrooms,7.28,25.9,0.13,False
2026-08-06 20:00:00,HVAC,61.46,28.6,0.14,False
2026-08-06 20:00:00,Lighting,10.52,28.6,0.14,False
2026-08-06 20:00:00,Labs,8.7,28.6,0.14,False
2026-08-06 20:00:00,Server Room,20.48,28.6,0.14,False
2026-08-06 20:00:00,Classrooms,6.67,28.6,0.14,False
2026-08-06 21:00:00,HVAC,47.69,24.9,0.24,False
2026-08-06 21:00:00,Lighting,12.35,24.9,0.24,False
2026-08-06 21:00:00,Labs,7.54,24.9,0.24,False
2026-08-06 21:00:00,Server Room,18.0,24.9,0.24,False
2026-08-06 21:00:00,Classrooms,11.71,24.9,0.24,False
2026-08-06 22:00:00,HVAC,34.1,22.0,0.11,False
2026-08-06 22:00:00,Lighting,17.93,22.0,0.11,False
2026-08-06 22:00:00,Labs,12.88,22.0,0.11,False
2026-08-06 22:00:00,Server Room,21.49,22.0,0.11,False
2026-08-06 22:00:00,Classrooms,3.69,22.0,0.11,False
2026-08-06 23:00:00,HVAC,32.64,20.5,0.15,False
2026-08-06 23:00:00,Lighting,13.65,20.5,0.15,False
2026-08-06 23:00:00,Labs,5.01,20.5,0.15,False
2026-08-06 23:00:00,Server Room,28.33,20.5,0.15,False
2026-08-06 23:00:00,Classrooms,5.72,20.5,0.15,False
2026-08-07 00:00:00,HVAC,31.31,21.0,0.22,False
2026-08-07 00:00:00,Lighting,13.18,21.0,0.22,False
2026-08-07 00:00:00,Labs,10.29,21.0,0.22,False
2026-08-07 00:00:00,Server Room,27.02,21.0,0.22,False
2026-08-07 00:00:00,Classrooms,8.27,21.0,0.22,False
2026-08-07 01:00:00,HVAC,29.0,21.6,0.03,False
2026-08-07 01:00:00,Lighting,15.7,21.6,0.03,False
2026-08-07 01:00:00,Labs,5.97,21.6,0.03,False
2026-08-07 01:00:00,Server Room,25.73,21.6,0.03,False
2026-08-07 01:00:00,Classrooms,4.8,21.6,0.03,False
2026-08-07 02:00:00,HVAC,39.51,22.0,0.25,False
2026-08-07 02:00:00,Lighting,15.03,22.0,0.25,False
2026-08-07 02:00:00,Labs,8.86,22.0,0.25,False
2026-08-07 02:00:00,Server Room,22.69,22.0,0.25,False
2026-08-07 02:00:00,Classrooms,3.55,22.0,0.25,False
2026-08-07 03:00:00,HVAC,23.95,19.2,0.17,False
2026-08-07 03:00:00,Lighting,16.47,19.2,0.17,False
2026-08-07 03:00:00,Labs,9.75,19.2,0.17,False
2026-08-07 03:00:00,Server Room,21.35,19.2,0.17,False
2026-08-07 03:00:00,Classrooms,11.87,19.2,0.17,False
2026-08-07 04:00:00,HVAC,31.51,20.5,0.24,False
2026-08-07 04:00:00,Lighting,11.35,20.5,0.24,False
2026-08-07 04:00:00,Labs,8.63,20.5,0.24,False
2026-08-07 04:00:00,Server Room,25.96,20.5,0.24,False
2026-08-07 04:00:00,Classrooms,6.87,20.5,0.24,False
2026-08-07 05:00:00,HVAC,24.62,21.5,0.21,False
2026-08-07 05:00:00,Lighting,11.87,21.5,0.21,False
2026-08-07 05:00:00,Labs,7.18,21.5,0.21,False
2026-08-07 05:00:00,Server Room,27.18,21.5,0.21,False
2026-08-07 05:00:00,Classrooms,7.26,21.5,0.21,False
2026-08-07 06:00:00,HVAC,33.39,20.8,0.14,False
2026-08-07 06:00:00,Lighting,12.88,20.8,0.14,False
2026-08-07 06:00:00,Labs,7.74,20.8,0.14,False
2026-08-07 06:00:00,Server Room,31.04,20.8,0.14,False
2026-08-07 06:00:00,Classrooms,10.73,20.8,0.14,False
2026-08-07 07:00:00,HVAC,31.35,21.9,0.12,False
2026-08-07 07:00:00,Lighting,10.84,21.9,0.12,False
2026-08-07 07:00:00,Labs,8.07,21.9,0.12,False
2026-08-07 07:00:00,Server Room,18.15,21.9,0.12,False
2026-08-07 07:00:00,Classrooms,7.12,21.9,0.12,False
2026-08-07 08:00:00,HVAC,61.16,24.3,0.61,False
2026-08-07 08:00:00,Lighting,14.92,24.3,0.61,False
2026-08-07 08:00:00,Labs,16.22,24.3,0.61,False
2026-08-07 08:00:00,Server Room,31.44,24.3,0.61,False
2026-08-07 08:00:00,Classrooms,12.66,24.3,0.61,False
2026-08-07 09:00:00,HVAC,80.27,26.8,0.94,False
2026-08-07 09:00:00,Lighting,29.61,26.8,0.94,False
2026-08-07 09:00:00,Labs,23.05,26.8,0.94,False
2026-08-07 09:00:00,Server Room,25.2,26.8,0.94,False
2026-08-07 09:00:00,Classrooms,28.55,26.8,0.94,False
2026-08-07 10:00:00,HVAC,99.73,30.8,0.83,False
2026-08-07 10:00:00,Lighting,17.66,30.8,0.83,False
2026-08-07 10:00:00,Labs,23.16,30.8,0.83,False
2026-08-07 10:00:00,Server Room,23.91,30.8,0.83,False
2026-08-07 10:00:00,Classrooms,26.22,30.8,0.83,False
2026-08-07 11:00:00,HVAC,100.25,31.2,0.84,False
2026-08-07 11:00:00,Lighting,21.49,31.2,0.84,False
2026-08-07 11:00:00,Labs,24.07,31.2,0.84,False
2026-08-07 11:00:00,Server Room,20.72,31.2,0.84,False
2026-08-07 11:00:00,Classrooms,21.93,31.2,0.84,False
2026-08-07 12:00:00,HVAC,106.46,34.0,0.58,False
2026-08-07 12:00:00,Lighting,18.13,34.0,0.58,False
2026-08-07 12:00:00,Labs,19.09,34.0,0.58,False
2026-08-07 12:00:00,Server Room,25.58,34.0,0.58,False
2026-08-07 12:00:00,Classrooms,12.85,34.0,0.58,False
2026-08-07 13:00:00,HVAC,85.01,28.7,0.8,False
2026-08-07 13:00:00,Lighting,24.35,28.7,0.8,False
2026-08-07 13:00:00,Labs,23.2,28.7,0.8,False
2026-08-07 13:00:00,Server Room,27.25,28.7,0.8,False
2026-08-07 13:00:00,Classrooms,20.81,28.7,0.8,False
2026-08-07 14:00:00,HVAC,115.47,33.4,0.94,False
2026-08-07 14:00:00,Lighting,22.99,33.4,0.94,False
2026-08-07 14:00:00,Labs,22.57,33.4,0.94,False
2026-08-07 14:00:00,Server Room,21.22,33.4,0.94,False
2026-08-07 14:00:00,Classrooms,23.9,33.4,0.94,False
2026-08-07 15:00:00,HVAC,90.41,30.9,0.57,False
2026-08-07 15:00:00,Lighting,11.84,30.9,0.57,False
2026-08-07 15:00:00,Labs,19.81,30.9,0.57,False
2026-08-07 15:00:00,Server Room,26.68,30.9,0.57,False
2026-08-07 15:00:00,Classrooms,14.98,30.9,0.57,False
2026-08-07 16:00:00,HVAC,90.74,29.5,0.73,False
2026-08-07 16:00:00,Lighting,19.3,29.5,0.73,False
2026-08-07 16:00:00,Labs,21.61,29.5,0.73,False
2026-08-07 16:00:00,Server Room,27.35,29.5,0.73,False
2026-08-07 16:00:00,Classrooms,12.91,29.5,0.73,False
2026-08-07 17:00:00,HVAC,104.36,31.1,0.83,False
2026-08-07 17:00:00,Lighting,24.82,31.1,0.83,False
2026-08-07 17:00:00,Labs,18.48,31.1,0.83,False
2026-08-07 17:00:00,Server Room,26.48,31.1,0.83,False
2026-08-07 17:00:00,Classrooms,19.8,31.1,0.83,False
2026-08-07 18:00:00,HVAC,93.61,29.3,0.89,False
2026-08-07 18:00:00,Lighting,25.0,29.3,0.89,False
2026-08-07 18:00:00,Labs,20.86,29.3,0.89,False
2026-08-07 18:00:00,Server Room,32.93,29.3,0.89,False
2026-08-07 18:00:00,Classrooms,23.97,29.3,0.89,False
2026-08-07 19:00:00,HVAC,54.13,27.3,0.07,False
2026-08-07 19:00:00,Lighting,11.05,27.3,0.07,False
2026-08-07 19:00:00,Labs,4.59,27.3,0.07,False
2026-08-07 19:00:00,Server Room,23.37,27.3,0.07,False
2026-08-07 19:00:00,Classrooms,7.97,27.3,0.07,False
2026-08-07 20:00:00,HVAC,56.36,26.6,0.17,False
2026-08-07 20:00:00,Lighting,13.91,26.6,0.17,False
2026-08-07 20:00:00,Labs,15.48,26.6,0.17,False
2026-08-07 20:00:00,Server Room,26.47,26.6,0.17,False
2026-08-07 20:00:00,Classrooms,6.96,26.6,0.17,False
2026-08-07 21:00:00,HVAC,48.06,22.9,0.27,False
2026-08-07 21:00:00,Lighting,15.59,22.9,0.27,False
2026-08-07 21:00:00,Labs,17.46,22.9,0.27,False
2026-08-07 21:00:00,Server Room,30.67,22.9,0.27,False
2026-08-07 21:00:00,Classrooms,8.31,22.9,0.27,False
2026-08-07 22:00:00,HVAC,57.95,25.6,0.26,False
2026-08-07 22:00:00,Lighting,14.46,25.6,0.26,False
2026-08-07 22:00:00,Labs,13.25,25.6,0.26,False
2026-08-07 22:00:00,Server Room,27.63,25.6,0.26,False
2026-08-07 22:00:00,Classrooms,9.45,25.6,0.26,False
2026-08-07 23:00:00,HVAC,27.67,20.9,0.09,False
2026-08-07 23:00:00,Lighting,7.37,20.9,0.09,False
2026-08-07 23:00:00,Labs,11.25,20.9,0.09,False
2026-08-07 23:00:00,Server Room,25.5,20.9,0.09,False
2026-08-07 23:00:00,Classrooms,4.8,20.9,0.09,False
2026-08-08 00:00:00,HVAC,24.42,20.1,0.06,True
2026-08-08 00:00:00,Lighting,13.88,20.1,0.06,True
2026-08-08 00:00:00,Labs,4.31,20.1,0.06,True
2026-08-08 00:00:00,Server Room,22.06,20.1,0.06,True
2026-08-08 00:00:00,Classrooms,7.14,20.1,0.06,True
2026-08-08 01:00:00,HVAC,21.89,20.4,0.11,True
2026-08-08 01:00:00,Lighting,12.21,20.4,0.11,True
2026-08-08 01:00:00,Labs,8.94,20.4,0.11,True
2026-08-08 01:00:00,Server Room,23.49,20.4,0.11,True
2026-08-08 01:00:00,Classrooms,5.81,20.4,0.11,True
2026-08-08 02:00:00,HVAC,23.15,19.8,0.04,True
2026-08-08 02:00:00,Lighting,6.64,19.8,0.04,True
2026-08-08 02:00:00,Labs,1.39,19.8,0.04,True
2026-08-08 02:00:00,Server Room,26.83,19.8,0.04,True
2026-08-08 02:00:00,Classrooms,4.74,19.8,0.04,True
2026-08-08 03:00:00,HVAC,25.92,20.7,0.06,True
2026-08-08 03:00:00,Lighting,9.97,20.7,0.06,True
2026-08-08 03:00:00,Labs,0.8,20.7,0.06,True
2026-08-08 03:00:00,Server Room,22.67,20.7,0.06,True
2026-08-08 03:00:00,Classrooms,8.98,20.7,0.06,True
2026-08-08 04:00:00,HVAC,34.66,22.2,0.08,True
2026-08-08 04:00:00,Lighting,15.23,22.2,0.08,True
2026-08-08 04:00:00,Labs,2.73,22.2,0.08,True
2026-08-08 04:00:00,Server Room,31.79,22.2,0.08,True
2026-08-08 04:00:00,Classrooms,0.0,22.2,0.08,True
2026-08-08 05:00:00,HVAC,24.73,21.2,0.06,True
2026-08-08 05:00:00,Lighting,8.81,21.2,0.06,True
2026-08-08 05:00:00,Labs,6.78,21.2,0.06,True
2026-08-08 05:00:00,Server Room,19.11,21.2,0.06,True
2026-08-08 05:00:00,Classrooms,5.72,21.2,0.06,True
2026-08-08 06:00:00,HVAC,32.54,21.3,0.07,True
2026-08-08 06:00:00,Lighting,8.03,21.3,0.07,True
2026-08-08 06:00:00,Labs,4.39,21.3,0.07,True
2026-08-08 06:00:00,Server Room,20.79,21.3,0.07,True
2026-08-08 06:00:00,Classrooms,1.57,21.3,0.07,True
2026-08-08 07:00:00,HVAC,52.98,25.3,0.04,True
2026-08-08 07:00:00,Lighting,10.27,25.3,0.04,True
2026-08-08 07:00:00,Labs,5.45,25.3,0.04,True
2026-08-08 07:00:00,Server Room,19.75,25.3,0.04,True
2026-08-08 07:00:00,Classrooms,0.0,25.3,0.04,True
2026-08-08 08:00:00,HVAC,58.34,26.5,0.1,True
2026-08-08 08:00:00,Lighting,7.8,26.5,0.1,True
2026-08-08 08:00:00,Labs,3.88,26.5,0.1,True
2026-08-08 08:00:00,Server Room,22.63,26.5,0.1,True
2026-08-08 08:00:00,Classrooms,1.83,26.5,0.1,True
2026-08-08 09:00:00,HVAC,56.39,27.1,0.07,True
2026-08-08 09:00:00,Lighting,18.03,27.1,0.07,True
2026-08-08 09:00:00,Labs,8.63,27.1,0.07,True
2026-08-08 09:00:00,Server Room,22.13,27.1,0.07,True
2026-08-08 09:00:00,Classrooms,1.43,27.1,0.07,True
2026-08-08 10:00:00,HVAC,51.94,25.6,0.16,True
2026-08-08 10:00:00,Lighting,10.04,25.6,0.16,True
2026-08-08 10:00:00,Labs,4.74,25.6,0.16,True
2026-08-08 10:00:00,Server Room,22.49,25.6,0.16,True
2026-08-08 10:00:00,Classrooms,6.35,25.6,0.16,True
2026-08-08 11:00:00,HVAC,69.88,29.5,0.01,True
2026-08-08 11:00:00,Lighting,14.87,29.5,0.01,True
2026-08-08 11:00:00,Labs,7.59,29.5,0.01,True
2026-08-08 11:00:00,Server Room,24.51,29.5,0.01,True
2026-08-08 11:00:00,Classrooms,3.73,29.5,0.01,True
2026-08-08 12:00:00,HVAC,85.15,31.9,0.05,True
2026-08-08 12:00:00,Lighting,10.66,31.9,0.05,True
2026-08-08 12:00:00,Labs,0.44,31.9,0.05,True
2026-08-08 12:00:00,Server Room,25.86,31.9,0.05,True
2026-08-08 12:00:00,Classrooms,2.14,31.9,0.05,True
2026-08-08 13:00:00,HVAC,72.04,29.4,0.16,True
2026-08-08 13:00:00,Lighting,15.64,29.4,0.16,True
2026-08-08 13:00:00,Labs,9.17,29.4,0.16,True
2026-08-08 13:00:00,Server Room,23.63,29.4,0.16,True
2026-08-08 13:00:00,Classrooms,6.67,29.4,0.16,True
2026-08-08 14:00:00,HVAC,83.79,31.8,0.19,True
2026-08-08 14:00:00,Lighting,10.22,31.8,0.19,True
2026-08-08 14:00:00,Labs,2.15,31.8,0.19,True
2026-08-08 14:00:00,Server Room,26.38,31.8,0.19,True
2026-08-08 14:00:00,Classrooms,0.0,31.8,0.19,True
2026-08-08 15:00:00,HVAC,74.21,30.2,0.04,True
2026-08-08 15:00:00,Lighting,15.12,30.2,0.04,True
2026-08-08 15:00:00,Labs,7.57,30.2,0.04,True
2026-08-08 15:00:00,Server Room,25.39,30.2,0.04,True
2026-08-08 15:00:00,Classrooms,1.02,30.2,0.04,True
2026-08-08 16:00:00,HVAC,81.42,31.6,0.05,True
2026-08-08 16:00:00,Lighting,9.0,31.6,0.05,True
2026-08-08 16:00:00,Labs,3.82,31.6,0.05,True
2026-08-08 16:00:00,Server Room,24.04,31.6,0.05,True
2026-08-08 16:00:00,Classrooms,3.43,31.6,0.05,True
2026-08-08 17:00:00,HVAC,72.79,30.2,0.16,True
2026-08-08 17:00:00,Lighting,9.29,30.2,0.16,True
2026-08-08 17:00:00,Labs,7.7,30.2,0.16,True
2026-08-08 17:00:00,Server Room,32.73,30.2,0.16,True
2026-08-08 17:00:00,Classrooms,10.83,30.2,0.16,True
2026-08-08 18:00:00,HVAC,73.47,29.9,0.01,True
2026-08-08 18:00:00,Lighting,10.04,29.9,0.01,True
2026-08-08 18:00:00,Labs,6.9,29.9,0.01,True
2026-08-08 18:00:00,Server Room,28.24,29.9,0.01,True
2026-08-08 18:00:00,Classrooms,0.0,29.9,0.01,True
2026-08-08 19:00:00,HVAC,66.01,28.3,0.16,True
2026-08-08 19:00:00,Lighting,16.36,28.3,0.16,True
2026-08-08 19:00:00,Labs,6.05,28.3,0.16,True
2026-08-08 19:00:00,Server Room,24.45,28.3,0.16,True
2026-08-08 19:00:00,Classrooms,6.56,28.3,0.16,True
2026-08-08 20:00:00,HVAC,53.59,26.1,0.13,True
2026-08-08 20:00:00,Lighting,10.69,26.1,0.13,True
2026-08-08 20:00:00,Labs,9.05,26.1,0.13,True
2026-08-08 20:00:00,Server Room,23.85,26.1,0.13,True
2026-08-08 20:00:00,Classrooms,7.2,26.1,0.13,True
2026-08-08 21:00:00,HVAC,54.41,25.7,0.05,True
2026-08-08 21:00:00,Lighting,9.67,25.7,0.05,True
2026-08-08 21:00:00,Labs,7.98,25.7,0.05,True
2026-08-08 21:00:00,Server Room,23.95,25.7,0.05,True
2026-08-08 21:00:00,Classrooms,8.49,25.7,0.05,True
2026-08-08 22:00:00,HVAC,32.75,22.6,0.04,True
2026-08-08 22:00:00,Lighting,10.45,22.6,0.04,True
2026-08-08 22:00:00,Labs,0.55,22.6,0.04,True
2026-08-08 22:00:00,Server Room,21.75,22.6,0.04,True
2026-08-08 22:00:00,Classrooms,6.11,22.6,0.04,True
2026-08-08 23:00:00,HVAC,33.1,21.7,0.1,True
2026-08-08 23:00:00,Lighting,16.03,21.7,0.1,True
2026-08-08 23:00:00,Labs,0.0,21.7,0.1,True
2026-08-08 23:00:00,Server Room,21.4,21.7,0.1,True
2026-08-08 23:00:00,Classrooms,8.63,21.7,0.1,True
2026-08-09 00:00:00,HVAC,15.14,18.2,0.09,True
2026-08-09 00:00:00,Lighting,7.52,18.2,0.09,True
2026-08-09 00:00:00,Labs,2.34,18.2,0.09,True
2026-08-09 00:00:00,Server Room,29.02,18.2,0.09,True
2026-08-09 00:00:00,Classrooms,5.93,18.2,0.09,True
2026-08-09 01:00:00,HVAC,19.53,18.5,0.2,True
2026-08-09 01:00:00,Lighting,11.72,18.5,0.2,True
2026-08-09 01:00:00,Labs,3.41,18.5,0.2,True
2026-08-09 01:00:00,Server Room,25.42,18.5,0.2,True
2026-08-09 01:00:00,Classrooms,9.06,18.5,0.2,True
2026-08-09 02:00:00,HVAC,20.92,20.1,0.12,True
2026-08-09 02:00:00,Lighting,6.67,20.1,0.12,True
2026-08-09 02:00:00,Labs,8.66,20.1,0.12,True
2026-08-09 02:00:00,Server Room,22.12,20.1,0.12,True
2026-08-09 02:00:00,Classrooms,0.8,20.1,0.12,True
2026-08-09 03:00:00,HVAC,18.77,19.0,0.09,True
2026-08-09 03:00:00,Lighting,12.9,19.0,0.09,True
2026-08-09 03:00:00,Labs,1.38,19.0,0.09,True
2026-08-09 03:00:00,Server Room,21.77,19.0,0.09,True
2026-08-09 03:00:00,Classrooms,0.0,19.0,0.09,True
2026-08-09 04:00:00,HVAC,41.24,23.0,0.03,True
2026-08-09 04:00:00,Lighting,9.15,23.0,0.03,True
2026-08-09 04:00:00,Labs,0.56,23.0,0.03,True
2026-08-09 04:00:00,Server Room,29.01,23.0,0.03,True
2026-08-09 04:00:00,Classrooms,16.33,23.0,0.03,True
2026-08-09 05:00:00,HVAC,33.34,22.1,0.1,True
2026-08-09 05:00:00,Lighting,14.85,22.1,0.1,True
2026-08-09 05:00:00,Labs,0.0,22.1,0.1,True
2026-08-09 05:00:00,Server Room,25.94,22.1,0.1,True
2026-08-09 05:00:00,Classrooms,0.0,22.1,0.1,True
2026-08-09 06:00:00,HVAC,38.38,22.2,0.11,True
2026-08-09 06:00:00,Lighting,12.53,22.2,0.11,True
2026-08-09 06:00:00,Labs,3.2,22.2,0.11,True
2026-08-09 06:00:00,Server Room,27.17,22.2,0.11,True
2026-08-09 06:00:00,Classrooms,13.48,22.2,0.11,True
2026-08-09 07:00:00,HVAC,41.13,23.8,0.05,True
2026-08-09 07:00:00,Lighting,8.7,23.8,0.05,True
2026-08-09 07:00:00,Labs,7.35,23.8,0.05,True
2026-08-09 07:00:00,Server Room,26.66,23.8,0.05,True
2026-08-09 07:00:00,Classrooms,8.22,23.8,0.05,True
2026-08-09 08:00:00,HVAC,60.1,26.9,0.14,True
2026-08-09 08:00:00,Lighting,11.05,26.9,0.14,True
2026-08-09 08:00:00,Labs,0.0,26.9,0.14,True
2026-08-09 08:00:00,Server Room,28.67,26.9,0.14,True
2026-08-09 08:00:00,Classrooms,1.36,26.9,0.14,True
2026-08-09 09:00:00,HVAC,51.3,27.0,0.06,True
2026-08-09 09:00:00,Lighting,11.77,27.0,0.06,True
2026-08-09 09:00:00,Labs,7.05,27.0,0.06,True
2026-08-09 09:00:00,Server Room,27.55,27.0,0.06,True
2026-08-09 09:00:00,Classrooms,1.96,27.0,0.06,True
2026-08-09 10:00:00,HVAC,70.3,29.7,0.06,True
2026-08-09 10:00:00,Lighting,4.74,29.7,0.06,True
2026-08-09 10:00:00,Labs,5.61,29.7,0.06,True
2026-08-09 10:00:00,Server Room,24.91,29.7,0.06,True
2026-08-09 10:00:00,Classrooms,1.17,29.7,0.06,True
2026-08-09 11:00:00,HVAC,72.58,29.5,0.14,True
2026-08-09 11:00:00,Lighting,12.59,29.5,0.14,True
2026-08-09 11:00:00,Labs,2.6,29.5,0.14,True
2026-08-09 11:00:00,Server Room,26.24,29.5,0.14,True
2026-08-09 11:00:00,Classrooms,2.14,29.5,0.14,True
2026-08-09 12:00:00,HVAC,72.78,30.3,0.06,True
2026-08-09 12:00:00,Lighting,7.0,30.3,0.06,True
2026-08-09 12:00:00,Labs,11.19,30.3,0.06,True
2026-08-09 12:00:00,Server Room,20.94,30.3,0.06,True
2026-08-09 12:00:00,Classrooms,1.55,30.3,0.06,True
2026-08-09 13:00:00,HVAC,73.69,31.3,0.03,True
2026-08-09 13:00:00,Lighting,9.52,31.3,0.03,True
2026-08-09 13:00:00,Labs,0.0,31.3,0.03,True
2026-08-09 13:00:00,Server Room,21.95,31.3,0.03,True
2026-08-09 13:00:00,Classrooms,0.0,31.3,0.03,True
2026-08-09 14:00:00,HVAC,72.08,30.3,0.05,True
2026-08-09 14:00:00,Lighting,10.05,30.3,0.05,True
2026-08-09 14:00:00,Labs,1.99,30.3,0.05,True
2026-08-09 14:00:00,Server Room,29.24,30.3,0.05,True
2026-08-09 14:00:00,Classrooms,0.06,30.3,0.05,True
2026-08-09 15:00:00,HVAC,82.82,31.5,0.08,True
2026-08-09 15:00:00,Lighting,7.18,31.5,0.08,True
2026-08-09 15:00:00,Labs,5.58,31.5,0.08,True
2026-08-09 15:00:00,Server Room,35.04,31.5,0.08,True
2026-08-09 15:00:00,Classrooms,9.55,31.5,0.08,True
2026-08-09 16:00:00,HVAC,74.55,30.4,0.0,True
2026-08-09 16:00:00,Lighting,6.43,30.4,0.0,True
2026-08-09 16:00:00,Labs,2.86,30.4,0.0,True
2026-08-09 16:00:00,Server Room,27.14,30.4,0.0,True
2026-08-09 16:00:00,Classrooms,7.65,30.4,0.0,True
2026-08-09 17:00:00,HVAC,79.16,31.0,0.05,True
2026-08-09 17:00:00,Lighting,13.76,31.0,0.05,True
2026-08-09 17:00:00,Labs,2.72,31.0,0.05,True
2026-08-09 17:00:00,Server Room,19.13,31.0,0.05,True
2026-08-09 17:00:00,Classrooms,5.43,31.0,0.05,True
2026-08-09 18:00:00,HVAC,74.3,29.5,0.19,True
2026-08-09 18:00:00,Lighting,11.39,29.5,0.19,True
2026-08-09 18:00:00,Labs,10.67,29.5,0.19,True
2026-08-09 18:00:00,Server Room,23.38,29.5,0.19,True
2026-08-09 18:00:00,Classrooms,7.8,29.5,0.19,True
2026-08-09 19:00:00,HVAC,63.03,28.6,0.17,True
2026-08-09 19:00:00,Lighting,12.1,28.6,0.17,True
2026-08-09 19:00:00,Labs,0.0,28.6,0.17,True
2026-08-09 19:00:00,Server Room,23.5,28.6,0.17,True
2026-08-09 19:00:00,Classrooms,2.14,28.6,0.17,True
2026-08-09 20:00:00,HVAC,72.57,29.0,0.16,True
2026-08-09 20:00:00,Lighting,15.64,29.0,0.16,True
2026-08-09 20:00:00,Labs,4.73,29.0,0.16,True
2026-08-09 20:00:00,Server Room,29.13,29.0,0.16,True
2026-08-09 20:00:00,Classrooms,7.98,29.0,0.16,True
2026-08-09 21:00:00,HVAC,36.89,23.0,0.04,True
2026-08-09 21:00:00,Lighting,10.79,23.0,0.04,True
2026-08-09 21:00:00,Labs,7.98,23.0,0.04,True
2026-08-09 21:00:00,Server Room,28.02,23.0,0.04,True
2026-08-09 21:00:00,Classrooms,5.03,23.0,0.04,True
2026-08-09 22:00:00,HVAC,15.82,20.2,0.08,True
2026-08-09 22:00:00,Lighting,11.6,20.2,0.08,True
2026-08-09 22:00:00,Labs,10.4,20.2,0.08,True
2026-08-09 22:00:00,Server Room,30.99,20.2,0.08,True
2026-08-09 22:00:00,Classrooms,8.04,20.2,0.08,True
2026-08-09 23:00:00,HVAC,48.31,25.6,0.05,True
2026-08-09 23:00:00,Lighting,12.18,25.6,0.05,True
2026-08-09 23:00:00,Labs,3.85,25.6,0.05,True
2026-08-09 23:00:00,Server Room,25.39,25.6,0.05,True
2026-08-09 23:00:00,Classrooms,5.4,25.6,0.05,True
2026-08-10 00:00:00,HVAC,23.75,19.8,0.14,False
2026-08-10 00:00:00,Lighting,12.14,19.8,0.14,False
2026-08-10 00:00:00,Labs,8.42,19.8,0.14,False
2026-08-10 00:00:00,Server Room,25.93,19.8,0.14,False
2026-08-10 00:00:00,Classrooms,6.47,19.8,0.14,False
2026-08-10 01:00:00,HVAC,22.19,18.5,0.18,False
2026-08-10 01:00:00,Lighting,10.82,18.5,0.18,False
2026-08-10 01:00:00,Labs,5.49,18.5,0.18,False
2026-08-10 01:00:00,Server Room,23.5,18.5,0.18,False
2026-08-10 01:00:00,Classrooms,8.48,18.5,0.18,False
2026-08-10 02:00:00,HVAC,8.41,16.1,0.23,False
2026-08-10 02:00:00,Lighting,13.83,16.1,0.23,False
2026-08-10 02:00:00,Labs,9.36,16.1,0.23,False
2026-08-10 02:00:00,Server Room,27.3,16.1,0.23,False
2026-08-10 02:00:00,Classrooms,9.14,16.1,0.23,False
2026-08-10 03:00:00,HVAC,27.0,20.1,0.11,False
2026-08-10 03:00:00,Lighting,8.75,20.1,0.11,False
2026-08-10 03:00:00,Labs,7.64,20.1,0.11,False
2026-08-10 03:00:00,Server Room,26.94,20.1,0.11,False
2026-08-10 03:00:00,Classrooms,10.15,20.1,0.11,False
2026-08-10 04:00:00,HVAC,45.58,23.9,0.22,False
2026-08-10 04:00:00,Lighting,9.01,23.9,0.22,False
2026-08-10 04:00:00,Labs,10.08,23.9,0.22,False
2026-08-10 04:00:00,Server Room,21.24,23.9,0.22,False
2026-08-10 04:00:00,Classrooms,11.03,23.9,0.22,False
2026-08-10 05:00:00,HVAC,29.09,21.0,0.23,False
2026-08-10 05:00:00,Lighting,9.74,21.0,0.23,False
2026-08-10 05:00:00,Labs,9.12,21.0,0.23,False
2026-08-10 05:00:00,Server Room,23.5,21.0,0.23,False
2026-08-10 05:00:00,Classrooms,15.32,21.0,0.23,False
2026-08-10 06:00:00,HVAC,46.91,24.8,0.05,False
2026-08-10 06:00:00,Lighting,10.6,24.8,0.05,False
2026-08-10 06:00:00,Labs,1.05,24.8,0.05,False
2026-08-10 06:00:00,Server Room,22.97,24.8,0.05,False
2026-08-10 06:00:00,Classrooms,2.54,24.8,0.05,False
2026-08-10 07:00:00,HVAC,47.86,23.7,0.22,False
2026-08-10 07:00:00,Lighting,8.44,23.7,0.22,False
2026-08-10 07:00:00,Labs,0.21,23.7,0.22,False
2026-08-10 07:00:00,Server Room,22.96,23.7,0.22,False
2026-08-10 07:00:00,Classrooms,13.81,23.7,0.22,False
2026-08-10 08:00:00,HVAC,66.97,24.6,0.85,False
2026-08-10 08:00:00,Lighting,18.29,24.6,0.85,False
2026-08-10 08:00:00,Labs,21.25,24.6,0.85,False
2026-08-10 08:00:00,Server Room,24.23,24.6,0.85,False
2026-08-10 08:00:00,Classrooms,21.74,24.6,0.85,False
2026-08-10 09:00:00,HVAC,89.13,28.7,0.84,False
2026-08-10 09:00:00,Lighting,24.76,28.7,0.84,False
2026-08-10 09:00:00,Labs,20.97,28.7,0.84,False
2026-08-10 09:00:00,Server Room,23.07,28.7,0.84,False
2026-08-10 09:00:00,Classrooms,20.24,28.7,0.84,False
2026-08-10 10:00:00,HVAC,99.83,31.1,0.91,False
2026-08-10 10:00:00,Lighting,28.11,31.1,0.91,False
2026-08-10 10:00:00,Labs,23.33,31.1,0.91,False
2026-08-10 10:00:00,Server Room,29.7,31.1,0.91,False
2026-08-10 10:00:00,Classrooms,19.41,31.1,0.91,False
2026-08-10 11:00:00,HVAC,99.28,30.4,0.93,False
2026-08-10 11:00:00,Lighting,18.64,30.4,0.93,False
2026-08-10 11:00:00,Labs,26.31,30.4,0.93,False
2026-08-10 11:00:00,Server Room,25.99,30.4,0.93,False
2026-08-10 11:00:00,Classrooms,24.91,30.4,0.93,False
2026-08-10 12:00:00,HVAC,102.04,32.4,0.68,False
2026-08-10 12:00:00,Lighting,14.03,32.4,0.68,False
2026-08-10 12:00:00,Labs,16.33,32.4,0.68,False
2026-08-10 12:00:00,Server Room,23.22,32.4,0.68,False
2026-08-10 12:00:00,Classrooms,18.67,32.4,0.68,False
2026-08-10 13:00:00,HVAC,106.23,33.1,0.67,False
2026-08-10 13:00:00,Lighting,23.42,33.1,0.67,False
2026-08-10 13:00:00,Labs,18.59,33.1,0.67,False
2026-08-10 13:00:00,Server Room,24.51,33.1,0.67,False
2026-08-10 13:00:00,Classrooms,16.72,33.1,0.67,False
2026-08-10 14:00:00,HVAC,109.45,32.1,0.94,False
2026-08-10 14:00:00,Lighting,19.86,32.1,0.94,False
2026-08-10 14:00:00,Labs,19.91,32.1,0.94,False
2026-08-10 14:00:00,Server Room,27.93,32.1,0.94,False
2026-08-10 14:00:00,Classrooms,20.35,32.1,0.94,False
2026-08-10 15:00:00,HVAC,104.75,32.3,0.81,False
2026-08-10 15:00:00,Lighting,16.25,32.3,0.81,False
2026-08-10 15:00:00,Labs,20.25,32.3,0.81,False
2026-08-10 15:00:00,Server Room,21.44,32.3,0.81,False
2026-08-10 15:00:00,Classrooms,17.89,32.3,0.81,False
2026-08-10 16:00:00,HVAC,100.88,30.8,0.85,False
2026-08-10 16:00:00,Lighting,17.04,30.8,0.85,False
2026-08-10 16:00:00,Labs,22.51,30.8,0.85,False
2026-08-10 16:00:00,Server Room,23.02,30.8,0.85,False
2026-08-10 16:00:00,Classrooms,20.11,30.8,0.85,False
2026-08-10 17:00:00,HVAC,85.72,30.6,0.5,False
2026-08-10 17:00:00,Lighting,21.0,30.6,0.5,False
2026-08-10 17:00:00,Labs,15.28,30.6,0.5,False
2026-08-10 17:00:00,Server Room,22.07,30.6,0.5,False
2026-08-10 17:00:00,Classrooms,13.71,30.6,0.5,False
2026-08-10 18:00:00,HVAC,88.49,28.6,0.78,False
2026-08-10 18:00:00,Lighting,24.73,28.6,0.78,False
2026-08-10 18:00:00,Labs,16.9,28.6,0.78,False
2026-08-10 18:00:00,Server Room,21.62,28.6,0.78,False
2026-08-10 18:00:00,Classrooms,15.35,28.6,0.78,False
2026-08-10 19:00:00,HVAC,65.32,27.6,0.21,False
2026-08-10 19:00:00,Lighting,13.89,27.6,0.21,False
2026-08-10 19:00:00,Labs,8.14,27.6,0.21,False
2026-08-10 19:00:00,Server Room,32.03,27.6,0.21,False
2026-08-10 19:00:00,Classrooms,5.18,27.6,0.21,False
2026-08-10 20:00:00,HVAC,48.92,26.2,0.19,False
2026-08-10 20:00:00,Lighting,13.1,26.2,0.19,False
2026-08-10 20:00:00,Labs,7.9,26.2,0.19,False
2026-08-10 20:00:00,Server Room,29.31,26.2,0.19,False
2026-08-10 20:00:00,Classrooms,11.01,26.2,0.19,False
2026-08-10 21:00:00,HVAC,54.73,26.7,0.05,False
2026-08-10 21:00:00,Lighting,10.87,26.7,0.05,False
2026-08-10 21:00:00,Labs,4.26,26.7,0.05,False
2026-08-10 21:00:00,Server Room,21.66,26.7,0.05,False
2026-08-10 21:00:00,Classrooms,4.44,26.7,0.05,False
2026-08-10 22:00:00,HVAC,42.15,22.7,0.29,False
2026-08-10 22:00:00,Lighting,11.72,22.7,0.29,False
2026-08-10 22:00:00,Labs,10.85,22.7,0.29,False
2026-08-10 22:00:00,Server Room,26.56,22.7,0.29,False
2026-08-10 22:00:00,Classrooms,7.54,22.7,0.29,False
2026-08-10 23:00:00,HVAC,28.06,22.1,0.03,False
2026-08-10 23:00:00,Lighting,11.38,22.1,0.03,False
2026-08-10 23:00:00,Labs,3.51,22.1,0.03,False
2026-08-10 23:00:00,Server Room,21.42,22.1,0.03,False
2026-08-10 23:00:00,Classrooms,0.0,22.1,0.03,False
2026-08-11 00:00:00,HVAC,18.43,19.0,0.21,False
2026-08-11 00:00:00,Lighting,14.62,19.0,0.21,False
2026-08-11 00:00:00,Labs,7.28,19.0,0.21,False
2026-08-11 00:00:00,Server Room,24.96,19.0,0.21,False
2026-08-11 00:00:00,Classrooms,10.71,19.0,0.21,False
2026-08-11 01:00:00,HVAC,24.61,19.4,0.17,False
2026-08-11 01:00:00,Lighting,13.81,19.4,0.17,False
2026-08-11 01:00:00,Labs,10.96,19.4,0.17,False
2026-08-11 01:00:00,Server Room,29.0,19.4,0.17,False
2026-08-11 01:00:00,Classrooms,6.55,19.4,0.17,False
2026-08-11 02:00:00,HVAC,28.91,20.1,0.14,False
2026-08-11 02:00:00,Lighting,12.64,20.1,0.14,False
2026-08-11 02:00:00,Labs,6.28,20.1,0.14,False
2026-08-11 02:00:00,Server Room,27.65,20.1,0.14,False
2026-08-11 02:00:00,Classrooms,6.29,20.1,0.14,False
2026-08-11 03:00:00,HVAC,34.4,21.1,0.14,False
2026-08-11 03:00:00,Lighting,8.55,21.1,0.14,False
2026-08-11 03:00:00,Labs,7.56,21.1,0.14,False
2026-08-11 03:00:00,Server Room,23.47,21.1,0.14,False
2026-08-11 03:00:00,Classrooms,5.05,21.1,0.14,False
2026-08-11 04:00:00,HVAC,24.53,19.3,0.19,False
2026-08-11 04:00:00,Lighting,10.58,19.3,0.19,False
2026-08-11 04:00:00,Labs,5.96,19.3,0.19,False
2026-08-11 04:00:00,Server Room,20.72,19.3,0.19,False
2026-08-11 04:00:00,Classrooms,9.34,19.3,0.19,False
2026-08-11 05:00:00,HVAC,41.27,23.4,0.21,False
2026-08-11 05:00:00,Lighting,8.25,23.4,0.21,False
2026-08-11 05:00:00,Labs,7.03,23.4,0.21,False
2026-08-11 05:00:00,Server Room,19.72,23.4,0.21,False
2026-08-11 05:00:00,Classrooms,6.64,23.4,0.21,False
2026-08-11 06:00:00,HVAC,38.08,23.3,0.1,False
2026-08-11 06:00:00,Lighting,10.36,23.3,0.1,False
2026-08-11 06:00:00,Labs,7.22,23.3,0.1,False
2026-08-11 06:00:00,Server Room,31.41,23.3,0.1,False
2026-08-11 06:00:00,Classrooms,7.95,23.3,0.1,False
2026-08-11 07:00:00,HVAC,52.05,25.0,0.13,False
2026-08-11 07:00:00,Lighting,12.43,25.0,0.13,False
2026-08-11 07:00:00,Labs,8.52,25.0,0.13,False
2026-08-11 07:00:00,Server Room,22.54,25.0,0.13,False
2026-08-11 07:00:00,Classrooms,4.17,25.0,0.13,False
2026-08-11 08:00:00,HVAC,62.77,24.5,0.6,False
2026-08-11 08:00:00,Lighting,21.34,24.5,0.6,False
2026-08-11 08:00:00,Labs,15.14,24.5,0.6,False
2026-08-11 08:00:00,Server Room,23.4,24.5,0.6,False
2026-08-11 08:00:00,Classrooms,16.45,24.5,0.6,False
2026-08-11 09:00:00,HVAC,72.75,24.9,0.98,False
2026-08-11 09:00:00,Lighting,24.13,24.9,0.98,False
2026-08-11 09:00:00,Labs,18.45,24.9,0.98,False
2026-08-11 09:00:00,Server Room,24.99,24.9,0.98,False
2026-08-11 09:00:00,Classrooms,22.26,24.9,0.98,False
2026-08-11 10:00:00,HVAC,65.92,25.4,0.67,False
2026-08-11 10:00:00,Lighting,20.97,25.4,0.67,False
2026-08-11 10:00:00,Labs,17.34,25.4,0.67,False
2026-08-11 10:00:00,Server Room,24.04,25.4,0.67,False
2026-08-11 10:00:00,Classrooms,22.04,25.4,0.67,False
2026-08-11 11:00:00,HVAC,85.79,29.6,0.69,False
2026-08-11 11:00:00,Lighting,25.29,29.6,0.69,False
2026-08-11 11:00:00,Labs,19.45,29.6,0.69,False
2026-08-11 11:00:00,Server Room,19.13,29.6,0.69,False
2026-08-11 11:00:00,Classrooms,17.7,29.6,0.69,False
2026-08-11 12:00:00,HVAC,115.81,33.7,0.94,False
2026-08-11 12:00:00,Lighting,20.61,33.7,0.94,False
2026-08-11 12:00:00,Labs,23.77,33.7,0.94,False
2026-08-11 12:00:00,Server Room,25.72,33.7,0.94,False
2026-08-11 12:00:00,Classrooms,24.38,33.7,0.94,False
2026-08-11 13:00:00,HVAC,109.18,32.5,0.66,False
2026-08-11 13:00:00,Lighting,15.9,32.5,0.66,False
2026-08-11 13:00:00,Labs,10.95,32.5,0.66,False
2026-08-11 13:00:00,Server Room,28.01,32.5,0.66,False
2026-08-11 13:00:00,Classrooms,17.13,32.5,0.66,False
2026-08-11 14:00:00,HVAC,97.83,32.9,0.5,False
2026-08-11 14:00:00,Lighting,17.91,32.9,0.5,False
2026-08-11 14:00:00,Labs,9.94,32.9,0.5,False
2026-08-11 14:00:00,Server Room,29.02,32.9,0.5,False
2026-08-11 14:00:00,Classrooms,8.47,32.9,0.5,False
2026-08-11 15:00:00,HVAC,105.21,33.0,0.76,False
2026-08-11 15:00:00,Lighting,20.44,33.0,0.76,False
2026-08-11 15:00:00,Labs,21.09,33.0,0.76,False
2026-08-11 15:00:00,Server Room,24.72,33.0,0.76,False
2026-08-11 15:00:00,Classrooms,20.85,33.0,0.76,False
2026-08-11 16:00:00,HVAC,97.66,31.3,0.69,False
2026-08-11 16:00:00,Lighting,19.64,31.3,0.69,False
2026-08-11 16:00:00,Labs,23.41,31.3,0.69,False
2026-08-11 16:00:00,Server Room,26.87,31.3,0.69,False
2026-08-11 16:00:00,Classrooms,19.09,31.3,0.69,False
2026-08-11 17:00:00,HVAC,104.09,31.6,0.99,False
2026-08-11 17:00:00,Lighting,19.01,31.6,0.99,False
2026-08-11 17:00:00,Labs,29.88,31.6,0.99,False
2026-08-11 17:00:00,Server Room,24.06,31.6,0.99,False
2026-08-11 17:00:00,Classrooms,22.82,31.6,0.99,False
2026-08-11 18:00:00,HVAC,77.59,26.6,0.96,False
2026-08-11 18:00:00,Lighting,23.62,26.6,0.96,False
2026-08-11 18:00:00,Labs,23.1,26.6,0.96,False
2026-08-11 18:00:00,Server Room,20.94,26.6,0.96,False
2026-08-11 18:00:00,Classrooms,22.17,26.6,0.96,False
2026-08-11 19:00:00,HVAC,59.77,27.7,0.18,False
2026-08-11 19:00:00,Lighting,15.11,27.7,0.18,False
2026-08-11 19:00:00,Labs,13.45,27.7,0.18,False
2026-08-11 19:00:00,Server Room,21.53,27.7,0.18,False
2026-08-11 19:00:00,Classrooms,6.41,27.7,0.18,False
2026-08-11 20:00:00,HVAC,47.07,24.8,0.19,False
2026-08-11 20:00:00,Lighting,16.26,24.8,0.19,False
2026-08-11 20:00:00,Labs,7.13,24.8,0.19,False
2026-08-11 20:00:00,Server Room,27.16,24.8,0.19,False
2026-08-11 20:00:00,Classrooms,11.26,24.8,0.19,False
2026-08-11 21:00:00,HVAC,40.58,22.1,0.29,False
2026-08-11 21:00:00,Lighting,15.89,22.1,0.29,False
2026-08-11 21:00:00,Labs,1.42,22.1,0.29,False
2026-08-11 21:00:00,Server Room,27.61,22.1,0.29,False
2026-08-11 21:00:00,Classrooms,9.57,22.1,0.29,False
2026-08-11 22:00:00,HVAC,36.45,22.0,0.16,False
2026-08-11 22:00:00,Lighting,12.09,22.0,0.16,False
2026-08-11 22:00:00,Labs,7.83,22.0,0.16,False
2026-08-11 22:00:00,Server Room,30.14,22.0,0.16,False
2026-08-11 22:00:00,Classrooms,10.08,22.0,0.16,False
2026-08-11 23:00:00,HVAC,46.12,24.4,0.25,False
2026-08-11 23:00:00,Lighting,12.7,24.4,0.25,False
2026-08-11 23:00:00,Labs,6.29,24.4,0.25,False
2026-08-11 23:00:00,Server Room,23.4,24.4,0.25,False
2026-08-11 23:00:00,Classrooms,10.89,24.4,0.25,False
2026-08-12 00:00:00,HVAC,35.53,22.2,0.02,False
2026-08-12 00:00:00,Lighting,11.61,22.2,0.02,False
2026-08-12 00:00:00,Labs,9.07,22.2,0.02,False
2026-08-12 00:00:00,Server Room,26.01,22.2,0.02,False
2026-08-12 00:00:00,Classrooms,5.79,22.2,0.02,False
2026-08-12 01:00:00,HVAC,17.85,19.0,0.09,False
2026-08-12 01:00:00,Lighting,14.23,19.0,0.09,False
2026-08-12 01:00:00,Labs,6.99,19.0,0.09,False
2026-08-12 01:00:00,Server Room,23.31,19.0,0.09,False
2026-08-12 01:00:00,Classrooms,10.65,19.0,0.09,False
2026-08-12 02:00:00,HVAC,27.92,21.6,0.08,False
2026-08-12 02:00:00,Lighting,8.14,21.6,0.08,False
2026-08-12 02:00:00,Labs,3.41,21.6,0.08,False
2026-08-12 02:00:00,Server Room,31.35,21.6,0.08,False
2026-08-12 02:00:00,Classrooms,11.83,21.6,0.08,False
2026-08-12 03:00:00,HVAC,32.22,20.1,0.27,False
2026-08-12 03:00:00,Lighting,12.45,20.1,0.27,False
2026-08-12 03:00:00,Labs,11.69,20.1,0.27,False
2026-08-12 03:00:00,Server Room,24.62,20.1,0.27,False
2026-08-12 03:00:00,Classrooms,12.52,20.1,0.27,False
2026-08-12 04:00:00,HVAC,32.53,22.3,0.11,False
2026-08-12 04:00:00,Lighting,13.97,22.3,0.11,False
2026-08-12 04:00:00,Labs,7.0,22.3,0.11,False
2026-08-12 04:00:00,Server Room,24.53,22.3,0.11,False
2026-08-12 04:00:00,Classrooms,9.8,22.3,0.11,False
2026-08-12 05:00:00,HVAC,35.32,21.3,0.22,False
2026-08-12 05:00:00,Lighting,13.94,21.3,0.22,False
2026-08-12 05:00:00,Labs,9.11,21.3,0.22,False
2026-08-12 05:00:00,Server Room,24.7,21.3,0.22,False
2026-08-12 05:00:00,Classrooms,10.46,21.3,0.22,False
2026-08-12 06:00:00,HVAC,46.14,23.7,0.06,False
2026-08-12 06:00:00,Lighting,10.38,23.7,0.06,False
2026-08-12 06:00:00,Labs,10.14,23.7,0.06,False
2026-08-12 06:00:00,Server Room,19.83,23.7,0.06,False
2026-08-12 06:00:00,Classrooms,9.19,23.7,0.06,False
2026-08-12 07:00:00,HVAC,43.18,23.2,0.2,False
2026-08-12 07:00:00,Lighting,11.3,23.2,0.2,False
2026-08-12 07:00:00,Labs,11.98,23.2,0.2,False
2026-08-12 07:00:00,Server Room,24.31,23.2,0.2,False
2026-08-12 07:00:00,Classrooms,9.44,23.2,0.2,False
2026-08-12 08:00:00,HVAC,64.24,24.7,0.74,False
2026-08-12 08:00:00,Lighting,27.16,24.7,0.74,False
2026-08-12 08:00:00,Labs,16.53,24.7,0.74,False
2026-08-12 08:00:00,Server Room,26.92,24.7,0.74,False
2026-08-12 08:00:00,Classrooms,14.0,24.7,0.74,False
2026-08-12 09:00:00,HVAC,79.46,26.0,0.96,False
2026-08-12 09:00:00,Lighting,24.23,26.0,0.96,False
2026-08-12 09:00:00,Labs,25.21,26.0,0.96,False
2026-08-12 09:00:00,Server Room,22.81,26.0,0.96,False
2026-08-12 09:00:00,Classrooms,18.56,26.0,0.96,False
2026-08-12 10:00:00,HVAC,84.24,28.2,0.78,False
2026-08-12 10:00:00,Lighting,26.76,28.2,0.78,False
2026-08-12 10:00:00,Labs,21.32,28.2,0.78,False
2026-08-12 10:00:00,Server Room,20.92,28.2,0.78,False
2026-08-12 10:00:00,Classrooms,14.1,28.2,0.78,False
2026-08-12 11:00:00,HVAC,98.71,30.6,0.71,False
2026-08-12 11:00:00,Lighting,22.23,30.6,0.71,False
2026-08-12 11:00:00,Labs,22.05,30.6,0.71,False
2026-08-12 11:00:00,Server Room,24.47,30.6,0.71,False
2026-08-12 11:00:00,Classrooms,19.24,30.6,0.71,False
2026-08-12 12:00:00,HVAC,99.58,31.9,0.62,False
2026-08-12 12:00:00,Lighting,16.86,31.9,0.62,False
2026-08-12 12:00:00,Labs,14.92,31.9,0.62,False
2026-08-12 12:00:00,Server Room,24.36,31.9,0.62,False
2026-08-12 12:00:00,Classrooms,21.06,31.9,0.62,False
2026-08-12 13:00:00,HVAC,93.91,31.3,0.69,False
2026-08-12 13:00:00,Lighting,20.43,31.3,0.69,False
2026-08-12 13:00:00,Labs,15.71,31.3,0.69,False
2026-08-12 13:00:00,Server Room,24.14,31.3,0.69,False
2026-08-12 13:00:00,Classrooms,23.04,31.3,0.69,False
2026-08-12 14:00:00,HVAC,103.8,32.8,0.86,False
2026-08-12 14:00:00,Lighting,24.78,32.8,0.86,False
2026-08-12 14:00:00,Labs,27.63,32.8,0.86,False
2026-08-12 14:00:00,Server Room,24.63,32.8,0.86,False
2026-08-12 14:00:00,Classrooms,20.71,32.8,0.86,False
2026-08-12 15:00:00,HVAC,92.5,31.4,0.51,False
2026-08-12 15:00:00,Lighting,17.98,31.4,0.51,False
2026-08-12 15:00:00,Labs,10.69,31.4,0.51,False
2026-08-12 15:00:00,Server Room,31.96,31.4,0.51,False
2026-08-12 15:00:00,Classrooms,16.84,31.4,0.51,False
2026-08-12 16:00:00,HVAC,95.13,29.6,0.99,False
2026-08-12 16:00:00,Lighting,26.85,29.6,0.99,False
2026-08-12 16:00:00,Labs,18.49,29.6,0.99,False
2026-08-12 16:00:00,Server Room,30.19,29.6,0.99,False
2026-08-12 16:00:00,Classrooms,24.63,29.6,0.99,False
2026-08-12 17:00:00,HVAC,97.34,31.5,0.68,False
2026-08-12 17:00:00,Lighting,17.81,31.5,0.68,False
2026-08-12 17:00:00,Labs,20.99,31.5,0.68,False
2026-08-12 17:00:00,Server Room,26.95,31.5,0.68,False
2026-08-12 17:00:00,Classrooms,17.42,31.5,0.68,False
2026-08-12 18:00:00,HVAC,93.18,29.5,0.89,False
2026-08-12 18:00:00,Lighting,18.68,29.5,0.89,False
2026-08-12 18:00:00,Labs,26.77,29.5,0.89,False
2026-08-12 18:00:00,Server Room,24.66,29.5,0.89,False
2026-08-12 18:00:00,Classrooms,25.16,29.5,0.89,False
2026-08-12 19:00:00,HVAC,73.37,28.9,0.16,False
2026-08-12 19:00:00,Lighting,11.64,28.9,0.16,False
2026-08-12 19:00:00,Labs,1.94,28.9,0.16,False
2026-08-12 19:00:00,Server Room,25.87,28.9,0.16,False
2026-08-12 19:00:00,Classrooms,8.0,28.9,0.16,False
2026-08-12 20:00:00,HVAC,48.66,24.7,0.19,False
2026-08-12 20:00:00,Lighting,16.32,24.7,0.19,False
2026-08-12 20:00:00,Labs,9.84,24.7,0.19,False
2026-08-12 20:00:00,Server Room,25.9,24.7,0.19,False
2026-08-12 20:00:00,Classrooms,9.49,24.7,0.19,False
2026-08-12 21:00:00,HVAC,33.55,22.7,0.2,False
2026-08-12 21:00:00,Lighting,8.34,22.7,0.2,False
2026-08-12 21:00:00,Labs,5.65,22.7,0.2,False
2026-08-12 21:00:00,Server Room,29.27,22.7,0.2,False
2026-08-12 21:00:00,Classrooms,8.1,22.7,0.2,False
2026-08-12 22:00:00,HVAC,26.68,20.8,0.2,False
2026-08-12 22:00:00,Lighting,8.05,20.8,0.2,False
2026-08-12 22:00:00,Labs,6.31,20.8,0.2,False
2026-08-12 22:00:00,Server Room,25.32,20.8,0.2,False
2026-08-12 22:00:00,Classrooms,6.25,20.8,0.2,False
2026-08-12 23:00:00,HVAC,41.05,22.8,0.3,False
2026-08-12 23:00:00,Lighting,14.1,22.8,0.3,False
2026-08-12 23:00:00,Labs,14.89,22.8,0.3,False
2026-08-12 23:00:00,Server Room,24.68,22.8,0.3,False
2026-08-12 23:00:00,Classrooms,10.08,22.8,0.3,False
2026-08-13 00:00:00,HVAC,31.76,21.0,0.23,False
2026-08-13 00:00:00,Lighting,15.0,21.0,0.23,False
2026-08-13 00:00:00,Labs,7.64,21.0,0.23,False
2026-08-13 00:00:00,Server Room,21.71,21.0,0.23,False
2026-08-13 00:00:00,Classrooms,7.39,21.0,0.23,False
2026-08-13 01:00:00,HVAC,22.02,19.4,0.11,False
2026-08-13 01:00:00,Lighting,12.09,19.4,0.11,False
2026-08-13 01:00:00,Labs,5.31,19.4,0.11,False
2026-08-13 01:00:00,Server Room,24.14,19.4,0.11,False
2026-08-13 01:00:00,Classrooms,5.87,19.4,0.11,False
2026-08-13 02:00:00,HVAC,40.8,23.3,0.12,False
2026-08-13 02:00:00,Lighting,9.07,23.3,0.12,False
2026-08-13 02:00:00,Labs,9.68,23.3,0.12,False
2026-08-13 02:00:00,Server Room,22.4,23.3,0.12,False
2026-08-13 02:00:00,Classrooms,4.63,23.3,0.12,False
2026-08-13 03:00:00,HVAC,34.38,21.5,0.14,False
2026-08-13 03:00:00,Lighting,11.0,21.5,0.14,False
2026-08-13 03:00:00,Labs,5.9,21.5,0.14,False
2026-08-13 03:00:00,Server Room,22.47,21.5,0.14,False
2026-08-13 03:00:00,Classrooms,5.92,21.5,0.14,False
2026-08-13 04:00:00,HVAC,36.96,21.8,0.21,False
2026-08-13 04:00:00,Lighting,13.33,21.8,0.21,False
2026-08-13 04:00:00,Labs,12.59,21.8,0.21,False
2026-08-13 04:00:00,Server Room,25.44,21.8,0.21,False
2026-08-13 04:00:00,Classrooms,5.58,21.8,0.21,False
2026-08-13 05:00:00,HVAC,31.96,22.1,0.07,False
2026-08-13 05:00:00,Lighting,9.21,22.1,0.07,False
2026-08-13 05:00:00,Labs,0.0,22.1,0.07,False
2026-08-13 05:00:00,Server Room,28.97,22.1,0.07,False
2026-08-13 05:00:00,Classrooms,7.05,22.1,0.07,False
2026-08-13 06:00:00,HVAC,43.3,24.0,0.01,False
2026-08-13 06:00:00,Lighting,11.47,24.0,0.01,False
2026-08-13 06:00:00,Labs,4.57,24.0,0.01,False
2026-08-13 06:00:00,Server Room,25.85,24.0,0.01,False
2026-08-13 06:00:00,Classrooms,1.52,24.0,0.01,False
2026-08-13 07:00:00,HVAC,36.31,23.8,0.11,False
2026-08-13 07:00:00,Lighting,14.62,23.8,0.11,False
2026-08-13 07:00:00,Labs,6.14,23.8,0.11,False
2026-08-13 07:00:00,Server Room,25.05,23.8,0.11,False
2026-08-13 07:00:00,Classrooms,6.56,23.8,0.11,False
2026-08-13 08:00:00,HVAC,84.79,28.8,0.55,False
2026-08-13 08:00:00,Lighting,18.32,28.8,0.55,False
2026-08-13 08:00:00,Labs,12.74,28.8,0.55,False
2026-08-13 08:00:00,Server Room,21.07,28.8,0.55,False
2026-08-13 08:00:00,Classrooms,10.67,28.8,0.55,False
2026-08-13 09:00:00,HVAC,77.8,28.1,0.64,False
2026-08-13 09:00:00,Lighting,21.5,28.1,0.64,False
2026-08-13 09:00:00,Labs,12.23,28.1,0.64,False
2026-08-13 09:00:00,Server Room,25.77,28.1,0.64,False
2026-08-13 09:00:00,Classrooms,14.51,28.1,0.64,False
2026-08-13 10:00:00,HVAC,83.61,27.7,0.82,False
2026-08-13 10:00:00,Lighting,19.59,27.7,0.82,False
2026-08-13 10:00:00,Labs,22.86,27.7,0.82,False
2026-08-13 10:00:00,Server Room,24.72,27.7,0.82,False
2026-08-13 10:00:00,Classrooms,21.45,27.7,0.82,False
2026-08-13 11:00:00,HVAC,74.58,28.0,0.52,False
2026-08-13 11:00:00,Lighting,17.63,28.0,0.52,False
2026-08-13 11:00:00,Labs,14.8,28.0,0.52,False
2026-08-13 11:00:00,Server Room,24.56,28.0,0.52,False
2026-08-13 11:00:00,Classrooms,12.17,28.0,0.52,False
2026-08-13 12:00:00,HVAC,99.4,30.5,0.87,False
2026-08-13 12:00:00,Lighting,22.48,30.5,0.87,False
2026-08-13 12:00:00,Labs,19.66,30.5,0.87,False
2026-08-13 12:00:00,Server Room,22.63,30.5,0.87,False
2026-08-13 12:00:00,Classrooms,20.7,30.5,0.87,False
2026-08-13 13:00:00,HVAC,96.94,30.4,0.81,False
2026-08-13 13:00:00,Lighting,19.11,30.4,0.81,False
2026-08-13 13:00:00,Labs,14.98,30.4,0.81,False
2026-08-13 13:00:00,Server Room,28.3,30.4,0.81,False
2026-08-13 13:00:00,Classrooms,20.0,30.4,0.81,False
2026-08-13 14:00:00,HVAC,104.78,33.6,0.59,False
2026-08-13 14:00:00,Lighting,21.14,33.6,0.59,False
2026-08-13 14:00:00,Labs,15.75,33.6,0.59,False
2026-08-13 14:00:00,Server Room,19.99,33.6,0.59,False
2026-08-13 14:00:00,Classrooms,16.18,33.6,0.59,False
2026-08-13 15:00:00,HVAC,95.16,30.0,0.93,False
2026-08-13 15:00:00,Lighting,21.72,30.0,0.93,False
2026-08-13 15:00:00,Labs,23.33,30.0,0.93,False
2026-08-13 15:00:00,Server Room,24.54,30.0,0.93,False
2026-08-13 15:00:00,Classrooms,20.75,30.0,0.93,False
2026-08-13 16:00:00,HVAC,71.86,27.9,0.51,False
2026-08-13 16:00:00,Lighting,11.04,27.9,0.51,False
2026-08-13 16:00:00,Labs,12.29,27.9,0.51,False
2026-08-13 16:00:00,Server Room,27.84,27.9,0.51,False
2026-08-13 16:00:00,Classrooms,19.78,27.9,0.51,False
2026-08-13 17:00:00,HVAC,88.44,29.6,0.72,False
2026-08-13 17:00:00,Lighting,17.69,29.6,0.72,False
2026-08-13 17:00:00,Labs,19.19,29.6,0.72,False
2026-08-13 17:00:00,Server Room,14.61,29.6,0.72,False
2026-08-13 17:00:00,Classrooms,17.96,29.6,0.72,False
2026-08-13 18:00:00,HVAC,90.1,29.5,0.6,False
2026-08-13 18:00:00,Lighting,21.28,29.5,0.6,False
2026-08-13 18:00:00,Labs,14.11,29.5,0.6,False
2026-08-13 18:00:00,Server Room,27.66,29.5,0.6,False
2026-08-13 18:00:00,Classrooms,20.12,29.5,0.6,False
2026-08-13 19:00:00,HVAC,64.14,29.0,0.11,False
2026-08-13 19:00:00,Lighting,6.14,29.0,0.11,False
2026-08-13 19:00:00,Labs,11.93,29.0,0.11,False
2026-08-13 19:00:00,Server Room,27.59,29.0,0.11,False
2026-08-13 19:00:00,Classrooms,3.7,29.0,0.11,False
2026-08-13 20:00:00,HVAC,63.91,28.0,0.17,False
2026-08-13 20:00:00,Lighting,13.89,28.0,0.17,False
2026-08-13 20:00:00,Labs,7.93,28.0,0.17,False
2026-08-13 20:00:00,Server Room,25.62,28.0,0.17,False
2026-08-13 20:00:00,Classrooms,5.2,28.0,0.17,False
2026-08-13 21:00:00,HVAC,71.3,28.5,0.2,False
2026-08-13 21:00:00,Lighting,17.01,28.5,0.2,False
2026-08-13 21:00:00,Labs,9.95,28.5,0.2,False
2026-08-13 21:00:00,Server Room,26.77,28.5,0.2,False
2026-08-13 21:00:00,Classrooms,7.89,28.5,0.2,False
2026-08-13 22:00:00,HVAC,27.97,20.4,0.13,False
2026-08-13 22:00:00,Lighting,7.78,20.4,0.13,False
2026-08-13 22:00:00,Labs,10.71,20.4,0.13,False
2026-08-13 22:00:00,Server Room,26.56,20.4,0.13,False
2026-08-13 22:00:00,Classrooms,11.37,20.4,0.13,False
2026-08-13 23:00:00,HVAC,16.73,19.6,0.22,False
2026-08-13 23:00:00,Lighting,13.24,19.6,0.22,False
2026-08-13 23:00:00,Labs,8.89,19.6,0.22,False
2026-08-13 23:00:00,Server Room,20.43,19.6,0.22,False
2026-08-13 23:00:00,Classrooms,9.65,19.6,0.22,False
2026-08-14 00:00:00,HVAC,29.99,21.7,0.07,False
2026-08-14 00:00:00,Lighting,10.09,21.7,0.07,False
2026-08-14 00:00:00,Labs,3.09,21.7,0.07,False
2026-08-14 00:00:00,Server Room,18.39,21.7,0.07,False
2026-08-14 00:00:00,Classrooms,8.33,21.7,0.07,False
2026-08-14 01:00:00,HVAC,32.19,21.5,0.06,False
2026-08-14 01:00:00,Lighting,10.54,21.5,0.06,False
2026-08-14 01:00:00,Labs,2.22,21.5,0.06,False
2026-08-14 01:00:00,Server Room,25.5,21.5,0.06,False
2026-08-14 01:00:00,Classrooms,8.17,21.5,0.06,False
2026-08-14 02:00:00,HVAC,14.04,19.4,0.14,False
2026-08-14 02:00:00,Lighting,17.72,19.4,0.14,False
2026-08-14 02:00:00,Labs,8.02,19.4,0.14,False
2026-08-14 02:00:00,Server Room,27.91,19.4,0.14,False
2026-08-14 02:00:00,Classrooms,10.71,19.4,0.14,False
2026-08-14 03:00:00,HVAC,29.91,20.2,0.01,False
2026-08-14 03:00:00,Lighting,13.75,20.2,0.01,False
2026-08-14 03:00:00,Labs,3.11,20.2,0.01,False
2026-08-14 03:00:00,Server Room,26.74,20.2,0.01,False
2026-08-14 03:00:00,Classrooms,4.69,20.2,0.01,False
2026-08-14 04:00:00,HVAC,23.38,20.1,0.15,False
2026-08-14 04:00:00,Lighting,10.33,20.1,0.15,False
2026-08-14 04:00:00,Labs,10.49,20.1,0.15,False
2026-08-14 04:00:00,Server Room,29.75,20.1,0.15,False
2026-08-14 04:00:00,Classrooms,9.32,20.1,0.15,False
2026-08-14 05:00:00,HVAC,31.11,20.0,0.12,False
2026-08-14 05:00:00,Lighting,12.72,20.0,0.12,False
2026-08-14 05:00:00,Labs,8.85,20.0,0.12,False
2026-08-14 05:00:00,Server Room,24.57,20.0,0.12,False
2026-08-14 05:00:00,Classrooms,5.25,20.0,0.12,False
2026-08-14 06:00:00,HVAC,36.54,22.2,0.25,False
2026-08-14 06:00:00,Lighting,15.16,22.2,0.25,False
2026-08-14 06:00:00,Labs,12.01,22.2,0.25,False
2026-08-14 06:00:00,Server Room,23.01,22.2,0.25,False
2026-08-14 06:00:00,Classrooms,8.05,22.2,0.25,False
2026-08-14 07:00:00,HVAC,48.75,24.8,0.28,False
2026-08-14 07:00:00,Lighting,15.57,24.8,0.28,False
2026-08-14 07:00:00,Labs,13.14,24.8,0.28,False
2026-08-14 07:00:00,Server Room,22.88,24.8,0.28,False
2026-08-14 07:00:00,Classrooms,3.72,24.8,0.28,False
2026-08-14 08:00:00,HVAC,75.1,28.9,0.54,False
2026-08-14 08:00:00,Lighting,23.11,28.9,0.54,False
2026-08-14 08:00:00,Labs,19.69,28.9,0.54,False
2026-08-14 08:00:00,Server Room,15.77,28.9,0.54,False
2026-08-14 08:00:00,Classrooms,12.62,28.9,0.54,False
2026-08-14 09:00:00,HVAC,81.33,28.9,0.64,False
2026-08-14 09:00:00,Lighting,21.8,28.9,0.64,False
2026-08-14 09:00:00,Labs,18.49,28.9,0.64,False
2026-08-14 09:00:00,Server Room,26.47,28.9,0.64,False
2026-08-14 09:00:00,Classrooms,16.98,28.9,0.64,False
2026-08-14 10:00:00,HVAC,96.3,31.5,0.56,False
2026-08-14 10:00:00,Lighting,20.47,31.5,0.56,False
2026-08-14 10:00:00,Labs,10.7,31.5,0.56,False
2026-08-14 10:00:00,Server Room,22.38,31.5,0.56,False
2026-08-14 10:00:00,Classrooms,14.83,31.5,0.56,False
2026-08-14 11:00:00,HVAC,91.38,29.1,0.86,False
2026-08-14 11:00:00,Lighting,18.6,29.1,0.86,False
2026-08-14 11:00:00,Labs,25.06,29.1,0.86,False
2026-08-14 11:00:00,Server Room,21.76,29.1,0.86,False
2026-08-14 11:00:00,Classrooms,16.69,29.1,0.86,False
2026-08-14 12:00:00,HVAC,90.7,28.9,0.95,False
2026-08-14 12:00:00,Lighting,24.15,28.9,0.95,False
2026-08-14 12:00:00,Labs,25.89,28.9,0.95,False
2026-08-14 12:00:00,Server Room,25.67,28.9,0.95,False
2026-08-14 12:00:00,Classrooms,19.57,28.9,0.95,False
2026-08-14 13:00:00,HVAC,115.99,33.2,0.99,False
2026-08-14 13:00:00,Lighting,29.68,33.2,0.99,False
2026-08-14 13:00:00,Labs,26.24,33.2,0.99,False
2026-08-14 13:00:00,Server Room,27.59,33.2,0.99,False
2026-08-14 13:00:00,Classrooms,25.87,33.2,0.99,False
2026-08-14 14:00:00,HVAC,103.78,31.8,0.87,False
2026-08-14 14:00:00,Lighting,26.75,31.8,0.87,False
2026-08-14 14:00:00,Labs,20.55,31.8,0.87,False
2026-08-14 14:00:00,Server Room,25.48,31.8,0.87,False
2026-08-14 14:00:00,Classrooms,20.68,31.8,0.87,False
2026-08-14 15:00:00,HVAC,125.73,35.7,0.84,False
2026-08-14 15:00:00,Lighting,27.21,35.7,0.84,False
2026-08-14 15:00:00,Labs,19.71,35.7,0.84,False
2026-08-14 15:00:00,Server Room,24.87,35.7,0.84,False
2026-08-14 15:00:00,Classrooms,18.63,35.7,0.84,False
2026-08-14 16:00:00,HVAC,96.31,31.2,0.72,False
2026-08-14 16:00:00,Lighting,22.49,31.2,0.72,False
2026-08-14 16:00:00,Labs,18.25,31.2,0.72,False
2026-08-14 16:00:00,Server Room,27.87,31.2,0.72,False
2026-08-14 16:00:00,Classrooms,23.3,31.2,0.72,False
2026-08-14 17:00:00,HVAC,87.22,30.0,0.75,False
2026-08-14 17:00:00,Lighting,24.27,30.0,0.75,False
2026-08-14 17:00:00,Labs,14.9,30.0,0.75,False
2026-08-14 17:00:00,Server Room,28.84,30.0,0.75,False
2026-08-14 17:00:00,Classrooms,17.24,30.0,0.75,False
2026-08-14 18:00:00,HVAC,70.11,26.1,0.61,False
2026-08-14 18:00:00,Lighting,27.78,26.1,0.61,False
2026-08-14 18:00:00,Labs,17.02,26.1,0.61,False
2026-08-14 18:00:00,Server Room,23.47,26.1,0.61,False
2026-08-14 18:00:00,Classrooms,16.05,26.1,0.61,False
2026-08-14 19:00:00,HVAC,58.34,26.9,0.21,False
2026-08-14 19:00:00,Lighting,17.48,26.9,0.21,False
2026-08-14 19:00:00,Labs,2.22,26.9,0.21,False
2026-08-14 19:00:00,Server Room,24.04,26.9,0.21,False
2026-08-14 19:00:00,Classrooms,5.26,26.9,0.21,False
2026-08-14 20:00:00,HVAC,41.73,24.6,0.0,False
2026-08-14 20:00:00,Lighting,13.92,24.6,0.0,False
2026-08-14 20:00:00,Labs,0.98,24.6,0.0,False
2026-08-14 20:00:00,Server Room,23.4,24.6,0.0,False
2026-08-14 20:00:00,Classrooms,1.17,24.6,0.0,False
2026-08-14 21:00:00,HVAC,39.11,23.4,0.11,False
2026-08-14 21:00:00,Lighting,9.63,23.4,0.11,False
2026-08-14 21:00:00,Labs,2.67,23.4,0.11,False
2026-08-14 21:00:00,Server Room,29.09,23.4,0.11,False
2026-08-14 21:00:00,Classrooms,0.0,23.4,0.11,False
2026-08-14 22:00:00,HVAC,31.3,21.9,0.12,False
2026-08-14 22:00:00,Lighting,18.55,21.9,0.12,False
2026-08-14 22:00:00,Labs,4.33,21.9,0.12,False
2026-08-14 22:00:00,Server Room,23.51,21.9,0.12,False
2026-08-14 22:00:00,Classrooms,3.33,21.9,0.12,False
2026-08-14 23:00:00,HVAC,44.85,23.2,0.15,False
2026-08-14 23:00:00,Lighting,15.99,23.2,0.15,False
2026-08-14 23:00:00,Labs,11.33,23.2,0.15,False
2026-08-14 23:00:00,Server Room,27.11,23.2,0.15,False
2026-08-14 23:00:00,Classrooms,9.06,23.2,0.15,False
2026-08-15 00:00:00,HVAC,31.81,21.9,0.15,True
2026-08-15 00:00:00,Lighting,10.14,21.9,0.15,True
2026-08-15 00:00:00,Labs,6.47,21.9,0.15,True
2026-08-15 00:00:00,Server Room,23.6,21.9,0.15,True
2026-08-15 00:00:00,Classrooms,4.65,21.9,0.15,True
2026-08-15 01:00:00,HVAC,28.05,20.6,0.02,True
2026-08-15 01:00:00,Lighting,11.54,20.6,0.02,True
2026-08-15 01:00:00,Labs,10.0,20.6,0.02,True
2026-08-15 01:00:00,Server Room,19.12,20.6,0.02,True
2026-08-15 01:00:00,Classrooms,6.62,20.6,0.02,True
2026-08-15 02:00:00,HVAC,28.48,20.0,0.1,True
2026-08-15 02:00:00,Lighting,6.5,20.0,0.1,True
2026-08-15 02:00:00,Labs,6.58,20.0,0.1,True
2026-08-15 02:00:00,Server Room,22.45,20.0,0.1,True
2026-08-15 02:00:00,Classrooms,1.81,20.0,0.1,True
2026-08-15 03:00:00,HVAC,29.7,20.6,0.09,True
2026-08-15 03:00:00,Lighting,10.65,20.6,0.09,True
2026-08-15 03:00:00,Labs,6.31,20.6,0.09,True
2026-08-15 03:00:00,Server Room,30.94,20.6,0.09,True
2026-08-15 03:00:00,Classrooms,8.09,20.6,0.09,True
2026-08-15 04:00:00,HVAC,43.33,23.7,0.07,True
2026-08-15 04:00:00,Lighting,11.25,23.7,0.07,True
2026-08-15 04:00:00,Labs,5.66,23.7,0.07,True
2026-08-15 04:00:00,Server Room,28.84,23.7,0.07,True
2026-08-15 04:00:00,Classrooms,6.47,23.7,0.07,True
2026-08-15 05:00:00,HVAC,23.9,21.6,0.05,True
2026-08-15 05:00:00,Lighting,7.39,21.6,0.05,True
2026-08-15 05:00:00,Labs,2.51,21.6,0.05,True
2026-08-15 05:00:00,Server Room,27.95,21.6,0.05,True
2026-08-15 05:00:00,Classrooms,8.74,21.6,0.05,True
2026-08-15 06:00:00,HVAC,23.46,20.6,0.15,True
2026-08-15 06:00:00,Lighting,7.55,20.6,0.15,True
2026-08-15 06:00:00,Labs,4.02,20.6,0.15,True
2026-08-15 06:00:00,Server Room,28.33,20.6,0.15,True
2026-08-15 06:00:00,Classrooms,4.6,20.6,0.15,True
2026-08-15 07:00:00,HVAC,48.54,25.1,0.09,True
2026-08-15 07:00:00,Lighting,6.69,25.1,0.09,True
2026-08-15 07:00:00,Labs,4.5,25.1,0.09,True
2026-08-15 07:00:00,Server Room,25.97,25.1,0.09,True
2026-08-15 07:00:00,Classrooms,0.0,25.1,0.09,True
2026-08-15 08:00:00,HVAC,37.94,22.9,0.04,True
2026-08-15 08:00:00,Lighting,17.2,22.9,0.04,True
2026-08-15 08:00:00,Labs,4.96,22.9,0.04,True
2026-08-15 08:00:00,Server Room,25.32,22.9,0.04,True
2026-08-15 08:00:00,Classrooms,0.85,22.9,0.04,True
2026-08-15 09:00:00,HVAC,57.77,26.9,0.07,True
2026-08-15 09:00:00,Lighting,12.23,26.9,0.07,True
2026-08-15 09:00:00,Labs,5.83,26.9,0.07,True
2026-08-15 09:00:00,Server Room,20.81,26.9,0.07,True
2026-08-15 09:00:00,Classrooms,2.92,26.9,0.07,True
2026-08-15 10:00:00,HVAC,46.27,25.8,0.07,True
2026-08-15 10:00:00,Lighting,13.41,25.8,0.07,True
2026-08-15 10:00:00,Labs,7.28,25.8,0.07,True
2026-08-15 10:00:00,Server Room,18.15,25.8,0.07,True
2026-08-15 10:00:00,Classrooms,0.0,25.8,0.07,True
2026-08-15 11:00:00,HVAC,87.81,33.0,0.12,True
2026-08-15 11:00:00,Lighting,8.87,33.0,0.12,True
2026-08-15 11:00:00,Labs,3.62,33.0,0.12,True
2026-08-15 11:00:00,Server Room,23.08,33.0,0.12,True
2026-08-15 11:00:00,Classrooms,7.14,33.0,0.12,True
2026-08-15 12:00:00,HVAC,79.4,31.4,0.1,True
2026-08-15 12:00:00,Lighting,10.49,31.4,0.1,True
2026-08-15 12:00:00,Labs,1.3,31.4,0.1,True
2026-08-15 12:00:00,Server Room,26.7,31.4,0.1,True
2026-08-15 12:00:00,Classrooms,6.03,31.4,0.1,True
2026-08-15 13:00:00,HVAC,86.13,32.8,0.11,True
2026-08-15 13:00:00,Lighting,9.49,32.8,0.11,True
2026-08-15 13:00:00,Labs,6.43,32.8,0.11,True
2026-08-15 13:00:00,Server Room,25.69,32.8,0.11,True
2026-08-15 13:00:00,Classrooms,4.07,32.8,0.11,True
2026-08-15 14:00:00,HVAC,82.02,31.1,0.15,True
2026-08-15 14:00:00,Lighting,12.7,31.1,0.15,True
2026-08-15 14:00:00,Labs,7.89,31.1,0.15,True
2026-08-15 14:00:00,Server Room,25.49,31.1,0.15,True
2026-08-15 14:00:00,Classrooms,6.82,31.1,0.15,True
2026-08-15 15:00:00,HVAC,78.54,29.9,0.18,True
2026-08-15 15:00:00,Lighting,14.74,29.9,0.18,True
2026-08-15 15:00:00,Labs,10.28,29.9,0.18,True
2026-08-15 15:00:00,Server Room,24.76,29.9,0.18,True
2026-08-15 15:00:00,Classrooms,4.67,29.9,0.18,True
2026-08-15 16:00:00,HVAC,84.78,32.5,0.2,True
2026-08-15 16:00:00,Lighting,18.2,32.5,0.2,True
2026-08-15 16:00:00,Labs,2.16,32.5,0.2,True
2026-08-15 16:00:00,Server Room,22.23,32.5,0.2,True
2026-08-15 16:00:00,Classrooms,6.62,32.5,0.2,True
2026-08-15 17:00:00,HVAC,68.34,30.5,0.08,True
2026-08-15 17:00:00,Lighting,10.9,30.5,0.08,True
2026-08-15 17:00:00,Labs,2.25,30.5,0.08,True
2026-08-15 17:00:00,Server Room,26.81,30.5,0.08,True
2026-08-15 17:00:00,Classrooms,8.07,30.5,0.08,True
2026-08-15 18:00:00,HVAC,64.87,29.4,0.01,True
2026-08-15 18:00:00,Lighting,5.86,29.4,0.01,True
2026-08-15 18:00:00,Labs,4.89,29.4,0.01,True
2026-08-15 18:00:00,Server Room,21.28,29.4,0.01,True
2026-08-15 18:00:00,Classrooms,5.89,29.4,0.01,True
2026-08-15 19:00:00,HVAC,53.56,25.3,0.05,True
2026-08-15 19:00:00,Lighting,10.57,25.3,0.05,True
2026-08-15 19:00:00,Labs,7.04,25.3,0.05,True
2026-08-15 19:00:00,Server Room,28.39,25.3,0.05,True
2026-08-15 19:00:00,Classrooms,8.65,25.3,0.05,True
2026-08-15 20:00:00,HVAC,61.82,28.2,0.09,True
2026-08-15 20:00:00,Lighting,8.44,28.2,0.09,True
2026-08-15 20:00:00,Labs,1.51,28.2,0.09,True
2026-08-15 20:00:00,Server Room,23.3,28.2,0.09,True
2026-08-15 20:00:00,Classrooms,5.46,28.2,0.09,True
2026-08-15 21:00:00,HVAC,58.59,26.7,0.05,True
2026-08-15 21:00:00,Lighting,12.6,26.7,0.05,True
2026-08-15 21:00:00,Labs,5.3,26.7,0.05,True
2026-08-15 21:00:00,Server Room,27.26,26.7,0.05,True
2026-08-15 21:00:00,Classrooms,1.95,26.7,0.05,True
2026-08-15 22:00:00,HVAC,32.92,22.4,0.01,True
2026-08-15 22:00:00,Lighting,8.05,22.4,0.01,True
2026-08-15 22:00:00,Labs,5.33,22.4,0.01,True
2026-08-15 22:00:00,Server Room,28.1,22.4,0.01,True
2026-08-15 22:00:00,Classrooms,4.9,22.4,0.01,True
2026-08-15 23:00:00,HVAC,42.29,24.8,0.1,True
2026-08-15 23:00:00,Lighting,15.5,24.8,0.1,True
2026-08-15 23:00:00,Labs,0.0,24.8,0.1,True
2026-08-15 23:00:00,Server Room,27.94,24.8,0.1,True
2026-08-15 23:00:00,Classrooms,5.39,24.8,0.1,True
2026-08-16 00:00:00,HVAC,13.76,18.4,0.02,True
2026-08-16 00:00:00,Lighting,4.6,18.4,0.02,True
2026-08-16 00:00:00,Labs,7.16,18.4,0.02,True
2026-08-16 00:00:00,Server Room,19.13,18.4,0.02,True
2026-08-16 00:00:00,Classrooms,6.93,18.4,0.02,True
2026-08-16 01:00:00,HVAC,27.04,19.6,0.16,True
2026-08-16 01:00:00,Lighting,16.13,19.6,0.16,True
2026-08-16 01:00:00,Labs,5.7,19.6,0.16,True
2026-08-16 01:00:00,Server Room,22.49,19.6,0.16,True
2026-08-16 01:00:00,Classrooms,2.32,19.6,0.16,True
2026-08-16 02:00:00,HVAC,18.14,19.4,0.18,True
2026-08-16 02:00:00,Lighting,11.12,19.4,0.18,True
2026-08-16 02:00:00,Labs,2.37,19.4,0.18,True
2026-08-16 02:00:00,Server Room,26.9,19.4,0.18,True
2026-08-16 02:00:00,Classrooms,2.69,19.4,0.18,True
2026-08-16 03:00:00,HVAC,31.29,20.6,0.2,True
2026-08-16 03:00:00,Lighting,10.91,20.6,0.2,True
2026-08-16 03:00:00,Labs,2.84,20.6,0.2,True
2026-08-16 03:00:00,Server Room,26.49,20.6,0.2,True
2026-08-16 03:00:00,Classrooms,11.81,20.6,0.2,True
2026-08-16 04:00:00,HVAC,29.07,20.8,0.2,True
2026-08-16 04:00:00,Lighting,12.34,20.8,0.2,True
2026-08-16 04:00:00,Labs,1.2,20.8,0.2,True
2026-08-16 04:00:00,Server Room,22.19,20.8,0.2,True
2026-08-16 04:00:00,Classrooms,6.42,20.8,0.2,True
2026-08-16 05:00:00,HVAC,25.47,20.9,0.07,True
2026-08-16 05:00:00,Lighting,11.67,20.9,0.07,True
2026-08-16 05:00:00,Labs,0.0,20.9,0.07,True
2026-08-16 05:00:00,Server Room,22.09,20.9,0.07,True
2026-08-16 05:00:00,Classrooms,3.91,20.9,0.07,True
2026-08-16 06:00:00,HVAC,44.61,23.7,0.15,True
2026-08-16 06:00:00,Lighting,15.53,23.7,0.15,True
2026-08-16 06:00:00,Labs,6.49,23.7,0.15,True
2026-08-16 06:00:00,Server Room,19.88,23.7,0.15,True
2026-08-16 06:00:00,Classrooms,1.51,23.7,0.15,True
2026-08-16 07:00:00,HVAC,54.13,25.7,0.04,True
2026-08-16 07:00:00,Lighting,13.14,25.7,0.04,True
2026-08-16 07:00:00,Labs,8.74,25.7,0.04,True
2026-08-16 07:00:00,Server Room,27.23,25.7,0.04,True
2026-08-16 07:00:00,Classrooms,1.27,25.7,0.04,True
2026-08-16 08:00:00,HVAC,63.26,27.8,0.19,True
2026-08-16 08:00:00,Lighting,8.54,27.8,0.19,True
2026-08-16 08:00:00,Labs,2.12,27.8,0.19,True
2026-08-16 08:00:00,Server Room,26.96,27.8,0.19,True
2026-08-16 08:00:00,Classrooms,2.32,27.8,0.19,True
2026-08-16 09:00:00,HVAC,56.2,27.1,0.16,True
2026-08-16 09:00:00,Lighting,11.29,27.1,0.16,True
2026-08-16 09:00:00,Labs,7.38,27.1,0.16,True
2026-08-16 09:00:00,Server Room,27.35,27.1,0.16,True
2026-08-16 09:00:00,Classrooms,4.93,27.1,0.16,True
2026-08-16 10:00:00,HVAC,76.28,29.5,0.18,True
2026-08-16 10:00:00,Lighting,9.97,29.5,0.18,True
2026-08-16 10:00:00,Labs,7.25,29.5,0.18,True
2026-08-16 10:00:00,Server Room,28.26,29.5,0.18,True
2026-08-16 10:00:00,Classrooms,0.0,29.5,0.18,True
2026-08-16 11:00:00,HVAC,69.81,31.1,0.0,True
2026-08-16 11:00:00,Lighting,9.07,31.1,0.0,True
2026-08-16 11:00:00,Labs,6.43,31.1,0.0,True
2026-08-16 11:00:00,Server Room,26.1,31.1,0.0,True
2026-08-16 11:00:00,Classrooms,8.15,31.1,0.0,True
2026-08-16 12:00:00,HVAC,90.3,32.6,0.2,True
2026-08-16 12:00:00,Lighting,15.39,32.6,0.2,True
2026-08-16 12:00:00,Labs,4.54,32.6,0.2,True
2026-08-16 12:00:00,Server Room,23.5,32.6,0.2,True
2026-08-16 12:00:00,Classrooms,2.65,32.6,0.2,True
2026-08-16 13:00:00,HVAC,79.77,31.5,0.06,True
2026-08-16 13:00:00,Lighting,10.37,31.5,0.06,True
2026-08-16 13:00:00,Labs,2.74,31.5,0.06,True
2026-08-16 13:00:00,Server Room,24.1,31.5,0.06,True
2026-08-16 13:00:00,Classrooms,6.6,31.5,0.06,True
2026-08-16 14:00:00,HVAC,89.65,32.7,0.19,True
2026-08-16 14:00:00,Lighting,13.56,32.7,0.19,True
2026-08-16 14:00:00,Labs,1.8,32.7,0.19,True
2026-08-16 14:00:00,Server Room,26.87,32.7,0.19,True
2026-08-16 14:00:00,Classrooms,8.14,32.7,0.19,True
2026-08-16 15:00:00,HVAC,97.27,34.4,0.17,True
2026-08-16 15:00:00,Lighting,10.01,34.4,0.17,True
2026-08-16 15:00:00,Labs,0.0,34.4,0.17,True
2026-08-16 15:00:00,Server Room,18.81,34.4,0.17,True
2026-08-16 15:00:00,Classrooms,4.78,34.4,0.17,True
2026-08-16 16:00:00,HVAC,85.14,34.0,0.02,True
2026-08-16 16:00:00,Lighting,11.94,34.0,0.02,True
2026-08-16 16:00:00,Labs,12.81,34.0,0.02,True
2026-08-16 16:00:00,Server Room,23.67,34.0,0.02,True
2026-08-16 16:00:00,Classrooms,4.48,34.0,0.02,True
2026-08-16 17:00:00,HVAC,74.4,31.5,0.02,True
2026-08-16 17:00:00,Lighting,14.44,31.5,0.02,True
2026-08-16 17:00:00,Labs,7.21,31.5,0.02,True
2026-08-16 17:00:00,Server Room,25.23,31.5,0.02,True
2026-08-16 17:00:00,Classrooms,6.37,31.5,0.02,True
2026-08-16 18:00:00,HVAC,70.29,29.9,0.14,True
2026-08-16 18:00:00,Lighting,10.96,29.9,0.14,True
2026-08-16 18:00:00,Labs,1.74,29.9,0.14,True
2026-08-16 18:00:00,Server Room,29.13,29.9,0.14,True
2026-08-16 18:00:00,Classrooms,1.64,29.9,0.14,True
2026-08-16 19:00:00,HVAC,67.94,28.9,0.06,True
2026-08-16 19:00:00,Lighting,10.54,28.9,0.06,True
2026-08-16 19:00:00,Labs,4.64,28.9,0.06,True
2026-08-16 19:00:00,Server Room,25.12,28.9,0.06,True
2026-08-16 19:00:00,Classrooms,3.48,28.9,0.06,True
2026-08-16 20:00:00,HVAC,45.04,25.7,0.02,True
2026-08-16 20:00:00,Lighting,13.29,25.7,0.02,True
2026-08-16 20:00:00,Labs,6.1,25.7,0.02,True
2026-08-16 20:00:00,Server Room,24.83,25.7,0.02,True
2026-08-16 20:00:00,Classrooms,3.76,25.7,0.02,True
2026-08-16 21:00:00,HVAC,47.66,24.2,0.15,True
2026-08-16 21:00:00,Lighting,16.49,24.2,0.15,True
2026-08-16 21:00:00,Labs,7.13,24.2,0.15,True
2026-08-16 21:00:00,Server Room,22.17,24.2,0.15,True
2026-08-16 21:00:00,Classrooms,8.0,24.2,0.15,True
2026-08-16 22:00:00,HVAC,41.31,23.8,0.1,True
2026-08-16 22:00:00,Lighting,10.01,23.8,0.1,True
2026-08-16 22:00:00,Labs,0.0,23.8,0.1,True
2026-08-16 22:00:00,Server Room,21.26,23.8,0.1,True
2026-08-16 22:00:00,Classrooms,3.74,23.8,0.1,True
2026-08-16 23:00:00,HVAC,25.55,20.4,0.14,True
2026-08-16 23:00:00,Lighting,8.46,20.4,0.14,True
2026-08-16 23:00:00,Labs,4.47,20.4,0.14,True
2026-08-16 23:00:00,Server Room,17.53,20.4,0.14,True
2026-08-16 23:00:00,Classrooms,4.16,20.4,0.14,True
2026-08-17 00:00:00,HVAC,34.44,21.1,0.22,False
2026-08-17 00:00:00,Lighting,9.46,21.1,0.22,False
2026-08-17 00:00:00,Labs,12.41,21.1,0.22,False
2026-08-17 00:00:00,Server Room,28.54,21.1,0.22,False
2026-08-17 00:00:00,Classrooms,13.06,21.1,0.22,False
2026-08-17 01:00:00,HVAC,28.07,20.7,0.18,False
2026-08-17 01:00:00,Lighting,13.53,20.7,0.18,False
2026-08-17 01:00:00,Labs,5.8,20.7,0.18,False
2026-08-17 01:00:00,Server Room,20.33,20.7,0.18,False
2026-08-17 01:00:00,Classrooms,7.44,20.7,0.18,False
2026-08-17 02:00:00,HVAC,29.84,20.6,0.06,False
2026-08-17 02:00:00,Lighting,12.56,20.6,0.06,False
2026-08-17 02:00:00,Labs,8.61,20.6,0.06,False
2026-08-17 02:00:00,Server Room,29.03,20.6,0.06,False
2026-08-17 02:00:00,Classrooms,3.63,20.6,0.06,False
2026-08-17 03:00:00,HVAC,32.21,21.3,0.26,False
2026-08-17 03:00:00,Lighting,15.65,21.3,0.26,False
2026-08-17 03:00:00,Labs,8.45,21.3,0.26,False
2026-08-17 03:00:00,Server Room,27.53,21.3,0.26,False
2026-08-17 03:00:00,Classrooms,7.38,21.3,0.26,False
2026-08-17 04:00:00,HVAC,24.28,20.5,0.29,False
2026-08-17 04:00:00,Lighting,10.84,20.5,0.29,False
2026-08-17 04:00:00,Labs,7.15,20.5,0.29,False
2026-08-17 04:00:00,Server Room,16.95,20.5,0.29,False
2026-08-17 04:00:00,Classrooms,10.67,20.5,0.29,False
2026-08-17 05:00:00,HVAC,27.34,19.2,0.16,False
2026-08-17 05:00:00,Lighting,12.5,19.2,0.16,False
2026-08-17 05:00:00,Labs,12.86,19.2,0.16,False
2026-08-17 05:00:00,Server Room,21.47,19.2,0.16,False
2026-08-17 05:00:00,Classrooms,7.09,19.2,0.16,False
2026-08-17 06:00:00,HVAC,35.99,22.5,0.2,False
2026-08-17 06:00:00,Lighting,12.44,22.5,0.2,False
2026-08-17 06:00:00,Labs,10.37,22.5,0.2,False
2026-08-17 06:00:00,Server Room,25.86,22.5,0.2,False
2026-08-17 06:00:00,Classrooms,10.21,22.5,0.2,False
2026-08-17 07:00:00,HVAC,47.88,23.9,0.25,False
2026-08-17 07:00:00,Lighting,20.23,23.9,0.25,False
2026-08-17 07:00:00,Labs,9.52,23.9,0.25,False
2026-08-17 07:00:00,Server Room,19.65,23.9,0.25,False
2026-08-17 07:00:00,Classrooms,15.72,23.9,0.25,False
2026-08-17 08:00:00,HVAC,81.05,28.0,0.88,False
2026-08-17 08:00:00,Lighting,17.08,28.0,0.88,False
2026-08-17 08:00:00,Labs,24.54,28.0,0.88,False
2026-08-17 08:00:00,Server Room,26.21,28.0,0.88,False
2026-08-17 08:00:00,Classrooms,26.55,28.0,0.88,False
2026-08-17 09:00:00,HVAC,69.84,25.6,0.74,False
2026-08-17 09:00:00,Lighting,19.53,25.6,0.74,False
2026-08-17 09:00:00,Labs,21.8,25.6,0.74,False
2026-08-17 09:00:00,Server Room,25.61,25.6,0.74,False
2026-08-17 09:00:00,Classrooms,15.27,25.6,0.74,False
2026-08-17 10:00:00,HVAC,93.45,30.2,0.91,False
2026-08-17 10:00:00,Lighting,24.42,30.2,0.91,False
2026-08-17 10:00:00,Labs,27.52,30.2,0.91,False
2026-08-17 10:00:00,Server Room,27.6,30.2,0.91,False
2026-08-17 10:00:00,Classrooms,21.06,30.2,0.91,False
2026-08-17 11:00:00,HVAC,94.72,31.6,0.51,False
2026-08-17 11:00:00,Lighting,17.72,31.6,0.51,False
2026-08-17 11:00:00,Labs,19.61,31.6,0.51,False
2026-08-17 11:00:00,Server Room,28.57,31.6,0.51,False
2026-08-17 11:00:00,Classrooms,14.59,31.6,0.51,False
2026-08-17 12:00:00,HVAC,94.25,30.9,0.83,False
2026-08-17 12:00:00,Lighting,20.66,30.9,0.83,False
2026-08-17 12:00:00,Labs,21.28,30.9,0.83,False
2026-08-17 12:00:00,Server Room,29.12,30.9,0.83,False
2026-08-17 12:00:00,Classrooms,16.43,30.9,0.83,False
2026-08-17 13:00:00,HVAC,98.42,31.4,0.77,False
2026-08-17 13:00:00,Lighting,19.88,31.4,0.77,False
2026-08-17 13:00:00,Labs,25.59,31.4,0.77,False
2026-08-17 13:00:00,Server Room,26.39,31.4,0.77,False
2026-08-17 13:00:00,Classrooms,14.54,31.4,0.77,False
2026-08-17 14:00:00,HVAC,110.74,32.9,0.83,False
2026-08-17 14:00:00,Lighting,21.32,32.9,0.83,False
2026-08-17 14:00:00,Labs,22.78,32.9,0.83,False
2026-08-17 14:00:00,Server Room,18.91,32.9,0.83,False
2026-08-17 14:00:00,Classrooms,21.91,32.9,0.83,False
2026-08-17 15:00:00,HVAC,92.92,31.0,0.64,False
2026-08-17 15:00:00,Lighting,25.24,31.0,0.64,False
2026-08-17 15:00:00,Labs,14.52,31.0,0.64,False
2026-08-17 15:00:00,Server Room,31.21,31.0,0.64,False
2026-08-17 15:00:00,Classrooms,13.38,31.0,0.64,False
2026-08-17 16:00:00,HVAC,90.62,29.5,0.91,False
2026-08-17 16:00:00,Lighting,20.32,29.5,0.91,False
2026-08-17 16:00:00,Labs,25.42,29.5,0.91,False
2026-08-17 16:00:00,Server Room,25.0,29.5,0.91,False
2026-08-17 16:00:00,Classrooms,19.35,29.5,0.91,False
2026-08-17 17:00:00,HVAC,87.06,28.9,0.68,False
2026-08-17 17:00:00,Lighting,17.44,28.9,0.68,False
2026-08-17 17:00:00,Labs,17.33,28.9,0.68,False
2026-08-17 17:00:00,Server Room,23.35,28.9,0.68,False
2026-08-17 17:00:00,Classrooms,19.63,28.9,0.68,False
2026-08-17 18:00:00,HVAC,87.48,27.9,0.93,False
2026-08-17 18:00:00,Lighting,28.66,27.9,0.93,False
2026-08-17 18:00:00,Labs,26.42,27.9,0.93,False
2026-08-17 18:00:00,Server Room,27.17,27.9,0.93,False
2026-08-17 18:00:00,Classrooms,23.0,27.9,0.93,False
2026-08-17 19:00:00,HVAC,74.4,30.6,0.02,False
2026-08-17 19:00:00,Lighting,10.27,30.6,0.02,False
2026-08-17 19:00:00,Labs,9.18,30.6,0.02,False
2026-08-17 19:00:00,Server Room,20.68,30.6,0.02,False
2026-08-17 19:00:00,Classrooms,9.45,30.6,0.02,False
2026-08-17 20:00:00,HVAC,52.14,25.4,0.18,False
2026-08-17 20:00:00,Lighting,12.01,25.4,0.18,False
2026-08-17 20:00:00,Labs,9.35,25.4,0.18,False
2026-08-17 20:00:00,Server Room,31.51,25.4,0.18,False
2026-08-17 20:00:00,Classrooms,12.57,25.4,0.18,False
2026-08-17 21:00:00,HVAC,51.89,25.7,0.06,False
2026-08-17 21:00:00,Lighting,13.72,25.7,0.06,False
2026-08-17 21:00:00,Labs,5.64,25.7,0.06,False
2026-08-17 21:00:00,Server Room,29.1,25.7,0.06,False
2026-08-17 21:00:00,Classrooms,2.94,25.7,0.06,False
2026-08-17 22:00:00,HVAC,41.2,23.8,0.04,False
2026-08-17 22:00:00,Lighting,12.99,23.8,0.04,False
2026-08-17 22:00:00,Labs,2.72,23.8,0.04,False
2026-08-17 22:00:00,Server Room,26.4,23.8,0.04,False
2026-08-17 22:00:00,Classrooms,7.75,23.8,0.04,False
2026-08-17 23:00:00,HVAC,46.45,24.4,0.24,False
2026-08-17 23:00:00,Lighting,11.89,24.4,0.24,False
2026-08-17 23:00:00,Labs,11.64,24.4,0.24,False
2026-08-17 23:00:00,Server Room,20.28,24.4,0.24,False
2026-08-17 23:00:00,Classrooms,5.71,24.4,0.24,False
2026-08-18 00:00:00,HVAC,48.42,23.3,0.19,False
2026-08-18 00:00:00,Lighting,10.31,23.3,0.19,False
2026-08-18 00:00:00,Labs,10.48,23.3,0.19,False
2026-08-18 00:00:00,Server Room,23.73,23.3,0.19,False
2026-08-18 00:00:00,Classrooms,9.22,23.3,0.19,False
2026-08-18 01:00:00,HVAC,24.9,20.8,0.16,False
2026-08-18 01:00:00,Lighting,15.29,20.8,0.16,False
2026-08-18 01:00:00,Labs,7.56,20.8,0.16,False
2026-08-18 01:00:00,Server Room,25.05,20.8,0.16,False
2026-08-18 01:00:00,Classrooms,13.11,20.8,0.16,False
2026-08-18 02:00:00,HVAC,23.59,19.8,0.01,False
2026-08-18 02:00:00,Lighting,7.35,19.8,0.01,False
2026-08-18 02:00:00,Labs,4.97,19.8,0.01,False
2026-08-18 02:00:00,Server Room,26.98,19.8,0.01,False
2026-08-18 02:00:00,Classrooms,9.45,19.8,0.01,False
2026-08-18 03:00:00,HVAC,12.02,18.2,0.11,False
2026-08-18 03:00:00,Lighting,13.1,18.2,0.11,False
2026-08-18 03:00:00,Labs,6.51,18.2,0.11,False
2026-08-18 03:00:00,Server Room,29.47,18.2,0.11,False
2026-08-18 03:00:00,Classrooms,9.16,18.2,0.11,False
2026-08-18 04:00:00,HVAC,32.73,22.5,0.07,False
2026-08-18 04:00:00,Lighting,13.57,22.5,0.07,False
2026-08-18 04:00:00,Labs,10.29,22.5,0.07,False
2026-08-18 04:00:00,Server Room,23.35,22.5,0.07,False
2026-08-18 04:00:00,Classrooms,7.9,22.5,0.07,False
2026-08-18 05:00:00,HVAC,26.88,21.9,0.0,False
2026-08-18 05:00:00,Lighting,7.11,21.9,0.0,False
2026-08-18 05:00:00,Labs,0.0,21.9,0.0,False
2026-08-18 05:00:00,Server Room,24.59,21.9,0.0,False
2026-08-18 05:00:00,Classrooms,9.6,21.9,0.0,False
2026-08-18 06:00:00,HVAC,34.37,21.9,0.06,False
2026-08-18 06:00:00,Lighting,9.5,21.9,0.06,False
2026-08-18 06:00:00,Labs,11.23,21.9,0.06,False
2026-08-18 06:00:00,Server Room,23.55,21.9,0.06,False
2026-08-18 06:00:00,Classrooms,6.27,21.9,0.06,False
2026-08-18 07:00:00,HVAC,46.51,25.6,0.0,False
2026-08-18 07:00:00,Lighting,12.27,25.6,0.0,False
2026-08-18 07:00:00,Labs,4.31,25.6,0.0,False
2026-08-18 07:00:00,Server Room,22.71,25.6,0.0,False
2026-08-18 07:00:00,Classrooms,6.31,25.6,0.0,False
2026-08-18 08:00:00,HVAC,68.0,26.1,0.56,False
2026-08-18 08:00:00,Lighting,13.53,26.1,0.56,False
2026-08-18 08:00:00,Labs,12.28,26.1,0.56,False
2026-08-18 08:00:00,Server Room,23.24,26.1,0.56,False
2026-08-18 08:00:00,Classrooms,15.27,26.1,0.56,False
2026-08-18 09:00:00,HVAC,86.38,29.9,0.57,False
2026-08-18 09:00:00,Lighting,15.22,29.9,0.57,False
2026-08-18 09:00:00,Labs,15.0,29.9,0.57,False
2026-08-18 09:00:00,Server Room,31.47,29.9,0.57,False
2026-08-18 09:00:00,Classrooms,17.16,29.9,0.57,False
2026-08-18 10:00:00,HVAC,95.2,29.6,0.85,False
2026-08-18 10:00:00,Lighting,20.52,29.6,0.85,False
2026-08-18 10:00:00,Labs,21.97,29.6,0.85,False
2026-08-18 10:00:00,Server Room,23.93,29.6,0.85,False
2026-08-18 10:00:00,Classrooms,20.58,29.6,0.85,False
2026-08-18 11:00:00,HVAC,97.55,29.9,0.98,False
2026-08-18 11:00:00,Lighting,21.75,29.9,0.98,False
2026-08-18 11:00:00,Labs,18.15,29.9,0.98,False
2026-08-18 11:00:00,Server Room,23.05,29.9,0.98,False
2026-08-18 11:00:00,Classrooms,18.65,29.9,0.98,False
2026-08-18 12:00:00,HVAC,84.93,28.4,0.7,False
2026-08-18 12:00:00,Lighting,19.14,28.4,0.7,False
2026-08-18 12:00:00,Labs,16.21,28.4,0.7,False
2026-08-18 12:00:00,Server Room,25.25,28.4,0.7,False
2026-08-18 12:00:00,Classrooms,18.65,28.4,0.7,False
2026-08-18 13:00:00,HVAC,102.04,32.5,0.7,False
2026-08-18 13:00:00,Lighting,19.76,32.5,0.7,False
2026-08-18 13:00:00,Labs,20.76,32.5,0.7,False
2026-08-18 13:00:00,Server Room,23.05,32.5,0.7,False
2026-08-18 13:00:00,Classrooms,19.07,32.5,0.7,False
2026-08-18 14:00:00,HVAC,101.03,32.4,0.7,False
2026-08-18 14:00:00,Lighting,21.42,32.4,0.7,False
2026-08-18 14:00:00,Labs,19.28,32.4,0.7,False
2026-08-18 14:00:00,Server Room,23.04,32.4,0.7,False
2026-08-18 14:00:00,Classrooms,13.15,32.4,0.7,False
2026-08-18 15:00:00,HVAC,97.87,31.9,0.67,False
2026-08-18 15:00:00,Lighting,20.06,31.9,0.67,False
2026-08-18 15:00:00,Labs,19.31,31.9,0.67,False
2026-08-18 15:00:00,Server Room,28.26,31.9,0.67,False
2026-08-18 15:00:00,Classrooms,18.54,31.9,0.67,False
2026-08-18 16:00:00,HVAC,120.15,34.1,0.85,False
2026-08-18 16:00:00,Lighting,20.8,34.1,0.85,False
2026-08-18 16:00:00,Labs,19.45,34.1,0.85,False
2026-08-18 16:00:00,Server Room,25.75,34.1,0.85,False
2026-08-18 16:00:00,Classrooms,26.32,34.1,0.85,False
2026-08-18 17:00:00,HVAC,86.59,28.9,0.73,False
2026-08-18 17:00:00,Lighting,23.89,28.9,0.73,False
2026-08-18 17:00:00,Labs,20.6,28.9,0.73,False
2026-08-18 17:00:00,Server Room,30.29,28.9,0.73,False
2026-08-18 17:00:00,Classrooms,21.79,28.9,0.73,False
2026-08-18 18:00:00,HVAC,82.73,28.9,0.66,False
2026-08-18 18:00:00,Lighting,17.58,28.9,0.66,False
2026-08-18 18:00:00,Labs,15.51,28.9,0.66,False
2026-08-18 18:00:00,Server Room,25.61,28.9,0.66,False
2026-08-18 18:00:00,Classrooms,18.2,28.9,0.66,False
2026-08-18 19:00:00,HVAC,63.72,27.4,0.28,False
2026-08-18 19:00:00,Lighting,12.25,27.4,0.28,False
2026-08-18 19:00:00,Labs,9.76,27.4,0.28,False
2026-08-18 19:00:00,Server Room,22.55,27.4,0.28,False
2026-08-18 19:00:00,Classrooms,8.32,27.4,0.28,False
2026-08-18 20:00:00,HVAC,63.13,26.8,0.13,False
2026-08-18 20:00:00,Lighting,10.03,26.8,0.13,False
2026-08-18 20:00:00,Labs,12.01,26.8,0.13,False
2026-08-18 20:00:00,Server Room,23.18,26.8,0.13,False
2026-08-18 20:00:00,Classrooms,6.7,26.8,0.13,False
2026-08-18 21:00:00,HVAC,47.63,24.9,0.13,False
2026-08-18 21:00:00,Lighting,15.85,24.9,0.13,False
2026-08-18 21:00:00,Labs,5.76,24.9,0.13,False
2026-08-18 21:00:00,Server Room,28.14,24.9,0.13,False
2026-08-18 21:00:00,Classrooms,4.42,24.9,0.13,False
2026-08-18 22:00:00,HVAC,35.57,21.9,0.2,False
2026-08-18 22:00:00,Lighting,10.33,21.9,0.2,False
2026-08-18 22:00:00,Labs,10.39,21.9,0.2,False
2026-08-18 22:00:00,Server Room,22.92,21.9,0.2,False
2026-08-18 22:00:00,Classrooms,9.69,21.9,0.2,False
2026-08-18 23:00:00,HVAC,27.62,21.1,0.01,False
2026-08-18 23:00:00,Lighting,9.55,21.1,0.01,False
2026-08-18 23:00:00,Labs,0.27,21.1,0.01,False
2026-08-18 23:00:00,Server Room,28.21,21.1,0.01,False
2026-08-18 23:00:00,Classrooms,5.01,21.1,0.01,False
2026-08-19 00:00:00,HVAC,33.69,22.4,0.14,False
2026-08-19 00:00:00,Lighting,15.7,22.4,0.14,False
2026-08-19 00:00:00,Labs,0.96,22.4,0.14,False
2026-08-19 00:00:00,Server Room,25.12,22.4,0.14,False
2026-08-19 00:00:00,Classrooms,8.15,22.4,0.14,False
2026-08-19 01:00:00,HVAC,34.81,21.3,0.21,False
2026-08-19 01:00:00,Lighting,11.86,21.3,0.21,False
2026-08-19 01:00:00,Labs,9.78,21.3,0.21,False
2026-08-19 01:00:00,Server Room,25.84,21.3,0.21,False
2026-08-19 01:00:00,Classrooms,12.82,21.3,0.21,False
2026-08-19 02:00:00,HVAC,26.41,20.6,0.07,False
2026-08-19 02:00:00,Lighting,14.4,20.6,0.07,False
2026-08-19 02:00:00,Labs,8.19,20.6,0.07,False
2026-08-19 02:00:00,Server Room,18.93,20.6,0.07,False
2026-08-19 02:00:00,Classrooms,9.74,20.6,0.07,False
2026-08-19 03:00:00,HVAC,16.55,19.3,0.05,False
2026-08-19 03:00:00,Lighting,10.02,19.3,0.05,False
2026-08-19 03:00:00,Labs,6.6,19.3,0.05,False
2026-08-19 03:00:00,Server Room,32.64,19.3,0.05,False
2026-08-19 03:00:00,Classrooms,4.73,19.3,0.05,False
2026-08-19 04:00:00,HVAC,17.4,18.6,0.14,False
2026-08-19 04:00:00,Lighting,5.14,18.6,0.14,False
2026-08-19 04:00:00,Labs,11.86,18.6,0.14,False
2026-08-19 04:00:00,Server Room,24.03,18.6,0.14,False
2026-08-19 04:00:00,Classrooms,5.66,18.6,0.14,False
2026-08-19 05:00:00,HVAC,27.12,21.0,0.05,False
2026-08-19 05:00:00,Lighting,14.24,21.0,0.05,False
2026-08-19 05:00:00,Labs,5.14,21.0,0.05,False
2026-08-19 05:00:00,Server Room,24.66,21.0,0.05,False
2026-08-19 05:00:00,Classrooms,5.2,21.0,0.05,False
2026-08-19 06:00:00,HVAC,34.17,22.1,0.17,False
2026-08-19 06:00:00,Lighting,11.21,22.1,0.17,False
2026-08-19 06:00:00,Labs,5.62,22.1,0.17,False
2026-08-19 06:00:00,Server Room,30.16,22.1,0.17,False
2026-08-19 06:00:00,Classrooms,10.72,22.1,0.17,False
2026-08-19 07:00:00,HVAC,54.25,25.9,0.04,False
2026-08-19 07:00:00,Lighting,8.19,25.9,0.04,False
2026-08-19 07:00:00,Labs,7.76,25.9,0.04,False
2026-08-19 07:00:00,Server Room,26.56,25.9,0.04,False
2026-08-19 07:00:00,Classrooms,6.39,25.9,0.04,False
2026-08-19 08:00:00,HVAC,75.87,27.3,0.62,False
2026-08-19 08:00:00,Lighting,16.01,27.3,0.62,False
2026-08-19 08:00:00,Labs,22.62,27.3,0.62,False
2026-08-19 08:00:00,Server Room,26.02,27.3,0.62,False
2026-08-19 08:00:00,Classrooms,13.3,27.3,0.62,False
2026-08-19 09:00:00,HVAC,84.59,27.8,0.84,False
2026-08-19 09:00:00,Lighting,23.52,27.8,0.84,False
2026-08-19 09:00:00,Labs,23.2,27.8,0.84,False
2026-08-19 09:00:00,Server Room,29.22,27.8,0.84,False
2026-08-19 09:00:00,Classrooms,16.43,27.8,0.84,False
2026-08-19 10:00:00,HVAC,72.48,26.8,0.53,False
2026-08-19 10:00:00,Lighting,15.3,26.8,0.53,False
2026-08-19 10:00:00,Labs,16.79,26.8,0.53,False
2026-08-19 10:00:00,Server Room,25.29,26.8,0.53,False
2026-08-19 10:00:00,Classrooms,15.83,26.8,0.53,False
2026-08-19 11:00:00,HVAC,84.1,27.6,0.92,False
2026-08-19 11:00:00,Lighting,29.64,27.6,0.92,False
2026-08-19 11:00:00,Labs,19.01,27.6,0.92,False
2026-08-19 11:00:00,Server Room,20.23,27.6,0.92,False
2026-08-19 11:00:00,Classrooms,21.26,27.6,0.92,False
2026-08-19 12:00:00,HVAC,110.11,34.0,0.77,False
2026-08-19 12:00:00,Lighting,26.6,34.0,0.77,False
2026-08-19 12:00:00,Labs,17.49,34.0,0.77,False
2026-08-19 12:00:00,Server Room,21.58,34.0,0.77,False
2026-08-19 12:00:00,Classrooms,16.9,34.0,0.77,False
2026-08-19 13:00:00,HVAC,104.31,32.8,0.65,False
2026-08-19 13:00:00,Lighting,23.86,32.8,0.65,False
2026-08-19 13:00:00,Labs,16.27,32.8,0.65,False
2026-08-19 13:00:00,Server Room,25.76,32.8,0.65,False
2026-08-19 13:00:00,Classrooms,20.52,32.8,0.65,False
2026-08-19 14:00:00,HVAC,95.7,30.7,0.68,False
2026-08-19 14:00:00,Lighting,21.57,30.7,0.68,False
2026-08-19 14:00:00,Labs,20.35,30.7,0.68,False
2026-08-19 14:00:00,Server Room,35.99,30.7,0.68,False
2026-08-19 14:00:00,Classrooms,15.95,30.7,0.68,False
2026-08-19 15:00:00,HVAC,96.15,30.0,0.76,False
2026-08-19 15:00:00,Lighting,19.56,30.0,0.76,False
2026-08-19 15:00:00,Labs,17.93,30.0,0.76,False
2026-08-19 15:00:00,Server Room,21.3,30.0,0.76,False
2026-08-19 15:00:00,Classrooms,20.01,30.0,0.76,False
2026-08-19 16:00:00,HVAC,87.29,29.3,0.8,False
2026-08-19 16:00:00,Lighting,22.33,29.3,0.8,False
2026-08-19 16:00:00,Labs,18.56,29.3,0.8,False
2026-08-19 16:00:00,Server Room,25.25,29.3,0.8,False
2026-08-19 16:00:00,Classrooms,18.33,29.3,0.8,False
2026-08-19 17:00:00,HVAC,82.47,28.6,0.72,False
2026-08-19 17:00:00,Lighting,19.96,28.6,0.72,False
2026-08-19 17:00:00,Labs,22.8,28.6,0.72,False
2026-08-19 17:00:00,Server Room,27.08,28.6,0.72,False
2026-08-19 17:00:00,Classrooms,17.58,28.6,0.72,False
2026-08-19 18:00:00,HVAC,79.05,28.1,0.73,False
2026-08-19 18:00:00,Lighting,16.63,28.1,0.73,False
2026-08-19 18:00:00,Labs,16.55,28.1,0.73,False
2026-08-19 18:00:00,Server Room,23.21,28.1,0.73,False
2026-08-19 18:00:00,Classrooms,17.09,28.1,0.73,False
2026-08-19 19:00:00,HVAC,56.44,26.1,0.27,False
2026-08-19 19:00:00,Lighting,8.01,26.1,0.27,False
2026-08-19 19:00:00,Labs,12.09,26.1,0.27,False
2026-08-19 19:00:00,Server Room,21.93,26.1,0.27,False
2026-08-19 19:00:00,Classrooms,12.62,26.1,0.27,False
2026-08-19 20:00:00,HVAC,53.71,25.5,0.26,False
2026-08-19 20:00:00,Lighting,10.33,25.5,0.26,False
2026-08-19 20:00:00,Labs,10.12,25.5,0.26,False
2026-08-19 20:00:00,Server Room,22.2,25.5,0.26,False
2026-08-19 20:00:00,Classrooms,13.18,25.5,0.26,False
2026-08-19 21:00:00,HVAC,39.89,23.2,0.21,False
2026-08-19 21:00:00,Lighting,16.59,23.2,0.21,False
2026-08-19 21:00:00,Labs,10.86,23.2,0.21,False
2026-08-19 21:00:00,Server Room,22.7,23.2,0.21,False
2026-08-19 21:00:00,Classrooms,1.45,23.2,0.21,False
2026-08-19 22:00:00,HVAC,37.61,22.1,0.16,False
2026-08-19 22:00:00,Lighting,11.28,22.1,0.16,False
2026-08-19 22:00:00,Labs,8.96,22.1,0.16,False
2026-08-19 22:00:00,Server Room,26.74,22.1,0.16,False
2026-08-19 22:00:00,Classrooms,8.42,22.1,0.16,False
2026-08-19 23:00:00,HVAC,21.31,20.2,0.0,False
2026-08-19 23:00:00,Lighting,5.71,20.2,0.0,False
2026-08-19 23:00:00,Labs,2.21,20.2,0.0,False
2026-08-19 23:00:00,Server Room,19.9,20.2,0.0,False
2026-08-19 23:00:00,Classrooms,2.08,20.2,0.0,False
2026-08-20 00:00:00,HVAC,21.7,19.8,0.03,False
2026-08-20 00:00:00,Lighting,16.61,19.8,0.03,False
2026-08-20 00:00:00,Labs,1.9,19.8,0.03,False
2026-08-20 00:00:00,Server Room,24.27,19.8,0.03,False
2026-08-20 00:00:00,Classrooms,8.15,19.8,0.03,False
2026-08-20 01:00:00,HVAC,31.96,20.6,0.27,False
2026-08-20 01:00:00,Lighting,14.94,20.6,0.27,False
2026-08-20 01:00:00,Labs,10.31,20.6,0.27,False
2026-08-20 01:00:00,Server Room,26.8,20.6,0.27,False
2026-08-20 01:00:00,Classrooms,6.65,20.6,0.27,False
2026-08-20 02:00:00,HVAC,18.86,18.2,0.21,False
2026-08-20 02:00:00,Lighting,8.42,18.2,0.21,False
2026-08-20 02:00:00,Labs,8.73,18.2,0.21,False
2026-08-20 02:00:00,Server Room,23.39,18.2,0.21,False
2026-08-20 02:00:00,Classrooms,8.72,18.2,0.21,False
2026-08-20 03:00:00,HVAC,19.94,19.5,0.17,False
2026-08-20 03:00:00,Lighting,7.93,19.5,0.17,False
2026-08-20 03:00:00,Labs,12.54,19.5,0.17,False
2026-08-20 03:00:00,Server Room,26.65,19.5,0.17,False
2026-08-20 03:00:00,Classrooms,8.96,19.5,0.17,False
2026-08-20 04:00:00,HVAC,22.74,20.5,0.07,False
2026-08-20 04:00:00,Lighting,16.36,20.5,0.07,False
2026-08-20 04:00:00,Labs,5.23,20.5,0.07,False
2026-08-20 04:00:00,Server Room,34.35,20.5,0.07,False
2026-08-20 04:00:00,Classrooms,11.09,20.5,0.07,False
2026-08-20 05:00:00,HVAC,30.55,21.3,0.03,False
2026-08-20 05:00:00,Lighting,9.57,21.3,0.03,False
2026-08-20 05:00:00,Labs,4.06,21.3,0.03,False
2026-08-20 05:00:00,Server Room,21.83,21.3,0.03,False
2026-08-20 05:00:00,Classrooms,6.65,21.3,0.03,False
2026-08-20 06:00:00,HVAC,42.72,23.0,0.18,False
2026-08-20 06:00:00,Lighting,7.11,23.0,0.18,False
2026-08-20 06:00:00,Labs,4.79,23.0,0.18,False
2026-08-20 06:00:00,Server Room,29.78,23.0,0.18,False
2026-08-20 06:00:00,Classrooms,7.98,23.0,0.18,False
2026-08-20 07:00:00,HVAC,39.63,24.9,0.06,False
2026-08-20 07:00:00,Lighting,12.3,24.9,0.06,False
2026-08-20 07:00:00,Labs,5.55,24.9,0.06,False
2026-08-20 07:00:00,Server Room,23.94,24.9,0.06,False
2026-08-20 07:00:00,Classrooms,4.88,24.9,0.06,False
2026-08-20 08:00:00,HVAC,84.58,27.3,0.91,False
2026-08-20 08:00:00,Lighting,24.69,27.3,0.91,False
2026-08-20 08:00:00,Labs,23.46,27.3,0.91,False
2026-08-20 08:00:00,Server Room,25.51,27.3,0.91,False
2026-08-20 08:00:00,Classrooms,23.23,27.3,0.91,False
2026-08-20 09:00:00,HVAC,87.9,28.4,0.89,False
2026-08-20 09:00:00,Lighting,24.59,28.4,0.89,False
2026-08-20 09:00:00,Labs,14.92,28.4,0.89,False
2026-08-20 09:00:00,Server Room,22.29,28.4,0.89,False
2026-08-20 09:00:00,Classrooms,17.42,28.4,0.89,False
2026-08-20 10:00:00,HVAC,70.33,26.9,0.55,False
2026-08-20 10:00:00,Lighting,14.7,26.9,0.55,False
2026-08-20 10:00:00,Labs,10.48,26.9,0.55,False
2026-08-20 10:00:00,Server Room,29.72,26.9,0.55,False
2026-08-20 10:00:00,Classrooms,13.82,26.9,0.55,False
2026-08-20 11:00:00,HVAC,93.6,29.9,0.99,False
2026-08-20 11:00:00,Lighting,26.72,29.9,0.99,False
2026-08-20 11:00:00,Labs,27.72,29.9,0.99,False
2026-08-20 11:00:00,Server Room,21.8,29.9,0.99,False
2026-08-20 11:00:00,Classrooms,22.21,29.9,0.99,False
2026-08-20 12:00:00,HVAC,97.45,30.9,0.89,False
2026-08-20 12:00:00,Lighting,25.42,30.9,0.89,False
2026-08-20 12:00:00,Labs,18.34,30.9,0.89,False
2026-08-20 12:00:00,Server Room,28.41,30.9,0.89,False
2026-08-20 12:00:00,Classrooms,18.86,30.9,0.89,False
2026-08-20 13:00:00,HVAC,86.49,30.5,0.54,False
2026-08-20 13:00:00,Lighting,15.61,30.5,0.54,False
2026-08-20 13:00:00,Labs,19.06,30.5,0.54,False
2026-08-20 13:00:00,Server Room,27.39,30.5,0.54,False
2026-08-20 13:00:00,Classrooms,14.39,30.5,0.54,False
2026-08-20 14:00:00,HVAC,104.68,32.3,0.61,False
2026-08-20 14:00:00,Lighting,15.63,32.3,0.61,False
2026-08-20 14:00:00,Labs,16.19,32.3,0.61,False
2026-08-20 14:00:00,Server Room,19.75,32.3,0.61,False
2026-08-20 14:00:00,Classrooms,19.42,32.3,0.61,False
2026-08-20 15:00:00,HVAC,89.5,29.7,0.73,False
2026-08-20 15:00:00,Lighting,18.04,29.7,0.73,False
2026-08-20 15:00:00,Labs,17.12,29.7,0.73,False
2026-08-20 15:00:00,Server Room,17.93,29.7,0.73,False
2026-08-20 15:00:00,Classrooms,22.04,29.7,0.73,False
2026-08-20 16:00:00,HVAC,106.37,31.9,0.78,False
2026-08-20 16:00:00,Lighting,19.06,31.9,0.78,False
2026-08-20 16:00:00,Labs,13.46,31.9,0.78,False
2026-08-20 16:00:00,Server Room,28.19,31.9,0.78,False
2026-08-20 16:00:00,Classrooms,15.66,31.9,0.78,False
2026-08-20 17:00:00,HVAC,89.86,27.8,0.99,False
2026-08-20 17:00:00,Lighting,20.71,27.8,0.99,False
2026-08-20 17:00:00,Labs,32.98,27.8,0.99,False
2026-08-20 17:00:00,Server Room,29.64,27.8,0.99,False
2026-08-20 17:00:00,Classrooms,22.66,27.8,0.99,False
2026-08-20 18:00:00,HVAC,96.55,31.7,0.54,False
2026-08-20 18:00:00,Lighting,14.18,31.7,0.54,False
2026-08-20 18:00:00,Labs,21.69,31.7,0.54,False
2026-08-20 18:00:00,Server Room,27.9,31.7,0.54,False
2026-08-20 18:00:00,Classrooms,14.12,31.7,0.54,False
2026-08-20 19:00:00,HVAC,59.37,27.7,0.1,False
2026-08-20 19:00:00,Lighting,11.1,27.7,0.1,False
2026-08-20 19:00:00,Labs,7.55,27.7,0.1,False
2026-08-20 19:00:00,Server Room,21.12,27.7,0.1,False
2026-08-20 19:00:00,Classrooms,6.74,27.7,0.1,False
2026-08-20 20:00:00,HVAC,59.17,27.1,0.15,False
2026-08-20 20:00:00,Lighting,11.42,27.1,0.15,False
2026-08-20 20:00:00,Labs,9.47,27.1,0.15,False
2026-08-20 20:00:00,Server Room,27.89,27.1,0.15,False
2026-08-20 20:00:00,Classrooms,6.24,27.1,0.15,False
2026-08-20 21:00:00,HVAC,60.31,26.4,0.19,False
2026-08-20 21:00:00,Lighting,11.91,26.4,0.19,False
2026-08-20 21:00:00,Labs,8.03,26.4,0.19,False
2026-08-20 21:00:00,Server Room,31.24,26.4,0.19,False
2026-08-20 21:00:00,Classrooms,7.2,26.4,0.19,False
2026-08-20 22:00:00,HVAC,45.71,24.1,0.25,False
2026-08-20 22:00:00,Lighting,15.14,24.1,0.25,False
2026-08-20 22:00:00,Labs,13.66,24.1,0.25,False
2026-08-20 22:00:00,Server Room,21.73,24.1,0.25,False
2026-08-20 22:00:00,Classrooms,12.19,24.1,0.25,False
2026-08-20 23:00:00,HVAC,44.72,22.9,0.24,False
2026-08-20 23:00:00,Lighting,19.47,22.9,0.24,False
2026-08-20 23:00:00,Labs,12.42,22.9,0.24,False
2026-08-20 23:00:00,Server Room,24.07,22.9,0.24,False
2026-08-20 23:00:00,Classrooms,10.61,22.9,0.24,False
2026-08-21 00:00:00,HVAC,25.81,21.9,0.0,False
2026-08-21 00:00:00,Lighting,8.65,21.9,0.0,False
2026-08-21 00:00:00,Labs,7.81,21.9,0.0,False
2026-08-21 00:00:00,Server Room,23.12,21.9,0.0,False
2026-08-21 00:00:00,Classrooms,4.13,21.9,0.0,False
2026-08-21 01:00:00,HVAC,32.05,20.4,0.23,False
2026-08-21 01:00:00,Lighting,9.33,20.4,0.23,False
2026-08-21 01:00:00,Labs,10.33,20.4,0.23,False
2026-08-21 01:00:00,Server Room,30.14,20.4,0.23,False
2026-08-21 01:00:00,Classrooms,7.17,20.4,0.23,False
2026-08-21 02:00:00,HVAC,18.97,18.3,0.22,False
2026-08-21 02:00:00,Lighting,11.31,18.3,0.22,False
2026-08-21 02:00:00,Labs,7.54,18.3,0.22,False
2026-08-21 02:00:00,Server Room,28.35,18.3,0.22,False
2026-08-21 02:00:00,Classrooms,7.74,18.3,0.22,False
2026-08-21 03:00:00,HVAC,18.28,18.2,0.2,False
2026-08-21 03:00:00,Lighting,7.78,18.2,0.2,False
2026-08-21 03:00:00,Labs,13.39,18.2,0.2,False
2026-08-21 03:00:00,Server Room,23.36,18.2,0.2,False
2026-08-21 03:00:00,Classrooms,10.8,18.2,0.2,False
2026-08-21 04:00:00,HVAC,28.82,19.3,0.29,False
2026-08-21 04:00:00,Lighting,16.19,19.3,0.29,False
2026-08-21 04:00:00,Labs,6.24,19.3,0.29,False
2026-08-21 04:00:00,Server Room,21.81,19.3,0.29,False
2026-08-21 04:00:00,Classrooms,13.41,19.3,0.29,False
2026-08-21 05:00:00,HVAC,42.53,22.6,0.26,False
2026-08-21 05:00:00,Lighting,15.53,22.6,0.26,False
2026-08-21 05:00:00,Labs,5.61,22.6,0.26,False
2026-08-21 05:00:00,Server Room,20.77,22.6,0.26,False
2026-08-21 05:00:00,Classrooms,5.94,22.6,0.26,False
2026-08-21 06:00:00,HVAC,40.79,23.2,0.27,False
2026-08-21 06:00:00,Lighting,14.47,23.2,0.27,False
2026-08-21 06:00:00,Labs,11.72,23.2,0.27,False
2026-08-21 06:00:00,Server Room,25.34,23.2,0.27,False
2026-08-21 06:00:00,Classrooms,4.24,23.2,0.27,False
2026-08-21 07:00:00,HVAC,55.78,25.7,0.19,False
2026-08-21 07:00:00,Lighting,13.75,25.7,0.19,False
2026-08-21 07:00:00,Labs,6.86,25.7,0.19,False
2026-08-21 07:00:00,Server Room,27.13,25.7,0.19,False
2026-08-21 07:00:00,Classrooms,9.84,25.7,0.19,False
2026-08-21 08:00:00,HVAC,79.0,26.6,0.96,False
2026-08-21 08:00:00,Lighting,25.08,26.6,0.96,False
2026-08-21 08:00:00,Labs,24.33,26.6,0.96,False
2026-08-21 08:00:00,Server Room,26.16,26.6,0.96,False
2026-08-21 08:00:00,Classrooms,25.74,26.6,0.96,False
2026-08-21 09:00:00,HVAC,61.97,25.1,0.54,False
2026-08-21 09:00:00,Lighting,13.26,25.1,0.54,False
2026-08-21 09:00:00,Labs,24.65,25.1,0.54,False
2026-08-21 09:00:00,Server Room,26.76,25.1,0.54,False
2026-08-21 09:00:00,Classrooms,14.25,25.1,0.54,False
2026-08-21 10:00:00,HVAC,78.53,28.6,0.75,False
2026-08-21 10:00:00,Lighting,21.37,28.6,0.75,False
2026-08-21 10:00:00,Labs,18.86,28.6,0.75,False
2026-08-21 10:00:00,Server Room,20.04,28.6,0.75,False
2026-08-21 10:00:00,Classrooms,14.9,28.6,0.75,False
2026-08-21 11:00:00,HVAC,95.26,28.7,0.96,False
2026-08-21 11:00:00,Lighting,22.08,28.7,0.96,False
2026-08-21 11:00:00,Labs,31.67,28.7,0.96,False
2026-08-21 11:00:00,Server Room,28.5,28.7,0.96,False
2026-08-21 11:00:00,Classrooms,27.04,28.7,0.96,False
2026-08-21 12:00:00,HVAC,93.65,31.3,0.61,False
2026-08-21 12:00:00,Lighting,21.39,31.3,0.61,False
2026-08-21 12:00:00,Labs,17.38,31.3,0.61,False
2026-08-21 12:00:00,Server Room,27.59,31.3,0.61,False
2026-08-21 12:00:00,Classrooms,15.58,31.3,0.61,False
2026-08-21 13:00:00,HVAC,95.69,30.7,0.7,False
2026-08-21 13:00:00,Lighting,20.9,30.7,0.7,False
2026-08-21 13:00:00,Labs,20.53,30.7,0.7,False
2026-08-21 13:00:00,Server Room,24.99,30.7,0.7,False
2026-08-21 13:00:00,Classrooms,20.17,30.7,0.7,False
2026-08-21 14:00:00,HVAC,113.89,32.7,0.87,False
2026-08-21 14:00:00,Lighting,18.19,32.7,0.87,False
2026-08-21 14:00:00,Labs,19.96,32.7,0.87,False
2026-08-21 14:00:00,Server Room,22.17,32.7,0.87,False
2026-08-21 14:00:00,Classrooms,19.41,32.7,0.87,False
2026-08-21 15:00:00,HVAC,99.21,31.0,0.75,False
2026-08-21 15:00:00,Lighting,19.44,31.0,0.75,False
2026-08-21 15:00:00,Labs,22.44,31.0,0.75,False
2026-08-21 15:00:00,Server Room,26.13,31.0,0.75,False
2026-08-21 15:00:00,Classrooms,20.63,31.0,0.75,False
2026-08-21 16:00:00,HVAC,85.38,27.6,0.97,False
2026-08-21 16:00:00,Lighting,25.36,27.6,0.97,False
2026-08-21 16:00:00,Labs,21.94,27.6,0.97,False
2026-08-21 16:00:00,Server Room,25.88,27.6,0.97,False
2026-08-21 16:00:00,Classrooms,21.21,27.6,0.97,False
2026-08-21 17:00:00,HVAC,90.79,30.3,0.73,False
2026-08-21 17:00:00,Lighting,23.33,30.3,0.73,False
2026-08-21 17:00:00,Labs,20.14,30.3,0.73,False
2026-08-21 17:00:00,Server Room,30.57,30.3,0.73,False
2026-08-21 17:00:00,Classrooms,21.72,30.3,0.73,False
2026-08-21 18:00:00,HVAC,82.98,26.8,0.92,False
2026-08-21 18:00:00,Lighting,25.12,26.8,0.92,False
2026-08-21 18:00:00,Labs,25.46,26.8,0.92,False
2026-08-21 18:00:00,Server Room,22.11,26.8,0.92,False
2026-08-21 18:00:00,Classrooms,26.31,26.8,0.92,False
2026-08-21 19:00:00,HVAC,49.9,25.2,0.28,False
2026-08-21 19:00:00,Lighting,11.1,25.2,0.28,False
2026-08-21 19:00:00,Labs,10.75,25.2,0.28,False
2026-08-21 19:00:00,Server Room,24.5,25.2,0.28,False
2026-08-21 19:00:00,Classrooms,10.42,25.2,0.28,False
2026-08-21 20:00:00,HVAC,43.84,24.2,0.22,False
2026-08-21 20:00:00,Lighting,12.29,24.2,0.22,False
2026-08-21 20:00:00,Labs,10.04,24.2,0.22,False
2026-08-21 20:00:00,Server Room,26.02,24.2,0.22,False
2026-08-21 20:00:00,Classrooms,3.03,24.2,0.22,False
2026-08-21 21:00:00,HVAC,48.14,24.6,0.26,False
2026-08-21 21:00:00,Lighting,13.48,24.6,0.26,False
2026-08-21 21:00:00,Labs,9.87,24.6,0.26,False
2026-08-21 21:00:00,Server Room,24.26,24.6,0.26,False
2026-08-21 21:00:00,Classrooms,5.6,24.6,0.26,False
2026-08-21 22:00:00,HVAC,55.1,24.4,0.26,False
2026-08-21 22:00:00,Lighting,14.82,24.4,0.26,False
2026-08-21 22:00:00,Labs,11.35,24.4,0.26,False
2026-08-21 22:00:00,Server Room,17.98,24.4,0.26,False
2026-08-21 22:00:00,Classrooms,9.08,24.4,0.26,False
2026-08-21 23:00:00,HVAC,27.68,20.2,0.02,False
2026-08-21 23:00:00,Lighting,14.1,20.2,0.02,False
2026-08-21 23:00:00,Labs,10.11,20.2,0.02,False
2026-08-21 23:00:00,Server Room,21.01,20.2,0.02,False
2026-08-21 23:00:00,Classrooms,6.91,20.2,0.02,False
2026-08-22 00:00:00,HVAC,15.18,18.3,0.16,True
2026-08-22 00:00:00,Lighting,15.27,18.3,0.16,True
2026-08-22 00:00:00,Labs,8.61,18.3,0.16,True
2026-08-22 00:00:00,Server Room,21.83,18.3,0.16,True
2026-08-22 00:00:00,Classrooms,3.66,18.3,0.16,True
2026-08-22 01:00:00,HVAC,18.16,19.0,0.09,True
2026-08-22 01:00:00,Lighting,13.42,19.0,0.09,True
2026-08-22 01:00:00,Labs,6.07,19.0,0.09,True
2026-08-22 01:00:00,Server Room,34.33,19.0,0.09,True
2026-08-22 01:00:00,Classrooms,2.67,19.0,0.09,True
2026-08-22 02:00:00,HVAC,28.39,21.4,0.08,True
2026-08-22 02:00:00,Lighting,8.48,21.4,0.08,True
2026-08-22 02:00:00,Labs,2.52,21.4,0.08,True
2026-08-22 02:00:00,Server Room,27.98,21.4,0.08,True
2026-08-22 02:00:00,Classrooms,6.33,21.4,0.08,True
2026-08-22 03:00:00,HVAC,21.83,19.5,0.14,True
2026-08-22 03:00:00,Lighting,11.2,19.5,0.14,True
2026-08-22 03:00:00,Labs,0.52,19.5,0.14,True
2026-08-22 03:00:00,Server Room,25.7,19.5,0.14,True
2026-08-22 03:00:00,Classrooms,2.92,19.5,0.14,True
2026-08-22 04:00:00,HVAC,8.99,17.8,0.01,True
2026-08-22 04:00:00,Lighting,11.2,17.8,0.01,True
2026-08-22 04:00:00,Labs,5.78,17.8,0.01,True
2026-08-22 04:00:00,Server Room,25.25,17.8,0.01,True
2026-08-22 04:00:00,Classrooms,7.6,17.8,0.01,True
2026-08-22 05:00:00,HVAC,21.98,20.6,0.05,True
2026-08-22 05:00:00,Lighting,8.31,20.6,0.05,True
2026-08-22 05:00:00,Labs,1.66,20.6,0.05,True
2026-08-22 05:00:00,Server Room,21.83,20.6,0.05,True
2026-08-22 05:00:00,Classrooms,0.55,20.6,0.05,True
2026-08-22 06:00:00,HVAC,42.66,24.6,0.02,True
2026-08-22 06:00:00,Lighting,9.04,24.6,0.02,True
2026-08-22 06:00:00,Labs,3.61,24.6,0.02,True
2026-08-22 06:00:00,Server Room,21.96,24.6,0.02,True
2026-08-22 06:00:00,Classrooms,0.0,24.6,0.02,True
2026-08-22 07:00:00,HVAC,44.26,24.7,0.04,True
2026-08-22 07:00:00,Lighting,6.23,24.7,0.04,True
2026-08-22 07:00:00,Labs,6.62,24.7,0.04,True
2026-08-22 07:00:00,Server Room,25.74,24.7,0.04,True
2026-08-22 07:00:00,Classrooms,6.8,24.7,0.04,True
2026-08-22 08:00:00,HVAC,56.33,26.9,0.04,True
2026-08-22 08:00:00,Lighting,6.98,26.9,0.04,True
2026-08-22 08:00:00,Labs,3.81,26.9,0.04,True
2026-08-22 08:00:00,Server Room,18.23,26.9,0.04,True
2026-08-22 08:00:00,Classrooms,6.62,26.9,0.04,True
2026-08-22 09:00:00,HVAC,66.2,29.2,0.15,True
2026-08-22 09:00:00,Lighting,5.89,29.2,0.15,True
2026-08-22 09:00:00,Labs,1.97,29.2,0.15,True
2026-08-22 09:00:00,Server Room,26.08,29.2,0.15,True
2026-08-22 09:00:00,Classrooms,6.87,29.2,0.15,True
2026-08-22 10:00:00,HVAC,69.43,28.6,0.1,True
2026-08-22 10:00:00,Lighting,13.06,28.6,0.1,True
2026-08-22 10:00:00,Labs,1.56,28.6,0.1,True
2026-08-22 10:00:00,Server Room,21.66,28.6,0.1,True
2026-08-22 10:00:00,Classrooms,6.04,28.6,0.1,True
2026-08-22 11:00:00,HVAC,66.59,28.4,0.07,True
2026-08-22 11:00:00,Lighting,9.26,28.4,0.07,True
2026-08-22 11:00:00,Labs,2.34,28.4,0.07,True
2026-08-22 11:00:00,Server Room,25.31,28.4,0.07,True
2026-08-22 11:00:00,Classrooms,6.44,28.4,0.07,True
2026-08-22 12:00:00,HVAC,74.42,31.5,0.03,True
2026-08-22 12:00:00,Lighting,8.4,31.5,0.03,True
2026-08-22 12:00:00,Labs,1.25,31.5,0.03,True
2026-08-22 12:00:00,Server Room,27.17,31.5,0.03,True
2026-08-22 12:00:00,Classrooms,5.38,31.5,0.03,True
2026-08-22 13:00:00,HVAC,89.02,34.2,0.0,True
2026-08-22 13:00:00,Lighting,5.74,34.2,0.0,True
2026-08-22 13:00:00,Labs,5.57,34.2,0.0,True
2026-08-22 13:00:00,Server Room,31.82,34.2,0.0,True
2026-08-22 13:00:00,Classrooms,4.44,34.2,0.0,True
2026-08-22 14:00:00,HVAC,85.32,32.5,0.14,True
2026-08-22 14:00:00,Lighting,11.79,32.5,0.14,True
2026-08-22 14:00:00,Labs,9.5,32.5,0.14,True
2026-08-22 14:00:00,Server Room,22.04,32.5,0.14,True
2026-08-22 14:00:00,Classrooms,3.34,32.5,0.14,True
2026-08-22 15:00:00,HVAC,89.56,32.4,0.14,True
2026-08-22 15:00:00,Lighting,14.54,32.4,0.14,True
2026-08-22 15:00:00,Labs,9.33,32.4,0.14,True
2026-08-22 15:00:00,Server Room,25.76,32.4,0.14,True
2026-08-22 15:00:00,Classrooms,7.48,32.4,0.14,True
2026-08-22 16:00:00,HVAC,79.44,30.5,0.18,True
2026-08-22 16:00:00,Lighting,9.62,30.5,0.18,True
2026-08-22 16:00:00,Labs,6.12,30.5,0.18,True
2026-08-22 16:00:00,Server Room,27.97,30.5,0.18,True
2026-08-22 16:00:00,Classrooms,5.2,30.5,0.18,True
2026-08-22 17:00:00,HVAC,82.55,31.6,0.14,True
2026-08-22 17:00:00,Lighting,10.07,31.6,0.14,True
2026-08-22 17:00:00,Labs,6.35,31.6,0.14,True
2026-08-22 17:00:00,Server Room,27.7,31.6,0.14,True
2026-08-22 17:00:00,Classrooms,0.07,31.6,0.14,True
2026-08-22 18:00:00,HVAC,67.77,28.7,0.18,True
2026-08-22 18:00:00,Lighting,17.15,28.7,0.18,True
2026-08-22 18:00:00,Labs,11.19,28.7,0.18,True
2026-08-22 18:00:00,Server Room,28.3,28.7,0.18,True
2026-08-22 18:00:00,Classrooms,3.47,28.7,0.18,True
2026-08-22 19:00:00,HVAC,65.68,27.2,0.14,True
2026-08-22 19:00:00,Lighting,11.16,27.2,0.14,True
2026-08-22 19:00:00,Labs,0.0,27.2,0.14,True
2026-08-22 19:00:00,Server Room,28.49,27.2,0.14,True
2026-08-22 19:00:00,Classrooms,2.64,27.2,0.14,True
2026-08-22 20:00:00,HVAC,52.85,25.9,0.13,True
2026-08-22 20:00:00,Lighting,14.82,25.9,0.13,True
2026-08-22 20:00:00,Labs,5.4,25.9,0.13,True
2026-08-22 20:00:00,Server Room,19.74,25.9,0.13,True
2026-08-22 20:00:00,Classrooms,5.44,25.9,0.13,True
2026-08-22 21:00:00,HVAC,37.31,22.2,0.18,True
2026-08-22 21:00:00,Lighting,9.72,22.2,0.18,True
2026-08-22 21:00:00,Labs,1.68,22.2,0.18,True
2026-08-22 21:00:00,Server Room,31.72,22.2,0.18,True
2026-08-22 21:00:00,Classrooms,0.0,22.2,0.18,True
2026-08-22 22:00:00,HVAC,31.93,22.3,0.02,True
2026-08-22 22:00:00,Lighting,13.32,22.3,0.02,True
2026-08-22 22:00:00,Labs,2.96,22.3,0.02,True
2026-08-22 22:00:00,Server Room,31.58,22.3,0.02,True
2026-08-22 22:00:00,Classrooms,6.03,22.3,0.02,True
2026-08-22 23:00:00,HVAC,37.89,22.4,0.02,True
2026-08-22 23:00:00,Lighting,12.19,22.4,0.02,True
2026-08-22 23:00:00,Labs,10.12,22.4,0.02,True
2026-08-22 23:00:00,Server Room,21.44,22.4,0.02,True
2026-08-22 23:00:00,Classrooms,6.85,22.4,0.02,True
2026-08-23 00:00:00,HVAC,29.55,20.8,0.05,True
2026-08-23 00:00:00,Lighting,14.25,20.8,0.05,True
2026-08-23 00:00:00,Labs,0.0,20.8,0.05,True
2026-08-23 00:00:00,Server Room,30.46,20.8,0.05,True
2026-08-23 00:00:00,Classrooms,4.77,20.8,0.05,True
2026-08-23 01:00:00,HVAC,7.1,17.4,0.01,True
2026-08-23 01:00:00,Lighting,10.26,17.4,0.01,True
2026-08-23 01:00:00,Labs,6.32,17.4,0.01,True
2026-08-23 01:00:00,Server Room,30.98,17.4,0.01,True
2026-08-23 01:00:00,Classrooms,7.0,17.4,0.01,True
2026-08-23 02:00:00,HVAC,14.05,18.1,0.11,True
2026-08-23 02:00:00,Lighting,15.28,18.1,0.11,True
2026-08-23 02:00:00,Labs,5.45,18.1,0.11,True
2026-08-23 02:00:00,Server Room,27.1,18.1,0.11,True
2026-08-23 02:00:00,Classrooms,7.01,18.1,0.11,True
2026-08-23 03:00:00,HVAC,28.56,21.2,0.08,True
2026-08-23 03:00:00,Lighting,10.53,21.2,0.08,True
2026-08-23 03:00:00,Labs,5.2,21.2,0.08,True
2026-08-23 03:00:00,Server Room,31.56,21.2,0.08,True
2026-08-23 03:00:00,Classrooms,3.42,21.2,0.08,True
2026-08-23 04:00:00,HVAC,11.09,17.7,0.13,True
2026-08-23 04:00:00,Lighting,4.39,17.7,0.13,True
2026-08-23 04:00:00,Labs,9.11,17.7,0.13,True
2026-08-23 04:00:00,Server Room,30.76,17.7,0.13,True
2026-08-23 04:00:00,Classrooms,2.88,17.7,0.13,True
2026-08-23 05:00:00,HVAC,25.89,21.5,0.12,True
2026-08-23 05:00:00,Lighting,12.02,21.5,0.12,True
2026-08-23 05:00:00,Labs,5.21,21.5,0.12,True
2026-08-23 05:00:00,Server Room,25.83,21.5,0.12,True
2026-08-23 05:00:00,Classrooms,4.68,21.5,0.12,True
2026-08-23 06:00:00,HVAC,41.44,23.4,0.06,True
2026-08-23 06:00:00,Lighting,8.6,23.4,0.06,True
2026-08-23 06:00:00,Labs,8.45,23.4,0.06,True
2026-08-23 06:00:00,Server Room,20.4,23.4,0.06,True
2026-08-23 06:00:00,Classrooms,7.38,23.4,0.06,True
2026-08-23 07:00:00,HVAC,44.76,24.2,0.11,True
2026-08-23 07:00:00,Lighting,16.63,24.2,0.11,True
2026-08-23 07:00:00,Labs,5.08,24.2,0.11,True
2026-08-23 07:00:00,Server Room,24.62,24.2,0.11,True
2026-08-23 07:00:00,Classrooms,4.43,24.2,0.11,True
2026-08-23 08:00:00,HVAC,53.18,26.3,0.03,True
2026-08-23 08:00:00,Lighting,13.13,26.3,0.03,True
2026-08-23 08:00:00,Labs,3.59,26.3,0.03,True
2026-08-23 08:00:00,Server Room,24.65,26.3,0.03,True
2026-08-23 08:00:00,Classrooms,10.24,26.3,0.03,True
2026-08-23 09:00:00,HVAC,63.17,27.2,0.18,True
2026-08-23 09:00:00,Lighting,17.55,27.2,0.18,True
2026-08-23 09:00:00,Labs,5.65,27.2,0.18,True
2026-08-23 09:00:00,Server Room,22.78,27.2,0.18,True
2026-08-23 09:00:00,Classrooms,11.81,27.2,0.18,True
2026-08-23 10:00:00,HVAC,71.32,29.0,0.08,True
2026-08-23 10:00:00,Lighting,9.62,29.0,0.08,True
2026-08-23 10:00:00,Labs,10.11,29.0,0.08,True
2026-08-23 10:00:00,Server Room,25.88,29.0,0.08,True
2026-08-23 10:00:00,Classrooms,5.01,29.0,0.08,True
2026-08-23 11:00:00,HVAC,69.21,30.5,0.18,True
2026-08-23 11:00:00,Lighting,8.35,30.5,0.18,True
2026-08-23 11:00:00,Labs,4.26,30.5,0.18,True
2026-08-23 11:00:00,Server Room,25.66,30.5,0.18,True
2026-08-23 11:00:00,Classrooms,10.77,30.5,0.18,True
2026-08-23 12:00:00,HVAC,92.51,33.3,0.19,True
2026-08-23 12:00:00,Lighting,18.29,33.3,0.19,True
2026-08-23 12:00:00,Labs,5.86,33.3,0.19,True
2026-08-23 12:00:00,Server Room,32.15,33.3,0.19,True
2026-08-23 12:00:00,Classrooms,0.0,33.3,0.19,True
2026-08-23 13:00:00,HVAC,81.05,30.7,0.17,True
2026-08-23 13:00:00,Lighting,10.17,30.7,0.17,True
2026-08-23 13:00:00,Labs,5.97,30.7,0.17,True
2026-08-23 13:00:00,Server Room,29.39,30.7,0.17,True
2026-08-23 13:00:00,Classrooms,1.57,30.7,0.17,True
2026-08-23 14:00:00,HVAC,78.21,31.2,0.1,True
2026-08-23 14:00:00,Lighting,4.82,31.2,0.1,True
2026-08-23 14:00:00,Labs,2.69,31.2,0.1,True
2026-08-23 14:00:00,Server Room,21.53,31.2,0.1,True
2026-08-23 14:00:00,Classrooms,0.0,31.2,0.1,True
2026-08-23 15:00:00,HVAC,83.56,31.9,0.14,True
2026-08-23 15:00:00,Lighting,15.31,31.9,0.14,True
2026-08-23 15:00:00,Labs,6.6,31.9,0.14,True
2026-08-23 15:00:00,Server Room,25.83,31.9,0.14,True
2026-08-23 15:00:00,Classrooms,10.19,31.9,0.14,True
2026-08-23 16:00:00,HVAC,75.05,30.6,0.12,True
2026-08-23 16:00:00,Lighting,18.13,30.6,0.12,True
2026-08-23 16:00:00,Labs,2.77,30.6,0.12,True
2026-08-23 16:00:00,Server Room,22.71,30.6,0.12,True
2026-08-23 16:00:00,Classrooms,0.0,30.6,0.12,True
2026-08-23 17:00:00,HVAC,80.03,31.2,0.05,True
2026-08-23 17:00:00,Lighting,9.03,31.2,0.05,True
2026-08-23 17:00:00,Labs,11.22,31.2,0.05,True
2026-08-23 17:00:00,Server Room,31.37,31.2,0.05,True
2026-08-23 17:00:00,Classrooms,16.95,31.2,0.05,True
2026-08-23 18:00:00,HVAC,76.7,30.5,0.09,True
2026-08-23 18:00:00,Lighting,16.4,30.5,0.09,True
2026-08-23 18:00:00,Labs,6.01,30.5,0.09,True
2026-08-23 18:00:00,Server Room,21.6,30.5,0.09,True
2026-08-23 18:00:00,Classrooms,0.0,30.5,0.09,True
2026-08-23 19:00:00,HVAC,62.72,27.3,0.2,True
2026-08-23 19:00:00,Lighting,15.77,27.3,0.2,True
2026-08-23 19:00:00,Labs,2.63,27.3,0.2,True
2026-08-23 19:00:00,Server Room,22.03,27.3,0.2,True
2026-08-23 19:00:00,Classrooms,11.68,27.3,0.2,True
2026-08-23 20:00:00,HVAC,46.98,24.8,0.15,True
2026-08-23 20:00:00,Lighting,15.66,24.8,0.15,True
2026-08-23 20:00:00,Labs,3.04,24.8,0.15,True
2026-08-23 20:00:00,Server Room,26.36,24.8,0.15,True
2026-08-23 20:00:00,Classrooms,7.55,24.8,0.15,True
2026-08-23 21:00:00,HVAC,33.43,21.7,0.06,True
2026-08-23 21:00:00,Lighting,12.97,21.7,0.06,True
2026-08-23 21:00:00,Labs,10.56,21.7,0.06,True
2026-08-23 21:00:00,Server Room,27.08,21.7,0.06,True
2026-08-23 21:00:00,Classrooms,2.25,21.7,0.06,True
2026-08-23 22:00:00,HVAC,56.27,26.3,0.17,True
2026-08-23 22:00:00,Lighting,12.81,26.3,0.17,True
2026-08-23 22:00:00,Labs,4.82,26.3,0.17,True
2026-08-23 22:00:00,Server Room,20.53,26.3,0.17,True
2026-08-23 22:00:00,Classrooms,2.71,26.3,0.17,True
2026-08-23 23:00:00,HVAC,19.96,20.4,0.11,True
2026-08-23 23:00:00,Lighting,6.96,20.4,0.11,True
2026-08-23 23:00:00,Labs,0.71,20.4,0.11,True
2026-08-23 23:00:00,Server Room,33.37,20.4,0.11,True
2026-08-23 23:00:00,Classrooms,8.24,20.4,0.11,True
2026-08-24 00:00:00,HVAC,22.88,19.7,0.01,False
2026-08-24 00:00:00,Lighting,12.56,19.7,0.01,False
2026-08-24 00:00:00,Labs,1.0,19.7,0.01,False
2026-08-24 00:00:00,Server Room,25.18,19.7,0.01,False
2026-08-24 00:00:00,Classrooms,10.18,19.7,0.01,False
2026-08-24 01:00:00,HVAC,18.06,19.0,0.08,False
2026-08-24 01:00:00,Lighting,12.92,19.0,0.08,False
2026-08-24 01:00:00,Labs,12.77,19.0,0.08,False
2026-08-24 01:00:00,Server Room,26.84,19.0,0.08,False
2026-08-24 01:00:00,Classrooms,6.7,19.0,0.08,False
2026-08-24 02:00:00,HVAC,29.14,20.6,0.13,False
2026-08-24 02:00:00,Lighting,11.51,20.6,0.13,False
2026-08-24 02:00:00,Labs,7.6,20.6,0.13,False
2026-08-24 02:00:00,Server Room,30.38,20.6,0.13,False
2026-08-24 02:00:00,Classrooms,13.31,20.6,0.13,False
2026-08-24 03:00:00,HVAC,25.23,19.5,0.17,False
2026-08-24 03:00:00,Lighting,11.41,19.5,0.17,False
2026-08-24 03:00:00,Labs,8.74,19.5,0.17,False
2026-08-24 03:00:00,Server Room,22.02,19.5,0.17,False
2026-08-24 03:00:00,Classrooms,6.63,19.5,0.17,False
2026-08-24 04:00:00,HVAC,44.68,23.1,0.28,False
2026-08-24 04:00:00,Lighting,13.02,23.1,0.28,False
2026-08-24 04:00:00,Labs,4.64,23.1,0.28,False
2026-08-24 04:00:00,Server Room,21.14,23.1,0.28,False
2026-08-24 04:00:00,Classrooms,5.1,23.1,0.28,False
2026-08-24 05:00:00,HVAC,38.26,23.0,0.14,False
2026-08-24 05:00:00,Lighting,20.54,23.0,0.14,False
2026-08-24 05:00:00,Labs,6.19,23.0,0.14,False
2026-08-24 05:00:00,Server Room,23.39,23.0,0.14,False
2026-08-24 05:00:00,Classrooms,4.78,23.0,0.14,False
2026-08-24 06:00:00,HVAC,44.26,23.3,0.15,False
2026-08-24 06:00:00,Lighting,11.87,23.3,0.15,False
2026-08-24 06:00:00,Labs,3.95,23.3,0.15,False
2026-08-24 06:00:00,Server Room,27.14,23.3,0.15,False
2026-08-24 06:00:00,Classrooms,14.14,23.3,0.15,False
2026-08-24 07:00:00,HVAC,31.09,21.3,0.14,False
2026-08-24 07:00:00,Lighting,12.39,21.3,0.14,False
2026-08-24 07:00:00,Labs,7.75,21.3,0.14,False
2026-08-24 07:00:00,Server Room,18.47,21.3,0.14,False
2026-08-24 07:00:00,Classrooms,6.35,21.3,0.14,False
2026-08-24 08:00:00,HVAC,82.08,27.6,0.71,False
2026-08-24 08:00:00,Lighting,16.83,27.6,0.71,False
2026-08-24 08:00:00,Labs,20.38,27.6,0.71,False
2026-08-24 08:00:00,Server Room,19.37,27.6,0.71,False
2026-08-24 08:00:00,Classrooms,21.87,27.6,0.71,False
2026-08-24 09:00:00,HVAC,87.11,28.5,0.7,False
2026-08-24 09:00:00,Lighting,15.92,28.5,0.7,False
2026-08-24 09:00:00,Labs,20.67,28.5,0.7,False
2026-08-24 09:00:00,Server Room,29.29,28.5,0.7,False
2026-08-24 09:00:00,Classrooms,14.49,28.5,0.7,False
2026-08-24 10:00:00,HVAC,82.9,29.9,0.56,False
2026-08-24 10:00:00,Lighting,21.08,29.9,0.56,False
2026-08-24 10:00:00,Labs,19.57,29.9,0.56,False
2026-08-24 10:00:00,Server Room,27.71,29.9,0.56,False
2026-08-24 10:00:00,Classrooms,17.94,29.9,0.56,False
2026-08-24 11:00:00,HVAC,91.67,29.2,0.71,False
2026-08-24 11:00:00,Lighting,20.0,29.2,0.71,False
2026-08-24 11:00:00,Labs,23.41,29.2,0.71,False
2026-08-24 11:00:00,Server Room,27.0,29.2,0.71,False
2026-08-24 11:00:00,Classrooms,21.61,29.2,0.71,False
2026-08-24 12:00:00,HVAC,105.49,32.3,0.71,False
2026-08-24 12:00:00,Lighting,21.27,32.3,0.71,False
2026-08-24 12:00:00,Labs,21.28,32.3,0.71,False
2026-08-24 12:00:00,Server Room,22.95,32.3,0.71,False
2026-08-24 12:00:00,Classrooms,15.32,32.3,0.71,False
2026-08-24 13:00:00,HVAC,110.84,34.2,0.58,False
2026-08-24 13:00:00,Lighting,15.59,34.2,0.58,False
2026-08-24 13:00:00,Labs,15.6,34.2,0.58,False
2026-08-24 13:00:00,Server Room,21.75,34.2,0.58,False
2026-08-24 13:00:00,Classrooms,14.2,34.2,0.58,False
2026-08-24 14:00:00,HVAC,91.5,30.7,0.71,False
2026-08-24 14:00:00,Lighting,19.72,30.7,0.71,False
2026-08-24 14:00:00,Labs,15.98,30.7,0.71,False
2026-08-24 14:00:00,Server Room,20.75,30.7,0.71,False
2026-08-24 14:00:00,Classrooms,13.11,30.7,0.71,False
2026-08-24 15:00:00,HVAC,94.6,32.6,0.57,False
2026-08-24 15:00:00,Lighting,13.9,32.6,0.57,False
2026-08-24 15:00:00,Labs,17.62,32.6,0.57,False
2026-08-24 15:00:00,Server Room,20.59,32.6,0.57,False
2026-08-24 15:00:00,Classrooms,13.85,32.6,0.57,False
2026-08-24 16:00:00,HVAC,110.8,32.8,0.93,False
2026-08-24 16:00:00,Lighting,18.98,32.8,0.93,False
2026-08-24 16:00:00,Labs,25.54,32.8,0.93,False
2026-08-24 16:00:00,Server Room,27.33,32.8,0.93,False
2026-08-24 16:00:00,Classrooms,21.79,32.8,0.93,False
2026-08-24 17:00:00,HVAC,97.91,29.9,0.94,False
2026-08-24 17:00:00,Lighting,21.25,29.9,0.94,False
2026-08-24 17:00:00,Labs,22.1,29.9,0.94,False
2026-08-24 17:00:00,Server Room,25.31,29.9,0.94,False
2026-08-24 17:00:00,Classrooms,16.64,29.9,0.94,False
2026-08-24 18:00:00,HVAC,89.45,29.5,0.89,False
2026-08-24 18:00:00,Lighting,26.37,29.5,0.89,False
2026-08-24 18:00:00,Labs,19.19,29.5,0.89,False
2026-08-24 18:00:00,Server Room,27.09,29.5,0.89,False
2026-08-24 18:00:00,Classrooms,17.13,29.5,0.89,False
2026-08-24 19:00:00,HVAC,62.12,27.9,0.04,False
2026-08-24 19:00:00,Lighting,8.09,27.9,0.04,False
2026-08-24 19:00:00,Labs,6.83,27.9,0.04,False
2026-08-24 19:00:00,Server Room,28.13,27.9,0.04,False
2026-08-24 19:00:00,Classrooms,3.64,27.9,0.04,False
2026-08-24 20:00:00,HVAC,53.15,26.1,0.14,False
2026-08-24 20:00:00,Lighting,11.36,26.1,0.14,False
2026-08-24 20:00:00,Labs,6.88,26.1,0.14,False
2026-08-24 20:00:00,Server Room,18.67,26.1,0.14,False
2026-08-24 20:00:00,Classrooms,6.67,26.1,0.14,False
2026-08-24 21:00:00,HVAC,57.4,26.4,0.11,False
2026-08-24 21:00:00,Lighting,13.63,26.4,0.11,False
2026-08-24 21:00:00,Labs,3.55,26.4,0.11,False
2026-08-24 21:00:00,Server Room,31.93,26.4,0.11,False
2026-08-24 21:00:00,Classrooms,6.69,26.4,0.11,False
2026-08-24 22:00:00,HVAC,52.05,25.9,0.01,False
2026-08-24 22:00:00,Lighting,11.95,25.9,0.01,False
2026-08-24 22:00:00,Labs,7.17,25.9,0.01,False
2026-08-24 22:00:00,Server Room,27.8,25.9,0.01,False
2026-08-24 22:00:00,Classrooms,2.59,25.9,0.01,False
2026-08-24 23:00:00,HVAC,47.97,23.0,0.21,False
2026-08-24 23:00:00,Lighting,18.05,23.0,0.21,False
2026-08-24 23:00:00,Labs,12.33,23.0,0.21,False
2026-08-24 23:00:00,Server Room,30.78,23.0,0.21,False
2026-08-24 23:00:00,Classrooms,6.76,23.0,0.21,False
2026-08-25 00:00:00,HVAC,31.31,21.4,0.14,False
2026-08-25 00:00:00,Lighting,17.33,21.4,0.14,False
2026-08-25 00:00:00,Labs,8.98,21.4,0.14,False
2026-08-25 00:00:00,Server Room,23.91,21.4,0.14,False
2026-08-25 00:00:00,Classrooms,12.97,21.4,0.14,False
2026-08-25 01:00:00,HVAC,23.82,21.5,0.12,False
2026-08-25 01:00:00,Lighting,10.15,21.5,0.12,False
2026-08-25 01:00:00,Labs,6.78,21.5,0.12,False
2026-08-25 01:00:00,Server Room,24.98,21.5,0.12,False
2026-08-25 01:00:00,Classrooms,12.58,21.5,0.12,False
2026-08-25 02:00:00,HVAC,17.17,19.1,0.13,False
2026-08-25 02:00:00,Lighting,8.16,19.1,0.13,False
2026-08-25 02:00:00,Labs,6.0,19.1,0.13,False
2026-08-25 02:00:00,Server Room,21.91,19.1,0.13,False
2026-08-25 02:00:00,Classrooms,2.47,19.1,0.13,False
2026-08-25 03:00:00,HVAC,15.56,18.1,0.22,False
2026-08-25 03:00:00,Lighting,8.56,18.1,0.22,False
2026-08-25 03:00:00,Labs,9.07,18.1,0.22,False
2026-08-25 03:00:00,Server Room,22.45,18.1,0.22,False
2026-08-25 03:00:00,Classrooms,16.21,18.1,0.22,False
2026-08-25 04:00:00,HVAC,30.24,21.3,0.04,False
2026-08-25 04:00:00,Lighting,10.53,21.3,0.04,False
2026-08-25 04:00:00,Labs,2.64,21.3,0.04,False
2026-08-25 04:00:00,Server Room,22.36,21.3,0.04,False
2026-08-25 04:00:00,Classrooms,5.37,21.3,0.04,False
2026-08-25 05:00:00,HVAC,39.34,23.2,0.23,False
2026-08-25 05:00:00,Lighting,13.58,23.2,0.23,False
2026-08-25 05:00:00,Labs,8.86,23.2,0.23,False
2026-08-25 05:00:00,Server Room,29.31,23.2,0.23,False
2026-08-25 05:00:00,Classrooms,11.06,23.2,0.23,False
2026-08-25 06:00:00,HVAC,41.94,24.1,0.13,False
2026-08-25 06:00:00,Lighting,10.04,24.1,0.13,False
2026-08-25 06:00:00,Labs,4.21,24.1,0.13,False
2026-08-25 06:00:00,Server Room,29.69,24.1,0.13,False
2026-08-25 06:00:00,Classrooms,10.98,24.1,0.13,False
2026-08-25 07:00:00,HVAC,51.48,25.3,0.22,False
2026-08-25 07:00:00,Lighting,11.6,25.3,0.22,False
2026-08-25 07:00:00,Labs,11.81,25.3,0.22,False
2026-08-25 07:00:00,Server Room,28.92,25.3,0.22,False
2026-08-25 07:00:00,Classrooms,7.39,25.3,0.22,False
2026-08-25 08:00:00,HVAC,90.46,29.1,0.82,False
2026-08-25 08:00:00,Lighting,17.64,29.1,0.82,False
2026-08-25 08:00:00,Labs,22.3,29.1,0.82,False
2026-08-25 08:00:00,Server Room,22.67,29.1,0.82,False
2026-08-25 08:00:00,Classrooms,21.33,29.1,0.82,False
2026-08-25 09:00:00,HVAC,94.5,28.3,0.93,False
2026-08-25 09:00:00,Lighting,24.3,28.3,0.93,False
2026-08-25 09:00:00,Labs,23.79,28.3,0.93,False
2026-08-25 09:00:00,Server Room,23.98,28.3,0.93,False
2026-08-25 09:00:00,Classrooms,23.66,28.3,0.93,False
2026-08-25 10:00:00,HVAC,85.41,28.7,0.69,False
2026-08-25 10:00:00,Lighting,19.39,28.7,0.69,False
2026-08-25 10:00:00,Labs,16.58,28.7,0.69,False
2026-08-25 10:00:00,Server Room,27.77,28.7,0.69,False
2026-08-25 10:00:00,Classrooms,18.28,28.7,0.69,False
2026-08-25 11:00:00,HVAC,90.06,30.8,0.57,False
2026-08-25 11:00:00,Lighting,21.83,30.8,0.57,False
2026-08-25 11:00:00,Labs,17.02,30.8,0.57,False
2026-08-25 11:00:00,Server Room,28.62,30.8,0.57,False
2026-08-25 11:00:00,Classrooms,18.98,30.8,0.57,False
2026-08-25 12:00:00,HVAC,94.44,31.3,0.57,False
2026-08-25 12:00:00,Lighting,22.56,31.3,0.57,False
2026-08-25 12:00:00,Labs,16.27,31.3,0.57,False
2026-08-25 12:00:00,Server Room,24.21,31.3,0.57,False
2026-08-25 12:00:00,Classrooms,15.81,31.3,0.57,False
2026-08-25 13:00:00,HVAC,106.58,32.5,0.7,False
2026-08-25 13:00:00,Lighting,20.15,32.5,0.7,False
2026-08-25 13:00:00,Labs,21.3,32.5,0.7,False
2026-08-25 13:00:00,Server Room,27.15,32.5,0.7,False
2026-08-25 13:00:00,Classrooms,11.87,32.5,0.7,False
2026-08-25 14:00:00,HVAC,92.49,31.0,0.64,False
2026-08-25 14:00:00,Lighting,19.4,31.0,0.64,False
2026-08-25 14:00:00,Labs,18.67,31.0,0.64,False
2026-08-25 14:00:00,Server Room,27.11,31.0,0.64,False
2026-08-25 14:00:00,Classrooms,15.91,31.0,0.64,False
2026-08-25 15:00:00,HVAC,93.13,29.8,0.72,False
2026-08-25 15:00:00,Lighting,18.67,29.8,0.72,False
2026-08-25 15:00:00,Labs,22.45,29.8,0.72,False
2026-08-25 15:00:00,Server Room,18.23,29.8,0.72,False
2026-08-25 15:00:00,Classrooms,21.34,29.8,0.72,False
2026-08-25 16:00:00,HVAC,114.51,33.7,0.73,False
2026-08-25 16:00:00,Lighting,21.31,33.7,0.73,False
2026-08-25 16:00:00,Labs,22.48,33.7,0.73,False
2026-08-25 16:00:00,Server Room,23.27,33.7,0.73,False
2026-08-25 16:00:00,Classrooms,21.01,33.7,0.73,False
2026-08-25 17:00:00,HVAC,83.82,27.8,0.79,False
2026-08-25 17:00:00,Lighting,21.65,27.8,0.79,False
2026-08-25 17:00:00,Labs,15.9,27.8,0.79,False
2026-08-25 17:00:00,Server Room,28.15,27.8,0.79,False
2026-08-25 17:00:00,Classrooms,20.17,27.8,0.79,False
2026-08-25 18:00:00,HVAC,83.05,28.3,0.65,False
2026-08-25 18:00:00,Lighting,17.61,28.3,0.65,False
2026-08-25 18:00:00,Labs,14.97,28.3,0.65,False
2026-08-25 18:00:00,Server Room,30.51,28.3,0.65,False
2026-08-25 18:00:00,Classrooms,17.29,28.3,0.65,False
2026-08-25 19:00:00,HVAC,73.09,30.1,0.09,False
2026-08-25 19:00:00,Lighting,12.4,30.1,0.09,False
2026-08-25 19:00:00,Labs,9.2,30.1,0.09,False
2026-08-25 19:00:00,Server Room,25.59,30.1,0.09,False
2026-08-25 19:00:00,Classrooms,6.72,30.1,0.09,False
2026-08-25 20:00:00,HVAC,57.79,25.7,0.26,False
2026-08-25 20:00:00,Lighting,13.23,25.7,0.26,False
2026-08-25 20:00:00,Labs,14.2,25.7,0.26,False
2026-08-25 20:00:00,Server Room,22.16,25.7,0.26,False
2026-08-25 20:00:00,Classrooms,10.55,25.7,0.26,False
2026-08-25 21:00:00,HVAC,47.71,25.3,0.02,False
2026-08-25 21:00:00,Lighting,3.85,25.3,0.02,False
2026-08-25 21:00:00,Labs,7.37,25.3,0.02,False
2026-08-25 21:00:00,Server Room,23.77,25.3,0.02,False
2026-08-25 21:00:00,Classrooms,3.23,25.3,0.02,False
2026-08-25 22:00:00,HVAC,44.41,24.0,0.15,False
2026-08-25 22:00:00,Lighting,5.85,24.0,0.15,False
2026-08-25 22:00:00,Labs,8.53,24.0,0.15,False
2026-08-25 22:00:00,Server Room,26.06,24.0,0.15,False
2026-08-25 22:00:00,Classrooms,10.3,24.0,0.15,False
2026-08-25 23:00:00,HVAC,32.29,23.2,0.03,False
2026-08-25 23:00:00,Lighting,12.22,23.2,0.03,False
2026-08-25 23:00:00,Labs,7.57,23.2,0.03,False
2026-08-25 23:00:00,Server Room,24.5,23.2,0.03,False
2026-08-25 23:00:00,Classrooms,4.48,23.2,0.03,False
2026-08-26 00:00:00,HVAC,30.6,21.8,0.12,False
2026-08-26 00:00:00,Lighting,10.87,21.8,0.12,False
2026-08-26 00:00:00,Labs,11.32,21.8,0.12,False
2026-08-26 00:00:00,Server Room,22.28,21.8,0.12,False
2026-08-26 00:00:00,Classrooms,8.19,21.8,0.12,False
2026-08-26 01:00:00,HVAC,46.17,22.5,0.29,False
2026-08-26 01:00:00,Lighting,12.26,22.5,0.29,False
2026-08-26 01:00:00,Labs,10.21,22.5,0.29,False
2026-08-26 01:00:00,Server Room,31.24,22.5,0.29,False
2026-08-26 01:00:00,Classrooms,8.48,22.5,0.29,False
2026-08-26 02:00:00,HVAC,13.62,18.0,0.15,False
2026-08-26 02:00:00,Lighting,14.2,18.0,0.15,False
2026-08-26 02:00:00,Labs,13.08,18.0,0.15,False
2026-08-26 02:00:00,Server Room,29.02,18.0,0.15,False
2026-08-26 02:00:00,Classrooms,6.27,18.0,0.15,False
2026-08-26 03:00:00,HVAC,18.94,19.0,0.18,False
2026-08-26 03:00:00,Lighting,11.08,19.0,0.18,False
2026-08-26 03:00:00,Labs,6.67,19.0,0.18,False
2026-08-26 03:00:00,Server Room,29.73,19.0,0.18,False
2026-08-26 03:00:00,Classrooms,6.83,19.0,0.18,False
2026-08-26 04:00:00,HVAC,47.36,24.2,0.2,False
2026-08-26 04:00:00,Lighting,9.09,24.2,0.2,False
2026-08-26 04:00:00,Labs,8.31,24.2,0.2,False
2026-08-26 04:00:00,Server Room,22.97,24.2,0.2,False
2026-08-26 04:00:00,Classrooms,2.72,24.2,0.2,False
2026-08-26 05:00:00,HVAC,37.42,22.6,0.25,False
2026-08-26 05:00:00,Lighting,14.21,22.6,0.25,False
2026-08-26 05:00:00,Labs,12.01,22.6,0.25,False
2026-08-26 05:00:00,Server Room,20.37,22.6,0.25,False
2026-08-26 05:00:00,Classrooms,7.56,22.6,0.25,False
2026-08-26 06:00:00,HVAC,20.92,19.5,0.04,False
2026-08-26 06:00:00,Lighting,10.38,19.5,0.04,False
2026-08-26 06:00:00,Labs,10.96,19.5,0.04,False
2026-08-26 06:00:00,Server Room,27.06,19.5,0.04,False
2026-08-26 06:00:00,Classrooms,9.18,19.5,0.04,False
2026-08-26 07:00:00,HVAC,50.44,23.9,0.28,False
2026-08-26 07:00:00,Lighting,17.31,23.9,0.28,False
2026-08-26 07:00:00,Labs,13.67,23.9,0.28,False
2026-08-26 07:00:00,Server Room,23.31,23.9,0.28,False
2026-08-26 07:00:00,Classrooms,7.13,23.9,0.28,False
2026-08-26 08:00:00,HVAC,79.38,26.4,0.74,False
2026-08-26 08:00:00,Lighting,22.94,26.4,0.74,False
2026-08-26 08:00:00,Labs,21.51,26.4,0.74,False
2026-08-26 08:00:00,Server Room,25.41,26.4,0.74,False
2026-08-26 08:00:00,Classrooms,18.59,26.4,0.74,False
2026-08-26 09:00:00,HVAC,73.16,27.9,0.54,False
2026-08-26 09:00:00,Lighting,19.94,27.9,0.54,False
2026-08-26 09:00:00,Labs,23.98,27.9,0.54,False
2026-08-26 09:00:00,Server Room,24.01,27.9,0.54,False
2026-08-26 09:00:00,Classrooms,15.15,27.9,0.54,False
2026-08-26 10:00:00,HVAC,94.95,30.8,0.54,False
2026-08-26 10:00:00,Lighting,17.29,30.8,0.54,False
2026-08-26 10:00:00,Labs,22.26,30.8,0.54,False
2026-08-26 10:00:00,Server Room,22.76,30.8,0.54,False
2026-08-26 10:00:00,Classrooms,14.83,30.8,0.54,False
2026-08-26 11:00:00,HVAC,88.54,28.8,0.91,False
2026-08-26 11:00:00,Lighting,30.9,28.8,0.91,False
2026-08-26 11:00:00,Labs,26.3,28.8,0.91,False
2026-08-26 11:00:00,Server Room,26.9,28.8,0.91,False
2026-08-26 11:00:00,Classrooms,19.21,28.8,0.91,False
2026-08-26 12:00:00,HVAC,100.85,31.1,0.77,False
2026-08-26 12:00:00,Lighting,23.08,31.1,0.77,False
2026-08-26 12:00:00,Labs,21.66,31.1,0.77,False
2026-08-26 12:00:00,Server Room,31.13,31.1,0.77,False
2026-08-26 12:00:00,Classrooms,16.76,31.1,0.77,False
2026-08-26 13:00:00,HVAC,93.03,32.2,0.52,False
2026-08-26 13:00:00,Lighting,16.98,32.2,0.52,False
2026-08-26 13:00:00,Labs,18.31,32.2,0.52,False
2026-08-26 13:00:00,Server Room,22.09,32.2,0.52,False
2026-08-26 13:00:00,Classrooms,12.07,32.2,0.52,False
2026-08-26 14:00:00,HVAC,95.42,31.5,0.75,False
2026-08-26 14:00:00,Lighting,21.5,31.5,0.75,False
2026-08-26 14:00:00,Labs,16.03,31.5,0.75,False
2026-08-26 14:00:00,Server Room,23.53,31.5,0.75,False
2026-08-26 14:00:00,Classrooms,20.66,31.5,0.75,False
2026-08-26 15:00:00,HVAC,96.06,31.7,0.67,False
2026-08-26 15:00:00,Lighting,25.75,31.7,0.67,False
2026-08-26 15:00:00,Labs,26.01,31.7,0.67,False
2026-08-26 15:00:00,Server Room,29.15,31.7,0.67,False
2026-08-26 15:00:00,Classrooms,17.2,31.7,0.67,False
2026-08-26 16:00:00,HVAC,90.46,29.4,0.76,False
2026-08-26 16:00:00,Lighting,15.79,29.4,0.76,False
2026-08-26 16:00:00,Labs,23.58,29.4,0.76,False
2026-08-26 16:00:00,Server Room,27.5,29.4,0.76,False
2026-08-26 16:00:00,Classrooms,20.6,29.4,0.76,False
2026-08-26 17:00:00,HVAC,88.01,29.5,0.83,False
2026-08-26 17:00:00,Lighting,23.23,29.5,0.83,False
2026-08-26 17:00:00,Labs,24.15,29.5,0.83,False
2026-08-26 17:00:00,Server Room,19.28,29.5,0.83,False
2026-08-26 17:00:00,Classrooms,20.12,29.5,0.83,False
2026-08-26 18:00:00,HVAC,84.57,29.1,0.54,False
2026-08-26 18:00:00,Lighting,18.55,29.1,0.54,False
2026-08-26 18:00:00,Labs,18.71,29.1,0.54,False
2026-08-26 18:00:00,Server Room,16.88,29.1,0.54,False
2026-08-26 18:00:00,Classrooms,14.54,29.1,0.54,False
2026-08-26 19:00:00,HVAC,66.12,28.9,0.03,False
2026-08-26 19:00:00,Lighting,13.82,28.9,0.03,False
2026-08-26 19:00:00,Labs,2.36,28.9,0.03,False
2026-08-26 19:00:00,Server Room,23.09,28.9,0.03,False
2026-08-26 19:00:00,Classrooms,8.53,28.9,0.03,False
2026-08-26 20:00:00,HVAC,55.0,26.3,0.08,False
2026-08-26 20:00:00,Lighting,13.25,26.3,0.08,False
2026-08-26 20:00:00,Labs,9.06,26.3,0.08,False
2026-08-26 20:00:00,Server Room,23.12,26.3,0.08,False
2026-08-26 20:00:00,Classrooms,5.75,26.3,0.08,False
2026-08-26 21:00:00,HVAC,42.93,23.3,0.22,False
2026-08-26 21:00:00,Lighting,10.42,23.3,0.22,False
2026-08-26 21:00:00,Labs,10.4,23.3,0.22,False
2026-08-26 21:00:00,Server Room,22.08,23.3,0.22,False
2026-08-26 21:00:00,Classrooms,7.61,23.3,0.22,False
2026-08-26 22:00:00,HVAC,29.19,21.5,0.04,False
2026-08-26 22:00:00,Lighting,11.51,21.5,0.04,False
2026-08-26 22:00:00,Labs,5.01,21.5,0.04,False
2026-08-26 22:00:00,Server Room,27.16,21.5,0.04,False
2026-08-26 22:00:00,Classrooms,5.09,21.5,0.04,False
2026-08-26 23:00:00,HVAC,27.19,21.8,0.1,False
2026-08-26 23:00:00,Lighting,11.33,21.8,0.1,False
2026-08-26 23:00:00,Labs,3.77,21.8,0.1,False
2026-08-26 23:00:00,Server Room,25.7,21.8,0.1,False
2026-08-26 23:00:00,Classrooms,8.09,21.8,0.1,False
2026-08-27 00:00:00,HVAC,36.13,21.4,0.24,False
2026-08-27 00:00:00,Lighting,14.21,21.4,0.24,False
2026-08-27 00:00:00,Labs,8.14,21.4,0.24,False
2026-08-27 00:00:00,Server Room,24.29,21.4,0.24,False
2026-08-27 00:00:00,Classrooms,9.76,21.4,0.24,False
2026-08-27 01:00:00,HVAC,30.18,21.0,0.14,False
2026-08-27 01:00:00,Lighting,15.45,21.0,0.14,False
2026-08-27 01:00:00,Labs,10.01,21.0,0.14,False
2026-08-27 01:00:00,Server Room,22.3,21.0,0.14,False
2026-08-27 01:00:00,Classrooms,9.04,21.0,0.14,False
2026-08-27 02:00:00,HVAC,13.07,18.4,0.01,False
2026-08-27 02:00:00,Lighting,9.15,18.4,0.01,False
2026-08-27 02:00:00,Labs,7.8,18.4,0.01,False
2026-08-27 02:00:00,Server Room,30.7,18.4,0.01,False
2026-08-27 02:00:00,Classrooms,5.75,18.4,0.01,False
2026-08-27 03:00:00,HVAC,31.24,19.9,0.29,False
2026-08-27 03:00:00,Lighting,14.72,19.9,0.29,False
2026-08-27 03:00:00,Labs,11.8,19.9,0.29,False
2026-08-27 03:00:00,Server Room,27.34,19.9,0.29,False
2026-08-27 03:00:00,Classrooms,9.91,19.9,0.29,False
2026-08-27 04:00:00,HVAC,26.35,21.2,0.05,False
2026-08-27 04:00:00,Lighting,17.56,21.2,0.05,False
2026-08-27 04:00:00,Labs,2.9,21.2,0.05,False
2026-08-27 04:00:00,Server Room,26.85,21.2,0.05,False
2026-08-27 04:00:00,Classrooms,4.21,21.2,0.05,False
2026-08-27 05:00:00,HVAC,35.09,23.4,0.11,False
2026-08-27 05:00:00,Lighting,12.71,23.4,0.11,False
2026-08-27 05:00:00,Labs,9.39,23.4,0.11,False
2026-08-27 05:00:00,Server Room,20.65,23.4,0.11,False
2026-08-27 05:00:00,Classrooms,5.79,23.4,0.11,False
2026-08-27 06:00:00,HVAC,33.15,22.4,0.11,False
2026-08-27 06:00:00,Lighting,6.99,22.4,0.11,False
2026-08-27 06:00:00,Labs,6.48,22.4,0.11,False
2026-08-27 06:00:00,Server Room,21.91,22.4,0.11,False
2026-08-27 06:00:00,Classrooms,8.26,22.4,0.11,False
2026-08-27 07:00:00,HVAC,49.63,25.9,0.19,False
2026-08-27 07:00:00,Lighting,9.9,25.9,0.19,False
2026-08-27 07:00:00,Labs,8.34,25.9,0.19,False
2026-08-27 07:00:00,Server Room,26.35,25.9,0.19,False
2026-08-27 07:00:00,Classrooms,7.32,25.9,0.19,False
2026-08-27 08:00:00,HVAC,71.8,25.9,0.85,False
2026-08-27 08:00:00,Lighting,22.3,25.9,0.85,False
2026-08-27 08:00:00,Labs,20.97,25.9,0.85,False
2026-08-27 08:00:00,Server Room,32.93,25.9,0.85,False
2026-08-27 08:00:00,Classrooms,11.24,25.9,0.85,False
2026-08-27 09:00:00,HVAC,70.5,25.5,0.81,False
2026-08-27 09:00:00,Lighting,26.65,25.5,0.81,False
2026-08-27 09:00:00,Labs,21.65,25.5,0.81,False
2026-08-27 09:00:00,Server Room,28.48,25.5,0.81,False
2026-08-27 09:00:00,Classrooms,19.84,25.5,0.81,False
2026-08-27 10:00:00,HVAC,101.35,31.5,0.81,False
2026-08-27 10:00:00,Lighting,25.04,31.5,0.81,False
2026-08-27 10:00:00,Labs,19.49,31.5,0.81,False
2026-08-27 10:00:00,Server Room,15.7,31.5,0.81,False
2026-08-27 10:00:00,Classrooms,21.2,31.5,0.81,False
2026-08-27 11:00:00,HVAC,87.8,30.2,0.62,False
2026-08-27 11:00:00,Lighting,23.39,30.2,0.62,False
2026-08-27 11:00:00,Labs,17.04,30.2,0.62,False
2026-08-27 11:00:00,Server Room,21.47,30.2,0.62,False
2026-08-27 11:00:00,Classrooms,19.44,30.2,0.62,False
2026-08-27 12:00:00,HVAC,111.78,32.0,0.95,False
2026-08-27 12:00:00,Lighting,30.38,32.0,0.95,False
2026-08-27 12:00:00,Labs,29.86,32.0,0.95,False
2026-08-27 12:00:00,Server Room,26.7,32.0,0.95,False
2026-08-27 12:00:00,Classrooms,23.89,32.0,0.95,False
2026-08-27 13:00:00,HVAC,103.64,31.8,0.72,False
2026-08-27 13:00:00,Lighting,22.87,31.8,0.72,False
2026-08-27 13:00:00,Labs,18.94,31.8,0.72,False
2026-08-27 13:00:00,Server Room,18.93,31.8,0.72,False
2026-08-27 13:00:00,Classrooms,12.72,31.8,0.72,False
2026-08-27 14:00:00,HVAC,90.18,30.8,0.6,False
2026-08-27 14:00:00,Lighting,18.85,30.8,0.6,False
2026-08-27 14:00:00,Labs,16.58,30.8,0.6,False
2026-08-27 14:00:00,Server Room,30.71,30.8,0.6,False
2026-08-27 14:00:00,Classrooms,21.98,30.8,0.6,False
2026-08-27 15:00:00,HVAC,101.34,33.6,0.61,False
2026-08-27 15:00:00,Lighting,21.87,33.6,0.61,False
2026-08-27 15:00:00,Labs,16.73,33.6,0.61,False
2026-08-27 15:00:00,Server Room,24.0,33.6,0.61,False
2026-08-27 15:00:00,Classrooms,13.9,33.6,0.61,False
2026-08-27 16:00:00,HVAC,92.28,31.1,0.53,False
2026-08-27 16:00:00,Lighting,16.76,31.1,0.53,False
2026-08-27 16:00:00,Labs,16.61,31.1,0.53,False
2026-08-27 16:00:00,Server Room,20.22,31.1,0.53,False
2026-08-27 16:00:00,Classrooms,6.59,31.1,0.53,False
2026-08-27 17:00:00,HVAC,96.73,29.3,0.91,False
2026-08-27 17:00:00,Lighting,25.84,29.3,0.91,False
2026-08-27 17:00:00,Labs,26.53,29.3,0.91,False
2026-08-27 17:00:00,Server Room,24.49,29.3,0.91,False
2026-08-27 17:00:00,Classrooms,20.01,29.3,0.91,False
2026-08-27 18:00:00,HVAC,94.95,30.4,0.7,False
2026-08-27 18:00:00,Lighting,23.48,30.4,0.7,False
2026-08-27 18:00:00,Labs,16.22,30.4,0.7,False
2026-08-27 18:00:00,Server Room,22.09,30.4,0.7,False
2026-08-27 18:00:00,Classrooms,16.95,30.4,0.7,False
2026-08-27 19:00:00,HVAC,59.26,26.9,0.26,False
2026-08-27 19:00:00,Lighting,18.81,26.9,0.26,False
2026-08-27 19:00:00,Labs,10.08,26.9,0.26,False
2026-08-27 19:00:00,Server Room,22.82,26.9,0.26,False
2026-08-27 19:00:00,Classrooms,7.21,26.9,0.26,False
2026-08-27 20:00:00,HVAC,46.26,24.7,0.13,False
2026-08-27 20:00:00,Lighting,16.98,24.7,0.13,False
2026-08-27 20:00:00,Labs,14.35,24.7,0.13,False
2026-08-27 20:00:00,Server Room,32.16,24.7,0.13,False
2026-08-27 20:00:00,Classrooms,10.97,24.7,0.13,False
2026-08-27 21:00:00,HVAC,58.97,26.4,0.25,False
2026-08-27 21:00:00,Lighting,16.99,26.4,0.25,False
2026-08-27 21:00:00,Labs,11.55,26.4,0.25,False
2026-08-27 21:00:00,Server Room,29.38,26.4,0.25,False
2026-08-27 21:00:00,Classrooms,8.2,26.4,0.25,False
2026-08-27 22:00:00,HVAC,37.4,23.2,0.02,False
2026-08-27 22:00:00,Lighting,9.22,23.2,0.02,False
2026-08-27 22:00:00,Labs,0.28,23.2,0.02,False
2026-08-27 22:00:00,Server Room,32.38,23.2,0.02,False
2026-08-27 22:00:00,Classrooms,7.33,23.2,0.02,False
2026-08-27 23:00:00,HVAC,29.05,20.3,0.27,False
2026-08-27 23:00:00,Lighting,14.07,20.3,0.27,False
2026-08-27 23:00:00,Labs,9.38,20.3,0.27,False
2026-08-27 23:00:00,Server Room,22.89,20.3,0.27,False
2026-08-27 23:00:00,Classrooms,4.84,20.3,0.27,False
2026-08-28 00:00:00,HVAC,13.79,19.1,0.18,False
2026-08-28 00:00:00,Lighting,21.46,19.1,0.18,False
2026-08-28 00:00:00,Labs,17.03,19.1,0.18,False
2026-08-28 00:00:00,Server Room,20.98,19.1,0.18,False
2026-08-28 00:00:00,Classrooms,9.7,19.1,0.18,False
